event_id,source_type,source_path,local_id,date,summary,primary_category,secondary_categories,scope,status,explicitness,confidence,evidence_section,line_start,line_end,evidence_paraphrase,alternatives,rationale,current_docs,related_adrs,canonical_id,adr_coverage,adr_recommendation,included_in_primary_total,reviewer_notes
DEA-DEC-0001,Plan,l0/work/plans/bug-fixes/closed/2026-02-15-arc-bug-fixes-noref.md,D01,2026-02-14,Anonymous non-place ARC rvalues are materialized as scope-owned temporaries so discarded results and borrowed call arguments remain live through consumption and are then released.,Ownership and memory safety,Backend and C emission,L0 Stage 1,Retained,Embedded,High,Approach / Helper: _materialize_arc_temp,37,46,"The chosen helper emits a fresh typed temporary, registers it as owned in the current scope, and relies on scope-exit cleanup.",Leave anonymous ARC results unmanaged | Insert ad hoc immediate releases at each expression form,Scope-owned materialization gives ARC temporaries one uniform lifetime rule across discarded expressions and nested calls.,l0/docs/reference/ownership.md | l0/docs/reference/c-backend-design.md,docs/decisions/0002-arc-ownership-model.md | l0/docs/decisions/0008-arc-ownership-model.md,DEA-CANON-0001,Covered as part of a broader ADR,Covered by the ARC ownership ADRs.,Yes,
DEA-DEC-0002,Plan,l0/work/plans/bug-fixes/closed/2026-02-15-arc-bug-fixes-noref.md,D02,2026-02-14,"A borrowed ARC parameter was promoted lazily to an owned binding on its first reassignment, without releasing the caller-owned old value, and ownership was registered in the declaring function scope.",Ownership and memory safety,Backend and C emission,L0 Stage 1,Superseded,Explicit,High,Fix param reassignment of borrowed ARC values,121,130,"The plan says to skip cleanup of the borrowed old value, promote the parameter in its declaring scope, and use normal owned replacement thereafter.",Retain reassigned ARC parameters at function entry | Reject ARC parameter reassignment,Lazy promotion sought to avoid touching the caller's borrow and to pay ownership cost only once reassignment occurred.,l0/docs/reference/ownership.md,docs/decisions/0002-arc-ownership-model.md | l0/docs/decisions/0008-arc-ownership-model.md,DEA-CANON-0002,Directly covered,Historical rule is documented through the ARC ADR's related-plan chain; no separate ADR.,Yes,
DEA-DEC-0003,Plan,l0/work/plans/features/closed/2026-02-14-stage2-parser-specification-noref.md,D01,2026-02-14,"The Stage 2 parser is a behavior-preserving port whose grammar, parse structure, and equivalent diagnostic codes follow Stage 1.",Bootstrap and self-hosting,Frontend architecture | Diagnostics and recovery,L0 Stage 2,Retained,Explicit,High,Parser Porting Strategy,58,63,"The plan directs Stage 2 to keep the Stage 1 recursive-descent shape, preserve equivalent PAR codes, and remain syntax-only.",Design an independently structured Stage 2 parser | Permit Stage 2 grammar or diagnostic divergence,A mechanical oracle relationship reduces bootstrap divergence and makes Stage 1 behavior the reviewable reference.,l0/docs/reference/architecture.md | l0/docs/specs/compiler/stage1-contract.md | l0/docs/specs/compiler/stage2-contract.md,docs/decisions/0001-two-stage-architecture.md,DEA-CANON-0003,Directly covered,Covered by the Dea-wide two-stage architecture ADR.,Yes,
DEA-DEC-0004,Plan,l0/work/plans/features/closed/2026-02-14-stage2-parser-specification-noref.md,D02,2026-02-14,"Stage 2 uses a hybrid AST: declaration/shared metadata is pointer-owned, while expressions, statements, and patterns are arena-backed and connected by integer IDs.",Frontend architecture,Ownership and memory safety,L0 Stage 2,Retained,Explicit,High,Chosen AST Storage Model: Hybrid Arena,28,40,The plan explicitly selects pointer-owned metadata plus arena-backed high-volume graph nodes addressed by stable integer handles.,Fully pointer-linked AST | Fully arena-backed AST including declaration metadata,The split keeps dense parse graphs contiguous and ownership-safe while leaving declaration metadata easy to construct and manipulate.,l0/docs/reference/architecture.md,,DEA-CANON-0004,Not covered,Candidate P1 ADR: Stage 2 arena-backed AST and ownership model.,Yes,
DEA-DEC-0005,Plan,l0/work/plans/features/closed/2026-02-14-stage2-parser-specification-noref.md,D03,2026-02-14,The parser is a syntax-only phase; semantic and type-checking logic stays outside it.,Frontend architecture,Semantic analysis,L0 Stage 2,Retained,Explicit,High,Parser Porting Strategy,58,63,The porting policy explicitly excludes semantic and type-checking logic from the parser.,Perform name or type resolution during parsing,A syntax-only parser preserves explicit compiler phase boundaries and avoids semantic coupling in recovery paths.,l0/docs/reference/architecture.md,,DEA-CANON-0005,ADR not warranted,Stable architecture documentation is sufficient for this conventional phase boundary.,Yes,
DEA-DEC-0006,Plan,l0/work/plans/features/closed/2026-02-14-stage2-parser-specification-noref.md,D04,2026-02-14,"A Stage 2 ParseResult owns its module and AST arenas, and the caller releases the aggregate with parse_result_free.",Frontend architecture,Ownership and memory safety,L0 Stage 2,Retained,Explicit,High,Memory Lifecycle Plan,111,123,The plan defines parser-returned ownership of the module and arenas and one aggregate caller-side free operation.,Caller-owned individual AST allocations | Parser-global lifetime with no explicit result cleanup,Aggregate ownership gives later passes stable AST handles and one deterministic cleanup boundary.,l0/docs/reference/architecture.md,,DEA-CANON-0006,ADR not warranted,Document as an internal parser API contract; a standalone ADR is not necessary.,Yes,
DEA-DEC-0007,Plan,l0/work/plans/tools/closed/2026-02-16-trace-log-analyzer.md,D01,2026-02-14,Trace analysis fails only for definite runtime faults; suspicious or compatibility heuristics remain warnings.,Diagnostics and recovery,Runtime | Repository and process architecture,L0 Stage 2,Retained,Explicit,High,Assumptions and Defaults,94,102,"The failure policy is explicitly definite-issues-only, while suspicious cases are non-fatal warnings.",Fail on every suspicious trace pattern | Never fail and report findings only,The checker can act as a CI gate without turning uncertain heuristics into false failures.,l0/docs/specs/runtime/trace.md,,DEA-CANON-0007,ADR not warranted,Keep this policy in the tool and trace documentation; no ADR is needed.,Yes,
DEA-DEC-0008,Plan,l0/work/plans/bug-fixes/closed/2026-02-17-missing-cleanup-when-try-fails-in-with-noref.md,D01,2026-02-17,"Inline `with` cleanup is registered after each successful header item, so a later `?` short-circuit runs only prior completed cleanups in LIFO order.",Language semantics,Ownership and memory safety | Backend and C emission,L0,Retained,Explicit,High,Incremental inline cleanup registration,47,55,"Header items are emitted in order and each successful item's cleanup is prepended immediately, preserving LIFO behavior on later short-circuit.",Register all cleanups before any header initialization | Skip all cleanup when a header initializer short-circuits,"Only resources actually acquired before the failure may be cleaned, and cleanup order must reverse acquisition order.",l0/docs/reference/grammar.md | l0/docs/reference/ownership.md,l0/docs/decisions/0010-with-statement-cleanup.md,DEA-CANON-0008,Directly covered,Covered by the `with` cleanup ADR.,Yes,
DEA-DEC-0009,Plan,l0/work/plans/bug-fixes/closed/2026-02-17-missing-cleanup-when-try-fails-in-with-noref.md,D02,2026-02-17,A cleanup block may not reference a non-nullable `with` header binding that can be uninitialized on a `?` header-failure path.,Type system,Language semantics | Diagnostics and recovery,L0,Retained,Explicit,High,Type safety guard for cleanup-block references,67,74,The type checker marks affected header lets as maybe-uninitialized and rejects cleanup references to non-nullable ones with TYP-0156.,Permit the reference and synthesize a hidden sentinel | Ban all cleanup references when any header can short-circuit,The rule preserves non-nullability without unnecessarily rejecting safely nullable or unrelated cleanup bindings.,l0/docs/reference/grammar.md | docs/specs/compiler/diagnostic-code-catalog.md,l0/docs/decisions/0010-with-statement-cleanup.md,DEA-CANON-0009,Covered as part of a broader ADR,The broader `with` ADR plus normative grammar and diagnostic catalog are sufficient.,Yes,
DEA-DEC-0010,Plan,l0/work/plans/refactors/closed/2026-02-18-stage2-parser-module-split.md,D01,2026-02-18,"`module parser` remains the sole stable public import facade while expression, statement, declaration, and shared parser internals live in private submodules.",Frontend architecture,,L0 Stage 2,Retained,Explicit,High,Summary,16,20,The refactor preserves the external `import parser` contract exactly and moves internals behind parser submodules.,Expose each parser submodule to callers | Keep the parser monolithic,A facade preserves callers while allowing internal decomposition without import cycles or API churn.,l0/docs/reference/architecture.md,,DEA-CANON-0010,ADR not warranted,An internal module-facade contract does not require a standalone ADR.,Yes,
DEA-DEC-0011,Plan,l0/work/plans/refactors/closed/2026-02-18-stage2-parser-module-split.md,D02,2026-02-18,The Stage 2 parser's public result API exposed a single ParseError/ParseErrorState alongside ParseResult.,Frontend architecture,Diagnostics and recovery,L0 Stage 2,Superseded,Explicit,High,Public API and Type Interface,30,48,"The preserved public facade explicitly includes ParseError, ParseErrorState, ParseResult, and conversion from private single-error state.",Expose only a diagnostic collection | Raise or abort on the first parse error,At that point the stable facade mirrored the existing single-error parser result while internals were split.,l0/docs/reference/architecture.md,,DEA-CANON-0011,ADR not warranted,Historical internal API; the later diagnostics-only result requires no separate ADR beyond the plan chain.,Yes,
DEA-DEC-0012,Plan,l0/work/plans/refactors/closed/2026-02-19-l0c-cli-global-mode-flags.md,D01,2026-02-19,Compiler operating modes are selected by global flags rather than subcommand words.,CLI and distribution,,L0 Stage 1,Retained,Explicit,High,Summary,17,21,The plan replaces run/build/gen/check and dump command words with global mode flags.,Retain argparse subcommands | Support both forms as equally canonical,Global mode flags allow all options to share one consistent parser surface.,docs/specs/compiler/cli-contract.md | l0/docs/specs/compiler/cli-contract.md,docs/decisions/0003-shared-cli-contract.md,DEA-CANON-0012,Directly covered,Covered by the shared CLI ADR.,Yes,
DEA-DEC-0013,Plan,l0/work/plans/refactors/closed/2026-02-19-l0c-cli-global-mode-flags.md,D02,2026-02-19,`--build` is the compiler's default mode when no primary mode flag is supplied.,CLI and distribution,,L0 Stage 1,Retained,Explicit,High,Summary,23,23,The plan explicitly selects build as the omitted-mode default.,Default to `--check` | Require an explicit mode,Build preserves the compiler-driver default expected for ordinary invocations.,docs/specs/compiler/cli-contract.md | l0/docs/specs/compiler/cli-contract.md,docs/decisions/0003-shared-cli-contract.md,DEA-CANON-0013,Directly covered,Covered by the shared CLI ADR.,Yes,
DEA-DEC-0014,Plan,l0/work/plans/refactors/closed/2026-02-19-l0c-cli-global-mode-flags.md,D03,2026-02-19,Stage 1 initially retained a compatibility shim that rewrote the first recognized legacy command word into a mode flag.,CLI and distribution,,L0 Stage 1,Superseded,Explicit,High,Summary,25,25,The plan explicitly keeps a simple command-word-to-mode-flag compatibility rewrite.,Make the mode-flag migration a hard cut | Keep subcommands as the primary syntax,The shim reduced immediate migration cost while establishing mode flags as canonical.,l0/docs/specs/compiler/cli-contract.md,docs/decisions/0003-shared-cli-contract.md,DEA-CANON-0014,Directly covered,The current flags-only contract supersedes this historical compatibility choice.,Yes,
DEA-DEC-0015,Plan,l0/work/plans/refactors/closed/2026-02-19-l0c-cli-global-mode-flags.md,D04,2026-02-19,"Runtime arguments for `--run` must follow a `--` separator, and the separator is invalid outside run mode.",CLI and distribution,,L0,Retained,Explicit,High,Public CLI Interface,31,40,The public interface reserves `--` for run-program arguments and rejects incompatible mode/flag combinations.,Treat every positional token after the target as a runtime argument | Use a dedicated repeated runtime-argument option,The separator unambiguously divides compiler options from child-program arguments.,docs/specs/compiler/cli-contract.md | l0/docs/specs/compiler/cli-contract.md,docs/decisions/0003-shared-cli-contract.md,DEA-CANON-0015,Directly covered,Covered by the shared CLI ADR.,Yes,
DEA-DEC-0016,Plan,l0/work/plans/refactors/closed/2026-02-19-l0c-cli-global-mode-flags.md,D05,2026-02-19,A compiler invocation accepts exactly one source target; multi-target execution remains outside the current contract.,CLI and distribution,,L0,Retained,Explicit,High,Summary,27,27,"The parser may store a target list for future work, but execution rejects more than one target.",Support multiple independent targets | Support a target plus dependency targets,"Single-target semantics avoid defining output naming, partial failure, and ordering behavior prematurely.",docs/specs/compiler/cli-contract.md | l0/docs/specs/compiler/cli-contract.md,docs/decisions/0003-shared-cli-contract.md,DEA-CANON-0016,Directly covered,Covered by the shared CLI ADR.,Yes,
DEA-DEC-0017,Plan,l0/work/plans/refactors/closed/2026-02-19-l0c-cli-global-mode-flags.md,D06,2026-02-19,The initial short-option allocation kept `-I` for `--runtime-include`.,CLI and distribution,,L0,Superseded,Explicit,High,Public CLI Interface,37,38,The plan resolves the short-flag conflict by assigning `-I` to runtime include.,Reserve `-I` for conventional interface/import search | Make runtime include long-only,The choice preserved the then-existing L0 runtime-include spelling.,docs/specs/compiler/cli-contract.md | l0/docs/specs/compiler/cli-contract.md,docs/decisions/0003-shared-cli-contract.md,DEA-CANON-0017,Directly covered,The current CLI ADR supersedes this with `-I` for interface paths and `-Ri` for runtime includes.,Yes,
DEA-DEC-0018,Plan,l0/work/plans/refactors/closed/2026-02-19-l0c-cli-global-mode-flags.md,D07,2026-02-19,`--include-eof` is a long-only token-dump option.,CLI and distribution,,L0,Retained,Explicit,High,Public CLI Interface,37,38,The conflict-resolution item explicitly leaves include-eof without a short spelling.,Assign a short spelling to include-eof,The narrow developer option does not consume scarce conventional short-option space.,docs/specs/compiler/cli-contract.md | l0/docs/specs/compiler/cli-contract.md,docs/decisions/0003-shared-cli-contract.md,DEA-CANON-0018,Covered as part of a broader ADR,Covered by the shared CLI contract and ADR.,Yes,
DEA-DEC-0019,Plan,l0/work/plans/refactors/closed/2026-02-19-l0c-cli-global-mode-flags.md,D08,2026-02-19,Mode-scoped options are validated as fatal CLI errors when used with incompatible modes.,CLI and distribution,Diagnostics and recovery,L0,Retained,Explicit,High,Public CLI Interface,39,40,The plan requires explicit parser errors for options used outside their allowed modes.,Silently ignore incompatible options | Accept every option globally and defer failure,Early validation gives deterministic behavior and prevents flags from being silently ineffective.,docs/specs/compiler/cli-contract.md | l0/docs/specs/compiler/cli-contract.md,docs/decisions/0003-shared-cli-contract.md,DEA-CANON-0019,Directly covered,Covered by the shared CLI ADR.,Yes,
DEA-DEC-0020,Plan,l0/work/plans/refactors/closed/2026-02-19-l0c-cli-global-mode-flags.md,D09,2026-02-19,"With `--run --keep-c`, generated C is retained as `./a.c` by default or as `<output>.c` when `-o` is supplied, while the executable remains temporary.",CLI and distribution,Backend and C emission,L0 Stage 1,Retained,Explicit,High,Public CLI Interface,41,42,The plan fixes the retained-C artifact path for run mode and distinguishes it from the temporary executable.,Retain C beside a temporary executable | Require an explicit C output path,The rule makes `--keep-c` deterministic and aligns run-mode C artifacts with build-mode naming.,l0/docs/specs/compiler/stage1-contract.md | l0/docs/specs/compiler/cli-contract.md,docs/decisions/0003-shared-cli-contract.md,DEA-CANON-0020,Covered as part of a broader ADR,Covered by the shared CLI contract; no separate ADR.,Yes,
DEA-DEC-0021,Plan,l0/work/plans/features/closed/2026-02-24-stage2-driver-l0c-port-syntax-plumbing-noref.md,D01,2026-02-24,The Stage 2 CLI accepts mode flags only and deliberately omits the Stage 1 legacy command-word rewrite shim.,CLI and distribution,Bootstrap and self-hosting,L0 Stage 2,Retained,Explicit,High,Locked Decisions For This Plan,46,58,The first locked decision makes Stage 2 flags-only and expressly rejects a legacy command-word shim.,Port the Stage 1 compatibility shim mechanically | Accept command words as aliases,A new self-hosted CLI did not need to reproduce transitional compatibility syntax.,l0/docs/specs/compiler/cli-contract.md,docs/decisions/0003-shared-cli-contract.md,DEA-CANON-0012,Directly covered,Covered by the current flags-only shared CLI contract.,Yes,
DEA-DEC-0022,Plan,l0/work/plans/refactors/closed/2026-02-24-stage-independent-shared-assets-layout-noref.md,D01,2026-02-24,"The L0 stdlib and C runtime are stage-independent assets under `compiler/shared`, consumed by both Stage 1 and Stage 2.",Repository and process architecture,Standard library | Runtime,L0,Retained,Explicit,High,Summary,19,30,The plan moves stdlib/runtime assets out of Stage 1 ownership into a shared compiler directory for both stages.,Keep Stage 1 as the physical owner and let Stage 2 reference it | Duplicate assets per compiler stage,Stage-independent placement makes the runtime and standard library part of the language level rather than one bootstrap implementation.,l0/docs/reference/architecture.md | l0/docs/reference/standard-library.md,docs/decisions/0004-monorepo-directory-structure.md,DEA-CANON-0021,Partially covered,Candidate P1 ADR: stage-independent level assets and compiler-home layout.,Yes,
DEA-DEC-0023,Plan,l0/work/plans/refactors/closed/2026-02-24-stage-independent-shared-assets-layout-noref.md,D02,2026-02-24,"`L0_HOME` denotes the compiler root, from which the default stdlib and runtime include paths are derived under `shared/`.",CLI and distribution,Repository and process architecture,L0,Retained,Explicit,High,Summary,25,29,The plan defines compiler root as canonical L0_HOME and derives L0_SYSTEM and L0_RUNTIME_INCLUDE from its shared subdirectories.,Define L0_HOME as the Stage 1 implementation root | Require every asset path to be configured independently,"One stable compiler-home base supports source-tree, bootstrap, and installed layouts without stage coupling.",docs/specs/compiler/cli-contract.md | l0/docs/specs/compiler/cli-contract.md,docs/decisions/0003-shared-cli-contract.md,DEA-CANON-0022,Covered as part of a broader ADR,Covered by the shared CLI/environment contract.,Yes,
DEA-DEC-0024,Plan,l0/work/plans/refactors/closed/2026-02-24-stage2-lexer-parser-diag-unification.md,D01,2026-02-24,Stage 2 lexer and parser diagnostics use the common `util.diag` Diagnostic/DiagCollector representation.,Diagnostics and recovery,Frontend architecture,L0 Stage 2,Retained,Explicit,High,Summary,17,27,The plan unifies both frontend phases on util.diag and replaces phase-specific error-state representations.,Keep distinct lexer and parser error types | Convert only at the driver boundary,"A common representation supports aggregation, rendering, and ownership through the compiler pipeline.",l0/docs/reference/architecture.md | docs/specs/compiler/diagnostic-code-catalog.md,,DEA-CANON-0023,ADR not warranted,A conventional internal diagnostic data contract is adequately documented in architecture/spec files.,Yes,
DEA-DEC-0025,Plan,l0/work/plans/refactors/closed/2026-02-24-stage2-lexer-parser-diag-unification.md,D02,2026-02-24,The Stage 2 lexer remained fail-fast at the first lexer error even after adopting Diagnostic records.,Diagnostics and recovery,Frontend architecture,L0 Stage 2,Superseded,Explicit,High,Summary,19,24,The plan explicitly keeps fail-fast lexer control flow while changing the error representation.,Recover lexing and emit multiple lexer errors | Encode recoverable lexer failures as parser-visible tokens,The refactor initially limited behavior change while unifying the diagnostic API.,l0/docs/reference/architecture.md | l0/docs/specs/compiler/stage1-contract.md,docs/decisions/0009-logical-lexer-error-recovery-tokens-and-codepoint-columns.md,DEA-CANON-0024,Directly covered,Historical policy is superseded by the logical lexer-error recovery ADR.,Yes,
DEA-DEC-0026,Plan,l0/work/plans/refactors/closed/2026-02-24-stage2-lexer-parser-diag-unification.md,D03,2026-02-24,"The Stage 2 parser public result is diagnostics-only, with a collector and helper queries instead of a public single-error enum.",Frontend architecture,Diagnostics and recovery,L0 Stage 2,Retained,Explicit,High,Public API and Type Interface,29,38,ParseResult gains a DiagCollector and public count/error helpers while ParseError and ParseErrorState are removed.,Preserve a single public ParseErrorState | Expose exceptions or abort on parse failure,A collection-based result permits multi-error parsing without a second competing public error state.,l0/docs/reference/architecture.md,,DEA-CANON-0011,ADR not warranted,Keep as a stable parser API contract; no standalone ADR is necessary.,Yes,
DEA-DEC-0027,Plan,l0/work/plans/refactors/closed/2026-02-24-stage2-lexer-parser-diag-unification.md,D04,2026-02-24,"Parser recovery was initially limited to synchronization between top-level declarations, with no statement-level recovery.",Diagnostics and recovery,Frontend architecture,L0 Stage 2,Superseded,Explicit,High,Recovery Scope,52,58,The plan chooses top-level synchronization only and explicitly excludes deep statement-level recovery.,Add statement/block recovery in the same change | Remain fully fail-fast after the first parser error,A narrow recovery boundary reduced semantic drift while enabling multiple top-level diagnostics.,l0/docs/reference/architecture.md,,DEA-CANON-0025,ADR not warranted,Historical recovery limit was broadened by later parser-recovery plans; no ADR needed.,Yes,
DEA-DEC-0028,Plan,l0/work/plans/refactors/closed/2026-02-24-stage2-lexer-parser-diag-unification.md,D05,2026-02-24,Source-entry parsing initially copied lexer diagnostics directly into the ParseResult diagnostic collector.,Diagnostics and recovery,Frontend architecture,L0 Stage 2,Superseded,Explicit,High,Internal Design Changes,45,51,The lex-to-parse path is directed to propagate the lexer's collector entries into the parse result.,Keep lexer diagnostics separate at the driver | Carry recoverable lexer errors through parser-visible wrapper tokens,Direct propagation gave callers one result surface before logical recovery tokens existed.,l0/docs/reference/architecture.md | l0/docs/specs/compiler/stage1-contract.md,docs/decisions/0009-logical-lexer-error-recovery-tokens-and-codepoint-columns.md,DEA-CANON-0026,Directly covered,Superseded by the logical lexer-error wrapper-token ADR.,Yes,
DEA-DEC-0029,Plan,l0/work/plans/refactors/closed/2026-02-24-stage2-util-stdlib-lift.md,D01,2026-02-24,Reusable containers and text infrastructure are public flat `std.*` modules shared by both L0 compiler stages rather than Stage 2-private `util.*` modules.,Standard library,Repository and process architecture,L0,Retained,Explicit,High,Public API and Type Interface,30,38,The plan adds flat std.array/vector/hashmap/hashset/linear_map/text modules and hard-cuts Stage 2 to those public modules.,Keep compiler-private utility modules | Use a nested `std.collections.*` namespace,General-purpose structures belong to the language-level stdlib and can serve both the bootstrap and self-hosted compilers.,l0/docs/reference/standard-library.md,l0/docs/decisions/0015-stdlib-module-boundaries.md,DEA-CANON-0027,Covered as part of a broader ADR,Covered by the stdlib module-boundary ADR.,Yes,
DEA-DEC-0030,Plan,l0/work/plans/refactors/closed/2026-02-24-stage2-util-stdlib-lift.md,D02,2026-02-24,Compiler-specific diagnostic infrastructure remains private to Stage 2 as `util.diag` and is not promoted to `std.diag`.,Standard library,Diagnostics and recovery | Frontend architecture,L0 Stage 2,Retained,Explicit,High,Public API and Type Interface,30,38,The plan explicitly adds no std.diag module while lifting reusable data structures and text helpers.,Expose diagnostics as a general stdlib module | Move diagnostics into another public support namespace,The diagnostic model is compiler-specific rather than a general L0 program API.,l0/docs/reference/architecture.md | l0/docs/reference/standard-library.md,l0/docs/decisions/0015-stdlib-module-boundaries.md,DEA-CANON-0028,Covered as part of a broader ADR,The stdlib boundary ADR is sufficient.,Yes,
DEA-DEC-0031,Plan,l0/work/plans/refactors/closed/2026-02-24-stage2-util-stdlib-lift.md,D03,2026-02-24,"The L0 stdlib dependency graph must remain acyclic, specifically avoiding mutual imports between `std.string` and `std.text`.",Standard library,Repository and process architecture,L0,Retained,Explicit,High,Dependency Constraints,40,45,The plan requires an acyclic final graph and forbids forcing a std.string/std.text import cycle.,Permit mutually recursive stdlib modules | Break cycles through compiler-specific import exceptions,Acyclic stdlib modules keep bootstrap loading deterministic and avoid special module-cycle semantics.,l0/docs/reference/standard-library.md,l0/docs/decisions/0015-stdlib-module-boundaries.md,DEA-CANON-0029,Covered as part of a broader ADR,Treat as a consequence of the stdlib module-boundary ADR.,Yes,
DEA-DEC-0032,Plan,l0/work/plans/refactors/closed/2026-02-24-stage2-util-stdlib-lift.md,D04,2026-02-24,"String construction, case conversion, repetition, reversal, and integer formatting helpers remain in `std.text` rather than moving to `std.string`.",Standard library,,L0,Retained,Explicit,High,Summary,18,28,"The plan expressly keeps concat, case, repeat, reverse, and integer-formatting helpers in std.text.",Move all string-returning helpers into `std.string` | Split formatting into a separate module,Keeping higher-level text assembly and formatting together preserves the acyclic low-level string/text boundary.,l0/docs/reference/standard-library.md,l0/docs/decisions/0015-stdlib-module-boundaries.md,DEA-CANON-0030,Directly covered,Covered by the stdlib module-boundary ADR.,Yes,
DEA-DEC-0033,Plan,l0/work/plans/bug-fixes/closed/2026-02-25-arc-opt-as-string-unwrap-ownership-noref.md,D01,2026-02-25,Unwrapping a place-owned `string?` with `opt as string` is non-consuming: the optional remains valid and the value is ownership-stabilized only when it crosses a real ownership boundary.,Ownership and memory safety,Language semantics | Backend and C emission,L0,Retained,Explicit,High,Assumptions and Defaults,141,145,"The plan states that unwrap is not move-out, does not invalidate the optional, and should gain ownership only at actual ownership boundaries rather than through blanket retains.",Treat unwrap as a move that consumes the optional | Retain every unwrap result immediately,Non-consuming value semantics preserve the source optional while avoiding both dangling aliases and unnecessary retains.,l0/docs/reference/ownership.md,docs/decisions/0002-arc-ownership-model.md | l0/docs/decisions/0007-nullability-and-casts.md | l0/docs/decisions/0008-arc-ownership-model.md,DEA-CANON-0031,Covered as part of a broader ADR,Covered by the ARC and nullability ADRs plus the normative ownership section.,Yes,
DEA-DEC-0034,Plan,l0/work/plans/bug-fixes/closed/2026-02-25-stdio-stale-errno-io-wrappers-noref.md,D01,2026-02-25,"L0 I/O wrappers classify success and failure solely from each runtime call's direct return value, never from ambient `errno`.",Standard library,Runtime,L0,Retained,Explicit,High,Patch std.io wrappers,45,53,"Each affected wrapper's failure rule is defined by null, false, or -1 from the called runtime function, with errno removed from classification.",Require both a failure return and nonzero errno | Clear and inspect errno around every wrapper call,Process-global errno can be stale; the called function's explicit return channel is the only operation-specific evidence.,l0/docs/reference/standard-library.md,l0/docs/decisions/0015-stdlib-module-boundaries.md,DEA-CANON-0032,ADR not warranted,"A narrow, obvious error-channel correction is fully represented in stable stdlib documentation.",Yes,
DEA-DEC-0035,Plan,l0/work/plans/bug-fixes/closed/2026-02-27-stage1-backend-mixed-int-byte-binary-ice-1014-noref.md,D01,2026-02-27,Mixed `int`/`byte` relational and equality expressions remain valid numeric operations; the backend must lower them rather than reject them as a type mismatch.,Type system,Backend and C emission | Language semantics,L0,Retained,Embedded,Medium,Scope of This Fix,45,50,The plan deliberately keeps the type checker's mixed numeric semantics unchanged and aligns backend comparison/equality lowering with them.,Tighten the type checker to require equal operand types | Require explicit casts between int and byte,"The two fixed-width integer types are intentionally compatible in numeric contexts, and backend rejection would contradict accepted source semantics.",l0/docs/reference/design-decisions.md,l0/docs/decisions/0003-integer-model.md | l0/docs/decisions/0013-comparison-operator-scope.md,DEA-CANON-0033,Partially covered,"Candidate P1 ADR: numeric compatibility, result types, and promotion rules for `int` and `byte`.",Yes,
DEA-DEC-0036,Plan,l0/work/plans/bug-fixes/closed/2026-02-27-with-cleanup-drop-false-positive-noref.md,D01,2026-02-27,Bindings declared in a `with` header remain in scope throughout all inline and block cleanup clauses.,Language semantics,Type system | Ownership and memory safety,L0,Retained,Embedded,Medium,Assumptions,79,83,The plan states that header variables remain scoped for the duration of every cleanup clause.,Scope each binding only to its own cleanup | Expose header bindings to the body but not cleanup clauses,"Cleanup must be able to release or inspect resources acquired in the header, including during LIFO unwinding.",l0/docs/reference/grammar.md | l0/docs/reference/ownership.md,l0/docs/decisions/0010-with-statement-cleanup.md,DEA-CANON-0034,Covered as part of a broader ADR,Clarify explicitly in the existing `with` ADR or normative grammar; no new ADR.,Yes,
DEA-DEC-0037,Plan,l0/work/plans/features/closed/2026-02-27-stdlib-string-conversions-noref.md,D01,2026-02-27,"Parsing and formatting conversions live in `std.text`, while low-level character, byte, and raw string helpers remain in `std.string`.",Standard library,,L0,Retained,Explicit,High,Behavior and Design Decisions,54,64,The plan explicitly assigns conversion/parsing APIs to std.text and low-level byte/string character helpers to std.string.,Keep integer parsing in `std.string` | Place conversions in per-type modules,The split distinguishes raw byte-string operations from textual representation and parsing.,l0/docs/reference/standard-library.md,l0/docs/decisions/0015-stdlib-module-boundaries.md,DEA-CANON-0030,Directly covered,Covered by the stdlib module-boundary ADR.,Yes,
DEA-DEC-0038,Plan,l0/work/plans/features/closed/2026-02-27-stdlib-string-conversions-noref.md,D02,2026-02-27,The canonical boolean text representation is lowercase `true`/`false`; parsing is case-sensitive and returns null for every other spelling.,Standard library,Language semantics,L0,Retained,Explicit,High,Behavior and Design Decisions,58,60,The plan accepts exactly lowercase true and false and specifies null for other input.,Case-insensitive parsing | Accept numeric or abbreviated boolean spellings | Panic on invalid text,One strict representation avoids locale and synonym ambiguity while using optionals for parse failure.,l0/docs/reference/standard-library.md,,DEA-CANON-0035,ADR not warranted,Narrow public helper semantics are adequately normative in the stdlib reference.,Yes,
DEA-DEC-0039,Plan,l0/work/plans/features/closed/2026-02-27-stdlib-string-conversions-noref.md,D03,2026-02-27,"`std.string::byte_to_s` remains a one-character byte conversion, while numeric byte formatting and parsing use distinct explicit `std.text` APIs.",Standard library,,L0,Retained,Explicit,High,Behavior and Design Decisions,61,62,The plan preserves character-byte conversion and separates it from numeric byte conversion by name and module.,Make byte_to_s format a decimal number | Overload one conversion name by context,A byte can denote either a character code unit or a number; distinct APIs prevent contextual ambiguity.,l0/docs/reference/standard-library.md,l0/docs/decisions/0015-stdlib-module-boundaries.md,DEA-CANON-0036,Covered as part of a broader ADR,The stdlib boundary ADR plus API reference is sufficient.,Yes,
DEA-DEC-0040,Plan,l0/work/plans/features/closed/2026-02-27-stdlib-string-conversions-noref.md,D04,2026-02-27,Numeric byte parsing validates the inclusive range 0 through 255 and returns null for invalid or out-of-range input rather than wrapping or saturating.,Standard library,Language semantics,L0,Retained,Explicit,High,Behavior and Design Decisions,63,64,"The parser reuses integer parsing, applies an explicit 0..255 range check, and returns null on failure.",Wrap modulo 256 | Saturate to the nearest byte value | Panic on invalid input,Optional failure preserves the byte range invariant without silent numeric distortion.,l0/docs/reference/standard-library.md,l0/docs/decisions/0003-integer-model.md,DEA-CANON-0037,Covered as part of a broader ADR,The fixed-width integer ADR and stdlib API reference are sufficient.,Yes,
DEA-DEC-0041,Plan,l0/work/plans/features/closed/2026-02-27-stdlib-string-conversions-noref.md,D05,2026-02-27,Base-aware integer and byte text conversions support bases 2 through 16; invalid bases or invalid/overflowing parse input do not produce wrapped values.,Standard library,Language semantics,L0,Retained,Explicit,High,Assumptions and Defaults,116,120,The plan fixes the supported base interval at 2..16 and rejects invalid or out-of-range byte text with null.,"Support bases through 36 | Support only binary, decimal, and hexadecimal | Wrap on integer overflow",The restricted base alphabet matches the existing ASCII digit helpers and keeps bootstrap parsing small and deterministic.,l0/docs/reference/standard-library.md,l0/docs/decisions/0003-integer-model.md,DEA-CANON-0038,Covered as part of a broader ADR,Stable stdlib docs plus the integer ADR are sufficient.,Yes,
DEA-DEC-0042,Plan,l0/work/plans/features/closed/2026-02-27-stdlib-string-text-split-helpers-noref.md,D01,2026-02-27,"`split_s` accepts a string separator and preserves empty tokens between, before, or after matches.",Standard library,,L0,Retained,Explicit,High,Behavior and Design Decisions,51,54,The plan selects string separators and keep-empty split semantics.,Split on one byte only | Drop empty tokens by default,String separators support compiler/text workloads and preserving empties avoids information loss.,l0/docs/reference/standard-library.md,,DEA-CANON-0039,ADR not warranted,Narrow stdlib helper semantics are fully represented in the API reference.,Yes,
DEA-DEC-0043,Plan,l0/work/plans/features/closed/2026-02-27-stdlib-string-text-split-helpers-noref.md,D02,2026-02-27,Calling `split_s` with an empty separator is a runtime assertion failure.,Standard library,Runtime,L0,Retained,Explicit,High,Behavior and Design Decisions,53,54,The plan rejects an empty separator with a fixed assertion message.,Split into individual bytes | Return the whole input unchanged | Return an optional failure,"An empty substring has infinitely many match positions, so rejecting it avoids arbitrary semantics.",l0/docs/reference/standard-library.md,,DEA-CANON-0040,ADR not warranted,Keep in the stdlib API contract; no ADR.,Yes,
DEA-DEC-0044,Plan,l0/work/plans/features/closed/2026-02-27-stdlib-string-text-split-helpers-noref.md,D03,2026-02-27,"`lines_s` uses LF as the line delimiter and strips one trailing CR from each resulting line, normalizing CRLF input.",Standard library,Portability,L0,Retained,Explicit,High,Behavior and Design Decisions,55,59,The selected line splitting policy is LF-based with per-line trailing CR removal.,Preserve CR bytes | Recognize CR as an independent line delimiter,The policy gives the same logical lines for Unix LF and Windows CRLF text.,l0/docs/reference/standard-library.md,,DEA-CANON-0041,ADR not warranted,Narrow portable text-helper behavior belongs in the stdlib reference.,Yes,
DEA-DEC-0045,Plan,l0/work/plans/features/closed/2026-02-27-stdlib-string-text-split-helpers-noref.md,D04,2026-02-27,"`lines_s` maps an empty input string to an empty vector, not a vector containing one empty line.",Standard library,,L0,Retained,Explicit,High,Behavior and Design Decisions,55,59,The plan explicitly specifies zero lines for empty input.,Return one empty line,No input characters and no line terminator represent no lines in this API.,l0/docs/reference/standard-library.md,,DEA-CANON-0042,ADR not warranted,Narrow helper behavior; no ADR.,Yes,
DEA-DEC-0046,Plan,l0/work/plans/features/closed/2026-02-27-stdlib-string-text-split-helpers-noref.md,D05,2026-02-27,A trailing final LF does not create an additional empty element in `lines_s`.,Standard library,,L0,Retained,Explicit,High,Behavior and Design Decisions,55,59,The plan explicitly suppresses a final empty line caused solely by a terminal newline.,Preserve a terminal empty line,The API treats a terminal newline as line termination rather than the start of another logical line.,l0/docs/reference/standard-library.md,,DEA-CANON-0043,ADR not warranted,Narrow helper behavior; no ADR.,Yes,
DEA-DEC-0047,Plan,l0/work/plans/features/closed/2026-02-27-stdlib-string-text-split-helpers-noref.md,D06,2026-02-27,`replace_s` performs global non-overlapping replacement from left to right.,Standard library,,L0,Retained,Explicit,High,Behavior and Design Decisions,61,61,The replacement order and non-overlap rule are explicitly fixed.,Allow overlapping matches | Replace only the first match | Choose right-to-left matches,Left-to-right non-overlap is deterministic and matches conventional string replacement behavior.,l0/docs/reference/standard-library.md,,DEA-CANON-0044,ADR not warranted,Narrow helper behavior; no ADR.,Yes,
DEA-DEC-0048,Plan,l0/work/plans/features/closed/2026-02-27-stdlib-string-text-split-helpers-noref.md,D07,2026-02-27,Calling `replace_s` with an empty old pattern is a runtime assertion failure.,Standard library,Runtime,L0,Retained,Explicit,High,Behavior and Design Decisions,62,62,The plan rejects an empty old pattern with a fixed assertion message.,Insert replacement at every boundary | Return the original string | Return an optional failure,Rejecting an empty pattern avoids ambiguous unbounded match-position semantics.,l0/docs/reference/standard-library.md,,DEA-CANON-0045,ADR not warranted,Narrow helper behavior; no ADR.,Yes,
DEA-DEC-0049,Plan,l0/work/plans/features/closed/2026-02-27-stdlib-time-interface-noref.md,D01,2026-02-27,"The public `std.time` model distinguishes wall-clock snapshots, monotonic snapshots, durations, and calendar date-times as separate value types.",Standard library,Runtime,L0,Retained,Explicit,High,Public API Changes / Added module: std.time,33,48,"The plan introduces distinct WallTime, MonotonicTime, Duration, and DateTime structures and operations.",Represent all time concepts as bare integer seconds | Use one tagged universal time structure,"Distinct types prevent accidental mixing of civil time, monotonic measurements, and elapsed duration.",l0/docs/reference/standard-library.md,l0/docs/decisions/0015-stdlib-module-boundaries.md,DEA-CANON-0046,Partially covered,Candidate P1 ADR: L0 time model and runtime boundary.,Yes,
DEA-DEC-0050,Plan,l0/work/plans/features/closed/2026-02-27-stdlib-time-interface-noref.md,D02,2026-02-27,"Runtime clock snapshots use a single out-pointer call returning sec/nsec together, preventing torn readings across multiple calls.",ABI and linking,Runtime | Standard library,L0,Retained,Explicit,High,Behavior and Design Decisions,59,67,"The plan selects one runtime call per reading, backed by RtTimeParts out-pointer functions.",Expose separate seconds and nanoseconds calls | Return only coarse integer seconds | Return a C struct by value,A one-call snapshot guarantees both components describe the same clock observation and keeps the FFI ABI simple.,l0/docs/reference/standard-library.md,l0/docs/decisions/0005-extern-func-ffi-boundary.md,DEA-CANON-0047,Partially covered,Include in a P1 time-model ADR.,Yes,
DEA-DEC-0051,Plan,l0/work/plans/features/closed/2026-02-27-stdlib-time-interface-noref.md,D03,2026-02-27,Fallible public `std.time` operations return optionals/null rather than panicking or exposing sentinel values.,Standard library,Runtime | Language semantics,L0,Retained,Explicit,High,Behavior and Design Decisions,63,63,"The public failure channel is explicitly optional null, not panic or sentinel.",Panic on clock/conversion failure | Return sentinel time fields | Expose bool plus out-parameter publicly,Optionals make platform and conversion failure explicit in ordinary L0 control flow.,l0/docs/reference/standard-library.md,,DEA-CANON-0048,Not covered,Include in a P1 time-model ADR.,Yes,
DEA-DEC-0052,Plan,l0/work/plans/features/closed/2026-02-27-stdlib-time-interface-noref.md,D04,2026-02-27,"When a monotonic clock is unsupported, the API reports false/null and never substitutes wall-clock time.",Runtime,Standard library | Portability,L0,Retained,Explicit,High,Behavior and Design Decisions,64,64,The plan explicitly rejects a wall-clock fallback for unsupported monotonic clocks.,Fall back transparently to wall time | Treat lack of monotonic support as a panic,A wall clock can jump and therefore cannot preserve monotonic duration semantics.,l0/docs/reference/standard-library.md,,DEA-CANON-0049,Not covered,Include in a P1 time-model ADR.,Yes,
DEA-DEC-0053,Plan,l0/work/plans/features/closed/2026-02-27-stdlib-time-interface-noref.md,D05,2026-02-27,UTC civil-calendar conversion is implemented with integer-only date arithmetic in L0 rather than delegated to the C runtime.,Runtime,Standard library | Portability,L0,Retained,Explicit,High,Behavior and Design Decisions,65,65,The plan places UTC civil date math in L0 and restricts it to integer arithmetic.,Delegate UTC conversion to libc `gmtime` | Expose raw Unix seconds only,Keeping deterministic UTC conversion in L0 avoids platform-specific libc representations and behavior.,l0/docs/reference/standard-library.md,l0/docs/decisions/0003-integer-model.md,DEA-CANON-0050,Not covered,Include in a P1 time-model ADR.,Yes,
DEA-DEC-0054,Plan,l0/work/plans/features/closed/2026-02-27-stdlib-time-interface-noref.md,D06,2026-02-27,Local calendar conversion delegates time-zone offset and DST lookup to the runtime at the source Unix second.,Runtime,Standard library | Portability,L0,Retained,Explicit,High,Behavior and Design Decisions,66,66,The selected runtime boundary supplies local UTC offset and DST metadata for the exact source second.,Implement a time-zone database in L0 | Use the current offset regardless of source timestamp,"Host facilities own local-zone policy, while querying at the source instant preserves historical DST correctness.",l0/docs/reference/standard-library.md,l0/docs/decisions/0005-extern-func-ffi-boundary.md,DEA-CANON-0051,Not covered,Include in a P1 time-model ADR.,Yes,
DEA-DEC-0055,Plan,l0/work/plans/features/closed/2026-02-27-stdlib-time-interface-noref.md,D07,2026-02-27,Nanosecond components are validated and normalized to the invariant `0 <= nsec < 1_000_000_000`.,Standard library,Runtime,L0,Retained,Explicit,High,Behavior and Design Decisions,67,67,The plan fixes the valid normalized nanosecond range.,Permit unnormalized sec/nsec pairs | Clamp invalid nanoseconds,"A canonical range makes comparison, subtraction, and calendar conversion deterministic.",l0/docs/reference/standard-library.md,,DEA-CANON-0052,Not covered,Include in a P1 time-model ADR.,Yes,
DEA-DEC-0056,Plan,l0/work/plans/features/closed/2026-02-27-stdlib-time-interface-noref.md,D08,2026-02-27,The calendar model does not represent leap seconds; DateTime seconds remain in the range 0 through 59.,Standard library,Language semantics,L0,Retained,Explicit,High,Assumptions and Defaults,84,89,The plan expressly omits leap-second modeling and fixes the converted second range at 0..59.,Allow second 60 for leap seconds | Represent leap-second state separately,POSIX-style Unix time and the bootstrap conversion algorithm do not carry leap-second information.,l0/docs/reference/standard-library.md,,DEA-CANON-0053,Not covered,Include in a P1 time-model ADR.,Yes,
DEA-DEC-0057,Plan,l0/work/plans/refactors/closed/2026-02-27-remove-drop-workarounds-noref.md,D01,2026-02-27,"`drop` accepts both non-null and nullable pointers, and dropping null is a safe no-op.",Ownership and memory safety,Language semantics | Runtime,L0,Retained,Explicit,High,Summary,18,27,"The plan formalizes that nullable pointers can be dropped directly and null is handled as a no-op, making wrapper functions unnecessary.",Reject nullable operands statically | Panic when a nullable operand contains null,Null-tolerant drop makes conditional acquisition cleanup direct and deterministic without helper wrappers.,l0/docs/reference/ownership.md,l0/docs/decisions/0008-arc-ownership-model.md | l0/docs/decisions/0010-with-statement-cleanup.md,DEA-CANON-0054,Covered as part of a broader ADR,Covered by the L0 ownership ADR and normative ownership documentation.,Yes,
DEA-DEC-0058,Plan,l0/work/plans/bug-fixes/closed/2026-02-28-stage1-backend-loop-continue-arc-release-uninitialized-noref.md,D01,2026-02-28,ARC cleanup on loop exits is path-sensitive and releases only locals definitely initialized on the active path.,Ownership and memory safety,Backend and C emission | Language semantics,L0,Retained,Explicit,High,Scope of this fix,85,95,The plan requires cleanup only for definitely initialized locals and covers exits between multiple acquisitions.,Initialize every ARC local at loop entry | Emit unconditional lexical-scope cleanup,"Releasing an uninitialized slot is undefined C behavior, while skipping an acquired value leaks; cleanup must follow actual acquisition paths.",l0/docs/reference/c-backend-design.md | l0/docs/reference/ownership.md,docs/decisions/0002-arc-ownership-model.md | l0/docs/decisions/0008-arc-ownership-model.md,DEA-CANON-0055,Covered as part of a broader ADR,Covered by the ARC ADRs and current backend design.,Yes,
DEA-DEC-0059,Plan,l0/work/plans/bug-fixes/closed/2026-02-28-stage1-backend-loop-continue-arc-release-uninitialized-noref.md,D02,2026-02-28,"A `for`-loop `continue` cleans the current iteration body scope, then executes the update step, while preserving the outer header scope.",Ownership and memory safety,Language semantics | Backend and C emission,L0,Retained,Explicit,High,Split loop cleanup targets for break vs continue,103,116,The fix gives continue a body-only cleanup target before the for update.,Clean the header scope on every continue | Run the update before body cleanup,"Header bindings survive between iterations, while body acquisitions must be released before control reaches the update.",l0/docs/reference/c-backend-design.md | l0/docs/reference/ownership.md,docs/decisions/0002-arc-ownership-model.md | l0/docs/decisions/0008-arc-ownership-model.md,DEA-CANON-0056,Covered as part of a broader ADR,Covered by ARC ADRs plus normative backend design.,Yes,
DEA-DEC-0060,Plan,l0/work/plans/bug-fixes/closed/2026-02-28-stage1-backend-loop-continue-arc-release-uninitialized-noref.md,D03,2026-02-28,A `for`-loop `break` cleans both the current body scope and the outer `for` header scope before leaving the loop.,Ownership and memory safety,Language semantics | Backend and C emission,L0,Retained,Explicit,High,Split loop cleanup targets for break vs continue,103,116,The fix assigns break a cleanup target that includes body and for-header ownership.,Leave header cleanup to the enclosing lexical scope | Use the same body-only target as continue,"Breaking ends the entire loop lifetime, so both iteration-local and header-owned resources must be released.",l0/docs/reference/c-backend-design.md | l0/docs/reference/ownership.md,docs/decisions/0002-arc-ownership-model.md | l0/docs/decisions/0008-arc-ownership-model.md,DEA-CANON-0057,Covered as part of a broader ADR,Covered by ARC ADRs plus normative backend design.,Yes,
DEA-DEC-0061,Plan,l0/work/plans/bug-fixes/closed/2026-02-28-stage1-backend-loop-continue-arc-release-uninitialized-noref.md,D04,2026-02-28,"For `while` loops, both `continue` and `break` clean the current loop-body scope before transferring control.",Ownership and memory safety,Language semantics | Backend and C emission,L0,Retained,Explicit,High,Split loop cleanup targets for break vs continue,112,116,The plan explicitly sets the while-loop cleanup target for both exits to the body scope.,Give while break and continue different ownership boundaries | Defer body cleanup until loop termination,"Unlike `for`, `while` has no separately owned header scope; both exits leave the current body lifetime.",l0/docs/reference/c-backend-design.md | l0/docs/reference/ownership.md,docs/decisions/0002-arc-ownership-model.md | l0/docs/decisions/0008-arc-ownership-model.md,DEA-CANON-0058,Covered as part of a broader ADR,Covered by ARC ADRs plus normative backend design.,Yes,
DEA-DEC-0062,Plan,l0/work/plans/features/closed/2026-02-28-stage2-semantic-foundation-milestone-noref.md,D01,2026-02-28,"A single owning `AnalysisResult` aggregate carries the DriverState, combined diagnostics, name environments, signatures, and local-scope environments.",Semantic analysis,Frontend architecture | Ownership and memory safety,L0 Stage 2,Retained,Explicit,High,Planned Modules / analysis.l0,90,100,"The plan defines AnalysisResult as owner of the compilation driver state and every semantic result table, with typed lookup and cleanup.",Return independent pass results with separate lifetimes | Store semantic state globally,One aggregate gives downstream typing/backend phases a coherent lifetime and lookup surface.,l0/docs/reference/architecture.md,,DEA-CANON-0059,Not covered,Include in a P2 Stage 2 semantic-data ADR.,Yes,
DEA-DEC-0063,Plan,l0/work/plans/features/closed/2026-02-28-stage2-semantic-foundation-milestone-noref.md,D02,2026-02-28,"Module name resolution creates all module environments first, collects local declarations second, opens imports third, and aggregates diagnostics last.",Semantic analysis,Frontend architecture,L0 Stage 2,Retained,Explicit,High,Planned Modules / name_resolver.l0,101,114,The plan fixes the resolver's multi-module pass order before listing the parity diagnostic families.,Resolve each module and imports in one depth-first pass | Open imports before all module-local symbols are collected,A staged closure-wide pass makes all module environments available before imports and ambiguity handling.,l0/docs/reference/architecture.md,l0/docs/decisions/0006-module-system-and-imports.md,DEA-CANON-0060,Covered as part of a broader ADR,The module-system ADR and architecture docs are sufficient; include only if a semantic-pipeline ADR is created.,Yes,
DEA-DEC-0064,Plan,l0/work/plans/features/closed/2026-02-28-stage2-semantic-foundation-milestone-noref.md,D03,2026-02-28,Top-level `let` inference is deliberately limited to primitive literals and struct/enum constructor-style calls; all other initializers require an annotation.,Type system,Semantic analysis | Language semantics,L0,Retained,Explicit,High,Planned Modules / signatures.l0,129,133,The plan enumerates the only inferred initializer shapes and requires annotations for everything else.,Infer arbitrary expression types at module scope | Require annotations for every top-level binding,Narrow inference keeps signature resolution independent of full expression typing while supporting common constant and constructor declarations.,l0/docs/reference/architecture.md | l0/docs/project-status.md,,DEA-CANON-0061,Not covered,Candidate P1 ADR: top-level binding inference and constant-initializer boundary.,Yes,
DEA-DEC-0065,Plan,l0/work/plans/features/closed/2026-02-28-stage2-semantic-foundation-milestone-noref.md,D04,2026-02-28,"Stage 2 `--check` runs through semantic analysis and returns failure for any driver or semantic error, not merely syntax failure.",CLI and distribution,Semantic analysis | Frontend architecture,L0 Stage 2,Retained,Explicit,High,CLI Integration,146,150,The plan changes check from driver-only syntax analysis to full semantic analysis and fails on either error source.,Keep `--check` syntax-only | Add a separate semantic-check mode,Users expect check mode to validate the complete frontend contract without producing artifacts.,docs/specs/compiler/cli-contract.md | l0/docs/specs/compiler/cli-contract.md | l0/docs/reference/architecture.md,docs/decisions/0003-shared-cli-contract.md,DEA-CANON-0062,Directly covered,Covered by the shared CLI ADR and current contract.,Yes,
DEA-DEC-0066,Plan,l0/work/plans/refactors/closed/2026-02-28-trace-source-location.md,D01,2026-02-28,"ARC and memory trace events carry the originating L0 source file and line in a `loc` field, and trace triage preserves that provenance.",Runtime,Diagnostics and recovery,L0,Retained,Explicit,High,Summary,22,30,"The plan adds original L0 source file/line to allocation, deallocation, and reference-count traces and surfaces it in leak triage.",Report generated-C locations | Keep traces pointer/event-only,Source provenance turns ownership traces into actionable language-level diagnostics rather than C-emission artifacts.,l0/docs/specs/runtime/trace.md,,DEA-CANON-0063,Not covered,Candidate P2 ADR: runtime trace provenance and compiler/runtime capture boundary.,Yes,
DEA-DEC-0067,Plan,l0/work/plans/refactors/closed/2026-02-28-trace-source-location.md,D02,2026-02-28,"Trace provenance is captured by macro-wrapped runtime entrypoints using `__FILE__` and `__LINE__`, relying on generated-C `#line` directives to resolve them to L0 call sites.",Runtime,Backend and C emission | Portability,L0,Retained,Explicit,High,Summary,24,30,The selected compiler/runtime mechanism wraps rt entrypoints as call-site macros and relies on emitted line directives for L0 coordinates.,Pass source location as explicit ABI parameters | Instrument generated C with separate trace calls | Use generated-C coordinates only,Macro capture adds provenance without changing the L0 extern-call signatures and uses standard C call-site macros.,l0/docs/specs/runtime/trace.md | l0/docs/reference/c-backend-design.md,l0/docs/decisions/0011-c-emission-strategy.md,DEA-CANON-0064,Partially covered,Include in a P2 runtime trace-provenance ADR.,Yes,
DEA-DEC-0068,Plan,l0/work/plans/refactors/closed/2026-03-01-stage1-diagnostics.md,D01,2026-03-01,"One diagnostics list is the authoritative error channel across the Stage 1 lexer, parser, driver, and CLI; public lexer/parser exceptions are removed.",Diagnostics and recovery,Frontend architecture,L0 Stage 1,Retained,Explicit,High,Summary,28,35,The refactor replaces external exception bail-out with one shared collector and makes the diagnostics list the single source of truth.,Continue exposing LexerError and ParseError as phase APIs | Use independent per-phase collectors,A shared channel supports multi-phase aggregation and consistent CLI reporting.,l0/docs/reference/architecture.md | l0/docs/specs/compiler/diagnostic-format.md,,DEA-CANON-0023,Not covered,Candidate P1 ADR: compiler diagnostic collection and phase barriers,Yes,
DEA-DEC-0069,Plan,l0/work/plans/refactors/closed/2026-03-01-stage1-diagnostics.md,D02,2026-03-01,Stage 1 parsing recovers at declaration and statement boundaries and may return a partial AST after syntax errors.,Diagnostics and recovery,Frontend architecture,L0 Stage 1,Retained,Explicit,High,Changes,44,52,"The parser adopts top-level and statement synchronization loops, non-bailing semicolon recovery, and partial-AST return.",Abort on the first parser error | Recover only at the top level,Synchronization permits comprehensive multi-error reports without exposing recovery exceptions.,l0/docs/reference/architecture.md | l0/docs/specs/compiler/diagnostic-format.md,,DEA-CANON-0025,Not covered,Candidate P1 ADR: compiler diagnostic collection and phase barriers,Yes,
DEA-DEC-0070,Plan,l0/work/plans/refactors/closed/2026-03-01-stage1-diagnostics.md,D03,2026-03-01,Semantic analysis starts only after compilation-unit construction completes without lexer/parser errors.,Frontend architecture,Semantic analysis | Diagnostics and recovery,L0 Stage 1,Retained,Explicit,High,Changes,53,58,"The driver exits after building the compilation unit when errors exist, so semantic passes see only valid parsed ASTs.",Run semantic analysis over partial erroneous ASTs,The parser-to-semantics phase boundary avoids cascading semantic diagnostics from malformed syntax.,l0/docs/reference/architecture.md,,DEA-CANON-0065,Not covered,Candidate P1 ADR: compiler diagnostic collection and phase barriers,Yes,
DEA-DEC-0071,Plan,l0/work/plans/tools/closed/2026-03-02-doxygen-mcss-docs-system.md,D01,2026-03-02,Documentation generation never mutates tracked source; all transformations operate on generated build inputs.,Repository and process architecture,,Repository/tooling,Retained,Explicit,High,Implemented Decisions / Source manifest and extraction,72,74,A build-local shadow tree isolates every preprocessing rewrite from tracked files.,Rewrite source in place | Pass all source directly to Doxygen,Isolation preserves source fidelity and reproducible worktree behavior.,l0/docs/README.md,,DEA-CANON-0066,ADR not warranted,Keep in documentation-generation guidance,Yes,This states the durable repository boundary without treating the current shadow-tree mechanism as architectural.
DEA-DEC-0072,Plan,l0/work/plans/tools/closed/2026-03-02-doxygen-mcss-docs-system.md,D02,2026-03-02,Generated documentation lives under build output and is not committed.,Repository and process architecture,,Repository/tooling,Retained,Explicit,High,Implemented Decisions / Source manifest and extraction,73,76,The plan places generated output under build/docs and explicitly leaves it untracked.,Commit generated API output under docs,Hand-authored documentation and regenerable artifacts retain distinct ownership.,l0/docs/README.md,docs/decisions/0006-docs-work-taxonomy.md,DEA-CANON-0067,Covered as part of a broader ADR,Covered,Yes,
DEA-DEC-0073,Plan,l0/work/plans/tools/closed/2026-03-02-doxygen-mcss-docs-system.md,D03,2026-03-02,The m.css renderer is vendored as a tracked snapshot and never cloned during a documentation build.,Repository and process architecture,Portability,Repository/tooling,Retained,Explicit,High,Implemented Decisions / Vendored renderer and reproducibility,78,84,The renderer and local patch record are checked in to remove build-time network acquisition.,Clone m.css at build time | Depend on a system m.css installation,Vendoring fixes the renderer version and makes offline/reproducible docs builds possible.,l0/docs/README.md | THIRD_PARTY_NOTICES,docs/decisions/0004-monorepo-directory-structure.md,DEA-CANON-0068,Covered as part of a broader ADR,Covered,Yes,
DEA-DEC-0074,Plan,l0/work/plans/tools/closed/2026-03-04-release-oriented-docs-publishing-automation-noref.md,D01,2026-03-04,The generated standalone HTML API reference is published through GitHub Pages.,CLI and distribution,Repository and process architecture,Repository/tooling,Retained,Explicit,High,Summary,27,38,The first publication surface is a standalone static API site hosted from the repository.,Publish only downloadable artifacts | Host documentation solely in the blog,The repository retains an independent canonical web reference surface.,l0/docs/README.md | .github/workflows/l0-docs-publish.yml,,DEA-CANON-0069,Not covered,Candidate P2 ADR: generated documentation publication surfaces,Yes,
DEA-DEC-0075,Plan,l0/work/plans/tools/closed/2026-03-04-release-oriented-docs-publishing-automation-noref.md,D02,2026-03-04,Generated Markdown is transformed into a dedicated non-post Chirpy API subtree for use by a separate blog repository.,CLI and distribution,Repository and process architecture,Repository/tooling,Retained,Explicit,High,Summary / Chirpy export,29,38,A transformed Markdown export is chosen as the integration contract for a separate Jekyll/Chirpy API section.,Publish generated Markdown unchanged | Make the blog repository parse Doxygen output,A target-specific export keeps blog theme/navigation separate from source documentation generation.,l0/docs/README.md | .github/workflows/l0-docs-publish.yml,,DEA-CANON-0070,Not covered,Candidate P2 ADR: generated documentation publication surfaces,Yes,
DEA-DEC-0076,Plan,l0/work/plans/tools/closed/2026-03-04-release-oriented-docs-publishing-automation-noref.md,D03,2026-03-04,The PDF API reference is published both under the Pages site and as a GitHub Release asset.,CLI and distribution,Repository and process architecture,Repository/tooling,Retained,Explicit,High,Summary,29,38,The third output is a generated PDF available from both release artifacts and the standalone site.,Publish the PDF only on Pages | Publish the PDF only as a release asset,A stable web copy and immutable versioned copies serve different consumption needs.,l0/docs/README.md | .github/workflows/l0-release.yml,,DEA-CANON-0071,Not covered,Candidate P2 ADR: generated documentation publication surfaces,Yes,
DEA-DEC-0077,Plan,l0/work/plans/tools/closed/2026-03-04-release-oriented-docs-publishing-automation-noref.md,D04,2026-03-04,Pull-request documentation jobs validate without publishing; publication is confined to release and explicit manual workflows.,Repository and process architecture,CLI and distribution,Repository/tooling,Retained,Explicit,High,Summary / Validation workflow,37,46,"CI validation is deliberately non-publishing, while release/manual flows own external deployment.",Publish preview state from every pull request | Couple validation and publication in one job,Validation cannot accidentally mutate public surfaces.,.github/workflows/l0-docs-validate.yml | .github/workflows/l0-docs-publish.yml,,DEA-CANON-0072,Not covered,Candidate P1 ADR: CI publication authorization boundaries,Yes,
DEA-DEC-0078,Plan,l0/work/plans/tools/closed/2026-03-04-release-oriented-docs-publishing-automation-noref.md,D05,2026-03-04,"The Dea documentation workflow directly checks out, synchronizes, commits, and pushes the managed API subtree in the blog repository.",Repository and process architecture,CLI and distribution,Repository/tooling,Superseded,Explicit,High,Publish workflow / Ownership model,48,54,The original fan-out includes direct synchronization into the separate Chirpy repository.,Publish an archive for destination-controlled ingestion | Notify the destination without writing it,Direct synchronization initially optimized for one-step release publication.,.github/workflows/l0-docs-publish.yml,,DEA-CANON-0073,ADR not warranted,Historical only; document successor instead,Yes,
DEA-DEC-0079,Plan,l0/work/plans/features/closed/2026-03-06-explicit-cast-constant-safety-diagnostics-noref.md,D01,2026-03-06,An explicit int-to-byte cast with a compile-time-known value outside 0..255 is rejected at compile time; dynamic values retain runtime checking.,Type system,Language semantics | Diagnostics and recovery,L0 Stage 1,Retained,Explicit,High,Behavior Changes / TYP-0700,40,50,"Known out-of-range constants are errors, while unknown values remain legal and runtime checked.",Permit every explicit cast and rely only on runtime checks | Introduce implicit narrowing,Provable failure is diagnosed early without weakening defined behavior for dynamic narrowing.,l0/docs/reference/design-decisions.md | l0/docs/specs/compiler/stage1-contract.md,l0/docs/decisions/0007-nullability-and-casts.md,DEA-CANON-0074,Directly covered,Covered,Yes,
DEA-DEC-0080,Plan,l0/work/plans/features/closed/2026-03-06-explicit-cast-constant-safety-diagnostics-noref.md,D02,2026-03-06,An explicit nullable-pointer-to-non-null-pointer cast of a compile-time-known null is rejected; dynamic nullable pointers remain explicitly unwrap-able with a runtime check.,Type system,Language semantics | Diagnostics and recovery,L0 Stage 1,Retained,Explicit,High,Behavior Changes / TYP-0701,52,56,Constant-null unwrap is a front-end error; nonconstant unwrap remains legal and checked at runtime.,Permit a statically null unwrap and panic at runtime | Forbid all nullable pointer unwrap casts,The compiler rejects certain failure while preserving an explicit checked operation for dynamic values.,l0/docs/reference/design-decisions.md,l0/docs/decisions/0007-nullability-and-casts.md,DEA-CANON-0075,Directly covered,Covered,Yes,
DEA-DEC-0081,Plan,l0/work/plans/features/closed/2026-03-08-l0-cflags-c-compiler-options-noref.md,D01,2026-03-08,L0_CFLAGS supplies default host-C options for compiler build and run operations.,CLI and distribution,,L0,Retained,Explicit,High,Public Interface / CLI Behavior,33,38,The environment variable becomes part of the public build/run option contract.,Allow host-C options only through --c-options | Use a project configuration file,Environment defaults support reusable host-toolchain configuration.,l0/docs/specs/compiler/cli-contract.md | docs/specs/compiler/cli-contract.md,docs/decisions/0003-shared-cli-contract.md,DEA-CANON-0076,Covered as part of a broader ADR,Covered,Yes,
DEA-DEC-0082,Plan,l0/work/plans/features/closed/2026-03-08-l0-cflags-c-compiler-options-noref.md,D02,2026-03-08,"Environment C options and command-line C options are additive, with L0_CFLAGS words preceding --c-options words.",CLI and distribution,,L0,Retained,Explicit,High,Summary / Final policy,27,32,"The plan locks deterministic environment-first, CLI-last merge semantics.",CLI replaces environment options | Environment options follow CLI options,Defaults remain extensible per invocation and later CLI words can override conventional last-one-wins flags.,l0/docs/specs/compiler/cli-contract.md | docs/specs/compiler/cli-contract.md,docs/decisions/0003-shared-cli-contract.md,DEA-CANON-0077,Directly covered,Covered,Yes,
DEA-DEC-0083,Plan,l0/work/plans/features/closed/2026-03-08-l0-cflags-c-compiler-options-noref.md,D03,2026-03-08,L0_CFLAGS and --c-options use whitespace tokenization without shell-quote parsing.,CLI and distribution,,L0,Retained,Explicit,High,Public Interface / CLI Behavior,35,38,The public contract explicitly declines shell-style quote parsing.,Parse shell quoting and escapes | Accept repeated one-token options only,It preserves the established simple splitting model across stages.,l0/docs/specs/compiler/cli-contract.md,docs/decisions/0003-shared-cli-contract.md,DEA-CANON-0078,Covered as part of a broader ADR,Covered,Yes,
DEA-DEC-0084,Plan,l0/work/plans/features/closed/2026-03-08-l0-cflags-c-compiler-options-noref.md,D04,2026-03-08,Automatic optimization defaults are suppressed by an explicit optimization option from either L0_CFLAGS or --c-options.,CLI and distribution,,L0,Retained,Explicit,High,Detailed Behavior / Stage 1,44,52,"The merged vector, not only CLI options, controls whether the driver adds its optimization default.",Inspect only command-line options | Always add the default optimization flag,Environment and CLI inputs receive equal semantic treatment after merging.,l0/docs/specs/compiler/cli-contract.md,docs/decisions/0003-shared-cli-contract.md,DEA-CANON-0079,Covered as part of a broader ADR,Covered,Yes,
DEA-DEC-0085,Plan,l0/work/plans/features/closed/2026-03-09-stage2-backend-c-emitter-milestone.md,D01,2026-03-09,"Stage 1 generated C text is the oracle for the Stage 2 backend, not merely runtime-equivalent C.",Bootstrap and self-hosting,Backend and C emission,L0 Stage 2,Retained,Explicit,High,Summary,28,36,Exact Stage 1 output is selected as the Stage 2 oracle and build/run is deferred until --gen parity is stable.,Require only semantic equivalence | Permit independent Stage 2 formatting and lowering,Exact text exposes hidden lowering and ownership drift during bootstrap.,l0/docs/reference/c-backend-design.md | l0/docs/specs/compiler/stage1-contract.md,docs/decisions/0001-two-stage-architecture.md | l0/docs/decisions/0014-bootstrap-self-hosting-strategy.md,DEA-CANON-0080,Directly covered,Covered,Yes,
DEA-DEC-0086,Plan,l0/work/plans/features/closed/2026-03-09-stage2-backend-c-emitter-milestone.md,D02,2026-03-09,The Stage 2 backend boundary consumes AnalysisResult and produces one C99 translation unit.,Backend and C emission,Frontend architecture,L0 Stage 2,Retained,Explicit,High,Summary,34,36,The milestone is explicitly centered on AnalysisResult-to-C99 translation-unit generation.,Introduce an intermediate representation before C emission | Emit per-module C units,The self-hosted port mirrors the established whole-compilation-unit C backend boundary.,l0/docs/reference/architecture.md | l0/docs/reference/c-backend-design.md,l0/docs/decisions/0011-c-emission-strategy.md,DEA-CANON-0081,Covered as part of a broader ADR,Covered,Yes,
DEA-DEC-0087,Plan,l0/work/plans/features/closed/2026-03-09-stage2-backend-c-emitter-milestone.md,D03,2026-03-09,Equivalent Stage 2 backend/emitter failures reuse the exact Stage 1 diagnostic and ICE code; only genuinely Stage-2-only conditions receive new codes.,Diagnostics and recovery,Bootstrap and self-hosting,L0 Stage 2,Retained,Explicit,High,Assumptions and Defaults,217,227,"Exact XXX-NNNN reuse, including ICE codes, is mandatory for equivalent conditions.",Reuse only diagnostic families | Allocate independent Stage 2 code numbers,Numeric identity makes diagnostics a cross-stage contract rather than an implementation label.,docs/specs/compiler/diagnostic-code-catalog.md | l0/docs/specs/compiler/stage1-contract.md,docs/decisions/0001-two-stage-architecture.md | docs/decisions/0005-diagnostic-code-catalog.md,DEA-CANON-0082,Directly covered,Covered,Yes,
DEA-DEC-0088,Plan,l0/work/plans/features/closed/2026-03-09-stdlib-runtime-fs-path-raw-io-bootstrap-noref.md,D01,2026-03-09,Path-based filesystem operations belong in the public std.fs module.,Standard library,,L0,Retained,Explicit,High,Summary / Public Interfaces,34,49,The reopened plan retains std.fs as a public shared surface and coordinates the final file-helper split.,Keep filesystem helpers in std.io | Expose only runtime externs,Filesystem intent is separated from stream I/O.,l0/docs/reference/standard-library.md,l0/docs/decisions/0015-stdlib-module-boundaries.md,DEA-CANON-0083,Directly covered,Covered,Yes,
DEA-DEC-0089,Plan,l0/work/plans/features/closed/2026-03-09-stdlib-runtime-fs-path-raw-io-bootstrap-noref.md,D02,2026-03-09,Portable path manipulation belongs in the public std.path module.,Standard library,Portability,L0,Retained,Explicit,High,Summary / Public Interfaces,34,50,std.path is retained as a public shared surface and Stage 2 migrates to it behind a narrow compatibility shim.,Keep compiler-local path helpers | Place path operations in std.fs,A shared portable path layer avoids compiler-specific path semantics.,l0/docs/reference/standard-library.md,l0/docs/decisions/0015-stdlib-module-boundaries.md,DEA-CANON-0084,Covered as part of a broader ADR,Covered,Yes,
DEA-DEC-0090,Plan,l0/work/plans/features/closed/2026-03-09-stdlib-runtime-fs-path-raw-io-bootstrap-noref.md,D03,2026-03-09,"Filesystem metadata crosses the runtime boundary as an RtFileInfo record with existence, kind, optional size, and optional timestamps.",Runtime,Standard library | ABI and linking,L0,Retained,Explicit,High,Public Interfaces / Types,47,52,The plan fixes the public metadata record and its nullable fields.,Expose separate runtime calls for each metadata property | Return only a boolean existence flag,One portable record amortizes platform-specific stat behavior across the runtime boundary.,l0/docs/reference/standard-library.md,l0/docs/decisions/0015-stdlib-module-boundaries.md,DEA-CANON-0085,Partially covered,Candidate P2 ADR: filesystem/runtime metadata contract,Yes,
DEA-DEC-0091,Plan,l0/work/plans/features/closed/2026-03-09-stdlib-runtime-fs-path-raw-io-bootstrap-noref.md,D04,2026-03-09,Raw pointer-based standard-stream functions remain outside std.io and are confined to the low-level raw-memory system module.,Standard library,Ownership and memory safety | Runtime,L0,Retained,Explicit,High,Unsafe boundary for raw byte stdio,81,82,Raw-buffer stream declarations stay behind a low-level system-module boundary and are not re-exported from std.io.,Expose byte* stream calls from std.io | Keep raw calls in sys.rt,Callers supplying raw buffers must cross an explicitly hazardous module boundary.,l0/docs/reference/standard-library.md,l0/docs/decisions/0015-stdlib-module-boundaries.md,DEA-CANON-0086,Directly covered,Covered conceptually; module name was later superseded by sys.memory,Yes,"The source row combined the durable safe/raw standard-library boundary with the independently chosen, later-superseded sys.unsafe module name."
DEA-DEC-0092,Plan,l0/work/plans/features/closed/2026-03-09-stdlib-runtime-fs-path-raw-io-bootstrap-noref.md,D05,2026-03-09,The low-level raw-memory standard-library module was initially named sys.unsafe.,Standard library,Ownership and memory safety | Runtime,L0,Superseded,Explicit,High,Unsafe boundary for raw byte stdio,81,81,The plan moves raw stream declarations into the module named sys.unsafe.,Keep the declarations in sys.rt | Use a non-keyword module name such as sys.memory,The name made the hazardous raw-memory boundary explicit before unsafe became a language keyword.,l0/docs/reference/standard-library.md,l0/docs/decisions/0015-stdlib-module-boundaries.md,DEA-CANON-0087,Partially covered,Covered conceptually; module name was later superseded by sys.memory,Yes,"The source row combined the durable safe/raw standard-library boundary with the independently chosen, later-superseded sys.unsafe module name."
DEA-DEC-0093,Plan,l0/work/plans/features/closed/2026-03-09-stdlib-runtime-fs-path-raw-io-bootstrap-noref.md,D06,2026-03-09,Safe std.io byte operations accept a ByteArray plus explicit start and count rather than a raw pointer.,Standard library,Ownership and memory safety,L0,Retained,Explicit,High,Safe std.io byte API,97,104,Every public byte-stream operation uses a checked buffer object and explicit subrange.,Expose raw byte pointers | Use a growable stream buffer | Accept whole buffers only,The stdlib can validate capacity and bounds before calling the raw runtime.,l0/docs/reference/standard-library.md,l0/docs/decisions/0015-stdlib-module-boundaries.md,DEA-CANON-0088,Partially covered,Candidate P1 ADR: safe binary I/O boundary,Yes,
DEA-DEC-0094,Plan,l0/work/plans/features/closed/2026-03-09-stdlib-runtime-fs-path-raw-io-bootstrap-noref.md,D07,2026-03-09,"ByteArray is a fixed-capacity byte-specialized wrapper over ArrayBase, not an alias or growable buffer.",Standard library,Ownership and memory safety,L0,Retained,Explicit,High,ByteArray,89,95,The plan chooses a distinct fixed-size wrapper and explicitly rejects growability and logical used-length.,Type-alias ArrayBase | Implement a growable byte buffer | Track a used-length in ByteArray,A minimal fixed storage abstraction is sufficient for bounded stream operations.,l0/docs/reference/standard-library.md,l0/docs/decisions/0015-stdlib-module-boundaries.md,DEA-CANON-0089,Partially covered,Candidate P1 ADR: safe binary I/O boundary,Yes,
DEA-DEC-0095,Plan,l0/work/plans/features/closed/2026-03-09-stdlib-runtime-fs-path-raw-io-bootstrap-noref.md,D08,2026-03-09,ByteArray owns its backing ArrayBase and its destructor frees both wrapper and storage.,Ownership and memory safety,Standard library,L0,Retained,Explicit,High,ByteArray,91,95,Ownership of the backing allocation is assigned to the wrapper.,Borrow external storage | Free only the wrapper | Use shared ownership,A single owner gives the public buffer a clear lifetime contract.,l0/docs/reference/standard-library.md | l0/docs/reference/ownership.md,l0/docs/decisions/0008-arc-ownership-model.md,DEA-CANON-0090,Covered as part of a broader ADR,Covered,Yes,
DEA-DEC-0096,Plan,l0/work/plans/features/closed/2026-03-09-stdlib-runtime-fs-path-raw-io-bootstrap-noref.md,D09,2026-03-09,"Raw standard-stream transfers may be partial and report positive bytes, zero for EOF/zero transfer, and -1 for error.",Runtime,Standard library,L0,Retained,Explicit,High,Unsafe boundary for raw byte stdio,81,87,The low-level sentinel and partial-transfer contract is explicitly retained.,All-or-error runtime transfers | Use nullable results at the C/runtime boundary,The runtime directly represents ordinary stream behavior while wrappers translate it into safe L0 results.,l0/docs/reference/standard-library.md,,DEA-CANON-0091,Not covered,Candidate P1 ADR: safe binary I/O boundary,Yes,
DEA-DEC-0097,Plan,l0/work/plans/features/closed/2026-03-09-stdlib-runtime-fs-path-raw-io-bootstrap-noref.md,D10,2026-03-09,Invalid std.io ByteArray ranges are programmer errors enforced by assertions rather than nullable I/O failures.,Standard library,Language semantics | Ownership and memory safety,L0,Retained,Explicit,High,Safe std.io byte API,99,104,start/count/capacity violations are classified as assertion-style contract errors.,Return null for invalid ranges | Clamp ranges,I/O failure and caller contract violation remain distinct failure classes.,l0/docs/reference/standard-library.md,,DEA-CANON-0092,Not covered,Candidate P1 ADR: safe binary I/O boundary,Yes,
DEA-DEC-0098,Plan,l0/work/plans/features/closed/2026-03-09-stdlib-runtime-fs-path-raw-io-bootstrap-noref.md,D11,2026-03-09,"Safe stdin reads return a positive count, zero for EOF, and null for I/O error.",Standard library,Language semantics,L0,Retained,Explicit,High,Safe std.io byte API,105,108,The public read result distinguishes EOF from failure through zero versus null.,Return Unit? | Treat EOF as null | Use a result enum,The wrapper preserves byte counts and makes EOF nonexceptional.,l0/docs/reference/standard-library.md,,DEA-CANON-0093,Not covered,Candidate P1 ADR: safe binary I/O boundary,Yes,
DEA-DEC-0099,Plan,l0/work/plans/features/closed/2026-03-09-stdlib-runtime-fs-path-raw-io-bootstrap-noref.md,D12,2026-03-09,"Safe partial stdout/stderr writes return a transferred count, including zero, and null for I/O error.",Standard library,Language semantics,L0,Retained,Explicit,High,Safe std.io byte API,109,111,The public some-write result preserves progress count and uses null only for runtime error.,Return Unit? | Treat zero progress as an immediate some-write error,Partial writes remain observable so callers can implement retry policy.,l0/docs/reference/standard-library.md,,DEA-CANON-0094,Not covered,Candidate P1 ADR: safe binary I/O boundary,Yes,
DEA-DEC-0100,Plan,l0/work/plans/features/closed/2026-03-09-stdlib-runtime-fs-path-raw-io-bootstrap-noref.md,D13,2026-03-09,Safe write-all loops until the requested count is written and returns null on I/O error or zero-progress write.,Standard library,Language semantics,L0,Retained,Explicit,High,Safe std.io byte API,112,113,All-write wrappers own retry behavior and classify stalled writes as failure.,Expose only partial writes | Return success on zero progress | Retry indefinitely on zero progress,The higher-level operation promises completion without permitting an infinite no-progress loop.,l0/docs/reference/standard-library.md,,DEA-CANON-0095,Not covered,Candidate P1 ADR: safe binary I/O boundary,Yes,
DEA-DEC-0101,Plan,l0/work/plans/features/closed/2026-03-09-stdlib-runtime-fs-path-raw-io-bootstrap-noref.md,D14,2026-03-09,Zero-length safe standard-stream operations are valid.,Standard library,Language semantics,L0,Retained,Explicit,High,Safe std.io byte API,112,114,The plan explicitly preserves zero-length reads and writes as valid calls.,Reject count zero as a programmer error,Empty slices behave compositionally at range boundaries.,l0/docs/reference/standard-library.md,,DEA-CANON-0096,Not covered,Candidate P1 ADR: safe binary I/O boundary,Yes,
DEA-DEC-0102,Plan,l0/work/plans/bug-fixes/closed/2026-03-10-stage2-source-paths-l0-home-fallback-noref.md,D01,2026-03-10,"When no explicit system root is supplied, source-root precedence is L0_SYSTEM followed by L0_HOME/shared/l0/stdlib; an explicit root suppresses both defaults.",CLI and distribution,Frontend architecture,L0 Stage 2,Retained,Explicit,High,Fix Implemented,48,54,"Stage 2 adopts the same explicit-root, L0_SYSTEM, L0_HOME fallback chain as Stage 1.",Ignore L0_HOME | Combine explicit and environment roots | Prefer L0_HOME over L0_SYSTEM,Direct Stage 2 artifacts and wrappers share one deterministic resolution contract.,l0/docs/specs/compiler/cli-contract.md | docs/specs/compiler/cli-contract.md,docs/decisions/0003-shared-cli-contract.md,DEA-CANON-0097,Directly covered,Covered,Yes,
DEA-DEC-0103,Plan,l0/work/plans/features/closed/2026-03-10-stage2-build-run-driver-milestone.md,D01,2026-03-10,"Stage 2 l0c owns CLI parsing, common input normalization, and dispatch, while build_driver owns host-build/run orchestration.",Frontend architecture,CLI and distribution,L0 Stage 2,Retained,Explicit,High,Build/run orchestration split,68,72,The plan fixes a driver boundary between parsing/dispatch and host-tool execution.,Keep all orchestration in l0c | Make build_driver parse CLI arguments,The compiler entrypoint and platform-facing execution layer have distinct responsibilities.,l0/docs/reference/architecture.md,,DEA-CANON-0098,Not covered,Candidate P2 ADR: Stage 2 driver/build orchestration boundary.,Yes,Keep this uncovered internal boundary visible for the coherent Stage 2 driver candidate rather than treating it as an automatic standalone ADR.
DEA-DEC-0104,Plan,l0/work/plans/features/closed/2026-03-10-stage2-build-run-driver-milestone.md,D02,2026-03-10,The Stage 2 compiler initially invokes host tools through std.system.system and deliberately does not introduce a competing general subprocess API.,Runtime,CLI and distribution,L0 Stage 2,Retained,Explicit,High,Summary / Non-Goals,34,45,"The milestone selects the existing system() boundary and defers pipes, handles, and a generic exec abstraction.",Add a new subprocess API with pipe control | Implement host execution directly in compiler-specific C,Build/run can ship without preempting the broader runtime process design.,l0/docs/reference/standard-library.md | l0/docs/reference/architecture.md,,DEA-CANON-0099,Not covered,Candidate P1 ADR: compiler host-process boundary,Yes,
DEA-DEC-0105,Plan,l0/work/plans/features/closed/2026-03-10-stage2-build-run-driver-milestone.md,D03,2026-03-10,rt_system returns a normalized child command status rather than the raw C system() wait-status word.,Runtime,CLI and distribution,L0,Retained,Explicit,High,Public Interfaces And Runtime Changes,55,64,The runtime boundary changes while std.system.system keeps its public L0 signature.,Expose the host wait-status encoding | Normalize only inside compiler code,L0 callers observe portable command outcomes instead of libc encoding details.,l0/docs/reference/standard-library.md | l0/docs/specs/compiler/cli-contract.md,,DEA-CANON-0100,Not covered,Candidate P1 ADR: compiler host-process boundary,Yes,
DEA-DEC-0106,Plan,l0/work/plans/features/closed/2026-03-10-stage2-build-run-driver-milestone.md,D04,2026-03-10,POSIX shell command construction is the accepted Stage 2 host-execution target for this milestone.,Portability,Runtime | CLI and distribution,L0 Stage 2,Superseded,Explicit,High,Assumptions And Defaults,212,221,POSIX shell execution is explicitly accepted and Windows shell behavior is excluded from the gate.,Build native argv vectors through a subprocess API | Support POSIX and Windows shells together,The initial build/run slice prioritized Stage 1 parity on available hosts.,l0/docs/reference/architecture.md,,DEA-CANON-0101,ADR not warranted,Historical only; superseded by platform-dispatched command construction,Yes,
DEA-DEC-0107,Plan,l0/work/plans/tools/closed/2026-03-09-stage2-bootstrap-compiler-artifact-noref.md,D01,2026-03-10,"Stage 1 remains the bootstrap builder, but an installed toolchain contains the self-hosted Stage 2 compiler produced by the bootstrap compiler rather than the initial Stage-1-built artifact.",Bootstrap and self-hosting,CLI and distribution,L0 Stage 2,Retained,Explicit,High,Summary,41,50,Phase 3 installs Compiler 2 from the triple chain while Stage 1 remains the builder that initiates bootstrap.,Ship the Stage-1-built compiler artifact | Use Stage 2 without a trusted Stage 1 bootstrap,The delivered compiler proves self-hosting while retaining a trusted bootstrap root.,l0/docs/reference/architecture.md | l0/docs/specs/compiler/stage2-contract.md,l0/docs/decisions/0014-bootstrap-self-hosting-strategy.md | docs/decisions/0001-two-stage-architecture.md,DEA-CANON-0102,Directly covered,Covered,Yes,
DEA-DEC-0108,Plan,l0/work/plans/tools/closed/2026-03-09-stage2-bootstrap-compiler-artifact-noref.md,D02,2026-03-10,The final Stage 2 install prefix does not include or require an installed Stage 1 compiler.,CLI and distribution,Bootstrap and self-hosting,L0 Stage 2,Retained,Explicit,High,Phase 3: repo-independent install prefix,218,227,The prefix is self-contained around Stage 2 and shared assets; Stage 1 is explicitly omitted.,Install both compiler stages | Require a source checkout with Stage 1,"Stage 1 is a bootstrap implementation, not part of the end-user runtime dependency set.",l0/docs/specs/compiler/stage2-contract.md | l0/docs/user/README.md,l0/docs/decisions/0014-bootstrap-self-hosting-strategy.md,DEA-CANON-0103,Covered as part of a broader ADR,Covered,Yes,
DEA-DEC-0109,Plan,l0/work/plans/tools/closed/2026-03-09-stage2-bootstrap-compiler-artifact-noref.md,D03,2026-03-10,The level Makefile is the canonical developer workflow layer rather than a second compiler driver.,Repository and process architecture,CLI and distribution,L0,Retained,Explicit,High,Phase 2 / Key Implementation Changes,118,121,The plan names the top-level Makefile as the canonical repo-local entrypoint.,Expose independent scripts as peer entrypoints | Embed workflow orchestration in l0c,Make coordinates repeatable build/test/install actions while the compiler driver remains focused on compilation.,l0/CLAUDE.md | l0/Makefile,,DEA-CANON-0104,Not covered,"Candidate P2 ADR: L0 build, install, and distribution surfaces",Yes,
DEA-DEC-0110,Plan,l0/work/plans/tools/closed/2026-03-09-stage2-bootstrap-compiler-artifact-noref.md,D04,2026-03-10,"Selecting the repo-local l0c stage is explicit: only use-dev-stage1/use-dev-stage2 change the alias, while install targets do not.",Repository and process architecture,Repository and process architecture,L0,Retained,Explicit,High,Phase 2 target behavior / Assumptions,162,169,Install targets place stage commands without changing the selected alias; use targets alone perform switching.,Implicitly select the last installed stage | Select a stage with an environment variable,Installation and active-tool selection remain separate user actions.,l0/CLAUDE.md | l0/docs/user/README.md,,DEA-CANON-0105,Not covered,"Candidate P2 ADR: L0 build, install, and distribution surfaces",Yes,Explicit repo-local stage selection is a developer workflow/lifecycle boundary rather than compiler CLI parsing or distribution format.
DEA-DEC-0111,Plan,l0/work/plans/tools/closed/2026-03-09-stage2-bootstrap-compiler-artifact-noref.md,D05,2026-03-10,Repo-local compiler wrappers are checkout-relative and intentionally non-relocatable outside the repository.,CLI and distribution,Repository and process architecture,L0,Retained,Explicit,High,Phase 2: repo-local workflow,135,141,"Repo-local wrappers derive the checkout root, use checkout assets, and do not copy shared trees.",Make every developer build a complete relocatable prefix | Use absolute paths captured at generation time,The fast developer workflow can reuse source assets without duplicating install packaging.,l0/docs/specs/compiler/stage2-contract.md | l0/CLAUDE.md,,DEA-CANON-0106,Not covered,"Candidate P2 ADR: L0 build, install, and distribution surfaces",Yes,
DEA-DEC-0112,Plan,l0/work/plans/tools/closed/2026-03-09-stage2-bootstrap-compiler-artifact-noref.md,D06,2026-03-10,"An installed Stage 2 prefix is relocatable and self-contained, with compiler launchers plus copied shared stdlib and runtime assets addressed relative to PREFIX.",CLI and distribution,Repository and process architecture,L0 Stage 2,Retained,Explicit,High,Phase 3: repo-independent install prefix,190,223,The required prefix layout contains bin and shared trees and must continue working after the checkout is moved or removed.,Installed wrappers refer back to the repository | Install only the native binary,End-user toolchains cannot depend on a source checkout.,l0/docs/specs/compiler/stage2-contract.md | l0/docs/user/README.md,,DEA-CANON-0107,Not covered,Candidate P1 ADR: L0 relocatable artifact contract,Yes,
DEA-DEC-0113,Plan,l0/work/plans/tools/closed/2026-03-09-stage2-bootstrap-compiler-artifact-noref.md,D07,2026-03-10,"Install-time self-hosting scrubs inherited L0_SYSTEM, L0_RUNTIME_INCLUDE, and L0_RUNTIME_LIB so caller state cannot redirect bootstrap inputs.",Bootstrap and self-hosting,CLI and distribution,L0 Stage 2,Retained,Explicit,High,Phase 3: repo-independent install prefix,218,225,The internal rebuild is explicitly isolated from installed-prefix environment values.,Honor the caller's active L0 paths during bootstrap | Require users to clean their shell manually,Bootstrap must consume the intended source tree deterministically.,l0/docs/specs/compiler/stage2-contract.md,l0/docs/decisions/0014-bootstrap-self-hosting-strategy.md,DEA-CANON-0108,Covered as part of a broader ADR,Covered,Yes,
DEA-DEC-0114,Plan,l0/work/plans/bug-fixes/closed/2026-03-11-general-logical-short-circuit-arc-temp-lowering-noref.md,D01,2026-03-11,"Value-context && and || use the same structured short-circuit machinery as control-flow conditions, with branch-local ARC cleanup.",Ownership and memory safety,Backend and C emission | Language semantics,L0,Retained,Explicit,High,Fix implemented / Value-producing short-circuit lowering,60,78,Logical values are produced through a result temp and structured branches rather than the generic eager binary path.,Retain a separate value-only boolean lowering | Hoist both operands then emit a C logical operator,All logical contexts preserve source short-circuit semantics despite statement-emitting operands.,l0/docs/reference/ownership.md | l0/docs/reference/c-backend-design.md,l0/docs/decisions/0008-arc-ownership-model.md,DEA-CANON-0109,Directly covered,Covered,Yes,
DEA-DEC-0115,Plan,l0/work/plans/bug-fixes/closed/2026-03-11-stage1-backend-condition-arc-temp-control-flow-noref.md,D01,2026-03-11,Control-flow conditions are lowered through structured branching with evaluation-local ARC temporaries and per-iteration reevaluation.,Ownership and memory safety,Backend and C emission | Language semantics,L0,Retained,Explicit,High,Fix implemented / Lower statement conditions,60,75,"Both backends use scoped condition blocks, explicit short-circuit branches, cleanup before branch transfer, and loop-top reevaluation.",Embed expression text directly in C headers | Hoist temp-producing condition leaves,ARC materialization must not change short-circuit or loop reevaluation semantics.,l0/docs/reference/ownership.md | l0/docs/reference/c-backend-design.md,l0/docs/decisions/0008-arc-ownership-model.md,DEA-CANON-0110,Directly covered,Covered,Yes,
DEA-DEC-0116,Plan,l0/work/plans/features/closed/2026-03-11-triple-bootstrap-self-hosting-noref.md,D01,2026-03-11,Triple bootstrap builds Stage 2 through three generations and requires compiler-2 and compiler-3 retained C to be byte-identical.,Bootstrap and self-hosting,Backend and C emission,L0 Stage 2,Retained,Explicit,High,Public Interface and Deliverables,64,80,The harness builds three generations and makes the second/third retained-C comparison a strict gate.,Stop after one self-build | Require only successful compilation | Compare behavior rather than artifacts,A fixed point in generated C exposes self-hosting drift.,l0/docs/reference/architecture.md | l0/docs/specs/compiler/stage1-contract.md,l0/docs/decisions/0014-bootstrap-self-hosting-strategy.md | docs/decisions/0001-two-stage-architecture.md,DEA-CANON-0111,Directly covered,Covered,Yes,
DEA-DEC-0117,Plan,l0/work/plans/features/closed/2026-03-11-triple-bootstrap-self-hosting-noref.md,D02,2026-03-11,Compiler-2 and compiler-3 native binaries are compared byte-for-byte when the host toolchain can produce deterministic binaries.,Bootstrap and self-hosting,Portability,L0 Stage 2,Superseded,Explicit,High,Goals,47,55,The plan adds native binary identity on toolchains made deterministic by explicit settings.,Compare retained C only | Run semantic smoke tests on both binaries,Native identity adds a stronger fixed-point signal when host metadata can be controlled.,l0/compiler/stage2_l0/tests/l0c_triple_bootstrap_test.py,l0/docs/decisions/0014-bootstrap-self-hosting-strategy.md,DEA-CANON-0112,Partially covered,Update ADR-0014 to describe normalization and platform exceptions,Yes,
DEA-DEC-0118,Plan,l0/work/plans/features/closed/2026-03-11-triple-bootstrap-self-hosting-noref.md,D03,2026-03-11,TinyCC must satisfy retained-C identity but is exempt from native-binary identity because it lacks a stable binary guarantee.,Bootstrap and self-hosting,Portability,L0 Stage 2,Retained,Explicit,High,Enforce deterministic native outputs,112,121,TCC retains the generated-C gate while skipping the native stability probe and comparison.,Reject TCC as unsupported | Require raw native identity from TCC,Compiler correctness remains testable without imposing an unsupported linker determinism promise.,l0/compiler/stage2_l0/tests/l0c_triple_bootstrap_test.py,l0/docs/decisions/0014-bootstrap-self-hosting-strategy.md,DEA-CANON-0113,Partially covered,Update ADR-0014 with toolchain exceptions,Yes,
DEA-DEC-0119,Plan,l0/work/plans/tools/closed/2026-03-11-windows-build-support.md,D01,2026-03-11,Windows support initially designates MinGW-w64 under MSYS2 MINGW64 as Tier 1 and MSVC as partial Tier 2.,Portability,CLI and distribution,L0,Superseded,Explicit,High,Summary,26,32,The closed plan states the supported tier split and CI validation posture.,MSVC as Tier 1 | No Windows support | UCRT64 as the primary MSYS2 environment,MinGW provided the closest existing C99/GNU Make/bash toolchain path.,l0/docs/user/README-WINDOWS.md | l0/docs/project-status.md,,DEA-CANON-0114,Not covered,Candidate P1 ADR: supported host/toolchain tiers,Yes,
DEA-DEC-0120,Plan,l0/work/plans/tools/closed/2026-03-11-windows-build-support.md,D02,2026-03-11,Stage 2 command construction dispatches to host-specific Windows versus POSIX quoting and executable-discovery rules.,Portability,CLI and distribution | Runtime,L0 Stage 2,Retained,Explicit,High,Stage 2 Build Driver Portability,132,144,The build driver selects Windows quoting/where.exe/.exe behavior on Windows and preserves the POSIX path elsewhere.,Use POSIX shell syntax on every host | Add a general argv-based subprocess runtime first,The existing system-based execution layer needs an explicit host-shell abstraction.,l0/docs/reference/architecture.md | l0/docs/user/README-WINDOWS.md,,DEA-CANON-0115,Not covered,Candidate P1 ADR: compiler host-process boundary,Yes,
DEA-DEC-0121,Plan,l0/work/plans/tools/closed/2026-03-11-windows-build-support.md,D03,2026-03-11,Windows builds generate .cmd companion launchers alongside POSIX launchers.,CLI and distribution,Portability,L0,Retained,Explicit,High,Stage 2 Launcher Generation,146,159,The build creates a native cmd.exe entrypoint while retaining the POSIX launcher.,Ship only POSIX shell launchers | Replace POSIX launchers with Windows-only wrappers,One distribution can support native Windows shells and MSYS2/bash workflows.,l0/docs/user/README-WINDOWS.md | l0/docs/specs/compiler/stage2-contract.md,,DEA-CANON-0116,Not covered,Candidate P2 ADR: L0 relocatable artifact contract,Yes,
DEA-DEC-0122,Plan,l0/work/plans/features/closed/2026-03-12-cli-version-flag-and-identity-text-noref.md,D01,2026-03-12,Both L0 compiler stages expose a stable --version operation with stage-specific identity text.,CLI and distribution,,L0,Retained,Explicit,High,Summary,21,31,The plan adds --version to both stages and fixes the Stage 1/Stage 2 identity lines.,Expose version only through help | Use an identical stage-neutral line,Users and tests can identify which compiler stage is active.,l0/docs/specs/compiler/cli-contract.md | l0/docs/specs/compiler/stage2-contract.md,docs/decisions/0003-shared-cli-contract.md,DEA-CANON-0117,Directly covered,Covered,Yes,
DEA-DEC-0123,Plan,l0/work/plans/features/closed/2026-03-12-cli-version-flag-and-identity-text-noref.md,D02,2026-03-12,"The stage identity string is shared by --version and the help heading, and is also emitted by normal verbose startup.",CLI and distribution,,L0,Retained,Explicit,High,Summary,27,33,"The same exact stage line is reused across version, help, and verbose output surfaces.",Use separate branding text per output | Omit identity from verbose startup,One identity source prevents public text drift among CLI modes.,l0/docs/specs/compiler/cli-contract.md | l0/docs/specs/compiler/stage2-contract.md,docs/decisions/0003-shared-cli-contract.md,DEA-CANON-0118,Covered as part of a broader ADR,Covered,Yes,
DEA-DEC-0124,Plan,l0/work/plans/features/closed/2026-03-12-shared-cli-contract-spec.md,D01,2026-03-12,"Stage-independent compiler modes, option validation, target normalization, root search, identity expectations, and exit codes have one normative shared CLI specification.",CLI and distribution,Repository and process architecture,Shared L0/L1,Retained,Explicit,High,Implementation,44,56,The new shared specification is explicitly scoped to common behavior rather than a Stage 1 implementation document.,Keep Stage 1 code as the only oracle | Maintain separate complete contracts per stage,A stable cross-stage and cross-level contract makes parity requirements reviewable.,docs/specs/compiler/cli-contract.md | l0/docs/specs/compiler/cli-contract.md,docs/decisions/0003-shared-cli-contract.md,DEA-CANON-0119,Directly covered,Covered,Yes,
DEA-DEC-0125,Plan,l0/work/plans/features/closed/2026-03-12-shared-cli-contract-spec.md,D02,2026-03-12,Stage-specific CLI differences are called out explicitly inside or alongside the shared contract; they do not justify a separate full Stage 2 contract for shared behavior.,CLI and distribution,Repository and process architecture,Shared L0/L1,Retained,Explicit,High,Implementation,57,73,The plan reserves an explicit differences section and rejects creating a competing Stage 2-wide CLI contract.,Hide implementation differences | Create independent Stage 1 and Stage 2 CLI specifications,Shared meanings stay singular while genuine capability/provenance differences remain visible.,docs/specs/compiler/cli-contract.md | l0/docs/specs/compiler/cli-contract.md | l0/docs/specs/compiler/stage2-contract.md,docs/decisions/0003-shared-cli-contract.md,DEA-CANON-0120,Directly covered,Covered,Yes,
DEA-DEC-0126,Plan,l0/work/plans/features/closed/2026-03-12-stage2-build-info-version-output-noref.md,D01,2026-03-12,Repo-local and installed Stage 2 artifacts embed build provenance in the binary itself.,CLI and distribution,Bootstrap and self-hosting,L0 Stage 2,Retained,Explicit,High,Summary,28,41,Only artifact-producing install-dev-stage2 and install flows receive embedded metadata.,Store provenance only in wrappers | Ship a sidecar metadata file | Provide static identity only,Direct native-binary --version remains informative independently of a launcher or checkout.,l0/docs/specs/compiler/stage2-contract.md | l0/docs/user/README.md,,DEA-CANON-0121,Not covered,Candidate P1 ADR: Stage 2 artifact identity and provenance,Yes,
DEA-DEC-0127,Plan,l0/work/plans/features/closed/2026-03-12-stage2-build-info-version-output-noref.md,D02,2026-03-12,Raw compiler-2 and compiler-3 self-hosted builds omit provenance metadata and use the static version fallback.,Bootstrap and self-hosting,CLI and distribution,L0 Stage 2,Retained,Explicit,High,Summary,35,45,Triple-bootstrap binaries stay on plain source to prevent build-specific metadata from perturbing identity.,Embed a timestamp and commit in every self-build | Normalize provenance out during comparison,Self-hosting fixed-point artifacts must not contain generation-specific inputs.,l0/docs/specs/compiler/stage2-contract.md | l0/compiler/stage2_l0/tests/l0c_triple_bootstrap_test.py,l0/docs/decisions/0014-bootstrap-self-hosting-strategy.md,DEA-CANON-0122,Covered as part of a broader ADR,Covered,Yes,
DEA-DEC-0128,Plan,l0/work/plans/features/closed/2026-03-12-stage2-build-info-version-output-noref.md,D03,2026-03-12,"Build provenance is injected through a generated Stage 2 source overlay, not wrapper plumbing or post-link binary patching.",Bootstrap and self-hosting,CLI and distribution,L0 Stage 2,Retained,Explicit,High,Summary / Implementation,43,45,A temporary build_info.l0 overlay precedes the checked-in source root.,Patch ELF/Mach-O/PE after linking | Pass metadata through launchers | Mutate checked-in source,"Source-level injection is portable, reviewable, and naturally compiled into the direct binary.",l0/docs/specs/compiler/stage2-contract.md,,DEA-CANON-0123,Not covered,Candidate P1 ADR: Stage 2 artifact identity and provenance,Yes,
DEA-DEC-0129,Plan,l0/work/plans/features/closed/2026-03-12-stage2-build-info-version-output-noref.md,D04,2026-03-12,Only --version exposes embedded build provenance; --help and verbose startup retain stable static identity text.,CLI and distribution,,L0 Stage 2,Retained,Explicit,High,Implementation,49,54,The plan confines dynamic metadata to version output and defines the static fallback.,Include provenance in help | Print build metadata on every verbose run,Operational identity is queryable without making ordinary output nondeterministic.,l0/docs/specs/compiler/stage2-contract.md | l0/docs/specs/compiler/cli-contract.md,docs/decisions/0003-shared-cli-contract.md,DEA-CANON-0124,Partially covered,Candidate P1 ADR: Stage 2 artifact identity and provenance,Yes,
DEA-DEC-0130,Plan,l0/work/plans/features/closed/2026-03-12-stage2-build-info-version-output-noref.md,D05,2026-03-12,"Embedded Stage 2 --version output reports build ID, UTC build time, commit/dirty state, host identity, and the actual host-compiler banner, while tolerating unavailable Git metadata.",CLI and distribution,Portability,L0 Stage 2,Retained,Explicit,High,Implementation,88,99,The plan fixes the multiline provenance field set and compact compiler representation.,Expose only a semantic version | Fail artifact builds when Git is absent | Report the compiler command rather than its banner,The installed binary carries enough data to reproduce and diagnose its origin without making archives impossible.,l0/docs/specs/compiler/stage2-contract.md,,DEA-CANON-0125,Not covered,Candidate P1 ADR: Stage 2 artifact identity and provenance,Yes,
DEA-DEC-0131,Plan,l0/work/plans/bug-fixes/closed/2026-03-13-linux-c99-compatibility-noref.md,D01,2026-03-13,"Reading a directory, non-regular file, or oversized file through the runtime is an ordinary recoverable read failure, not an internal panic.",Runtime,Portability,L0,Retained,Explicit,High,Fix Plan / Runtime Linux-safe,69,75,The runtime classifies non-regular and oversized inputs as failed reads.,Panic on unsupported filesystem objects | Attempt to read directories,Host filesystem edge cases belong in the nullable I/O failure model.,l0/docs/reference/standard-library.md,,DEA-CANON-0126,Not covered,Candidate P2 ADR: runtime filesystem failure contract,Yes,
DEA-DEC-0132,Plan,l0/work/plans/bug-fixes/closed/2026-03-13-linux-c99-compatibility-noref.md,D02,2026-03-13,File-scope aggregate constants emit brace-only static initializers that are valid strict C99 in both stages.,Backend and C emission,Portability,L0,Retained,Explicit,High,Fix Plan / Emit C99-safe static initializers,76,80,Struct and tagged-union top-level constants move away from rejected compound-literal forms.,Require compiler extensions | Emit runtime initialization functions,Generated translation units must compile under the stated portable C99 target.,l0/docs/reference/c-backend-design.md | l0/docs/reference/design-decisions.md,l0/docs/decisions/0011-c-emission-strategy.md,DEA-CANON-0127,Directly covered,Covered,Yes,
DEA-DEC-0133,Plan,l0/work/plans/bug-fixes/closed/2026-03-13-linux-c99-compatibility-noref.md,D03,2026-03-13,Linux triple bootstrap keeps retained-C comparison raw and byte-exact but compares stripped/normalized native artifacts.,Bootstrap and self-hosting,Portability,L0 Stage 2,Retained,Explicit,High,Fix Plan / Normalize Linux bootstrap artifact comparison,82,87,Native ELF metadata is normalized without weakening the generated-C gate.,Compare raw ELF files | Skip all native comparison on Linux,Path-sensitive host metadata is not a compiler-codegen difference.,l0/compiler/stage2_l0/tests/l0c_triple_bootstrap_test.py,l0/docs/decisions/0014-bootstrap-self-hosting-strategy.md,DEA-CANON-0128,Partially covered,Update ADR-0014 with normalization rules,Yes,
DEA-DEC-0134,Plan,l0/work/plans/bug-fixes/closed/2026-03-13-windows-stage2-shell-test-regressions-noref.md,D01,2026-03-13,Windows triple bootstrap requires retained-C identity but skips native PE identity when binary determinism cannot be guaranteed.,Bootstrap and self-hosting,Portability,L0 Stage 2,Retained,Explicit,High,Planned Fix / win32 triple bootstrap,108,115,The plan preserves the compiler-output fixed point while permitting a platform-specific native exception.,Fail Windows as unsupported | Require raw PE identity | Skip triple bootstrap entirely,PE timestamps and metadata do not invalidate byte-identical generated C.,l0/compiler/stage2_l0/tests/l0c_triple_bootstrap_test.py,l0/docs/decisions/0014-bootstrap-self-hosting-strategy.md,DEA-CANON-0129,Partially covered,Update ADR-0014 with the Windows native exception,Yes,
DEA-DEC-0135,Plan,l0/work/plans/refactors/closed/2026-03-13-stdlib-fs-io-boundary-cleanup-noref.md,D01,2026-03-13,"All path-based file operations live in std.fs; std.io is reserved for standard streams, byte-stream operations, flushing, and printing.",Standard library,,L0,Retained,Explicit,High,Summary,26,33,The plan draws an intent-based hard module boundary between filesystem paths and streams.,Keep read_file/write_file in std.io | Duplicate path APIs across modules,Imports communicate whether code depends on filesystems or only streams.,l0/docs/reference/standard-library.md,l0/docs/decisions/0015-stdlib-module-boundaries.md,DEA-CANON-0083,Directly covered,Covered,Yes,
DEA-DEC-0136,Plan,l0/work/plans/refactors/closed/2026-03-13-stdlib-fs-io-boundary-cleanup-noref.md,D02,2026-03-13,"std.fs.exists reports existence of any path, including directories.",Standard library,Runtime,L0,Retained,Explicit,High,Public API and Type Interface / Assumptions,52,57,The generic helper reuses RtFileInfo/stat and removes the redundant fast-path runtime call.,Define exists as regular-file existence | Keep a dedicated runtime ABI entrypoint,One metadata operation owns existence and kind semantics.,l0/docs/reference/standard-library.md,l0/docs/decisions/0015-stdlib-module-boundaries.md,DEA-CANON-0130,Covered as part of a broader ADR,Covered,Yes,The public semantic choice is the any-path meaning; deriving it from metadata is an implementation consequence and is removed from the atomic summary.
DEA-DEC-0137,Plan,l0/work/plans/refactors/closed/2026-03-13-stdlib-fs-io-boundary-cleanup-noref.md,D03,2026-03-13,The std.io-to-std.fs API move is a clean break with no forwarding aliases or deprecation period.,Standard library,CLI and distribution,L0,Historical only,Explicit,High,Assumptions and Defaults,93,99,The plan explicitly chooses a hard cut and removes old names.,Retain deprecated forwarding wrappers | Support both modules for one release,The pre-1.0 surface could be corrected without carrying duplicate ownership.,l0/docs/reference/standard-library.md,l0/docs/decisions/0015-stdlib-module-boundaries.md,DEA-CANON-0131,Covered as part of a broader ADR,Historical migration detail,Yes,
DEA-DEC-0138,Plan,l0/work/plans/tools/closed/2026-03-13-linux-ci-workflow.md,D01,2026-03-13,GitHub Actions compiler validation delegates to make test-all as its single orchestration entrypoint rather than duplicating test commands in workflow YAML.,Repository and process architecture,,Repository/tooling,Retained,Explicit,High,Goals,38,44,The workflow reuses the top-level validation target as the source of truth.,Encode each test suite directly in YAML | Maintain CI-specific test scripts,Local and hosted validation execute the same orchestration contract.,.github/workflows/l0-ci.yml | l0/CLAUDE.md,,DEA-CANON-0132,Not covered,Candidate P2 ADR: validation orchestration tiers,Yes,
DEA-DEC-0139,Plan,l0/work/plans/tools/closed/2026-03-13-linux-docker-test-workflow.md,D01,2026-03-13,Docker validation is explicitly opt-in and never an implicit dependency of normal host Make targets or CI.,Repository and process architecture,Portability,Repository/tooling,Retained,Explicit,High,Summary / Goals,22,42,make docker is developer-triggered and preserves host-side defaults.,Run default tests inside Docker | Require Docker for development | Make CI container-only,A reproducible Linux environment is available without displacing native workflows.,l0/CLAUDE.md | l0/README.md,,DEA-CANON-0133,Not covered,Candidate P3 ADR: optional container validation,Yes,
DEA-DEC-0140,Plan,l0/work/plans/tools/closed/2026-03-13-linux-docker-test-workflow.md,D02,2026-03-13,The repository-owned Docker environment is a thin wrapper that invokes existing Make targets rather than defining Docker-only test orchestration.,Repository and process architecture,,Repository/tooling,Retained,Explicit,High,Developer entrypoint / Risks and Notes,61,68,make docker requires a target and delegates behavior to the normal Make surface.,Duplicate compiler/test commands in the image entrypoint | Define a separate Docker test suite,There remains one validation definition across host and container execution.,l0/CLAUDE.md | l0/Makefile,,DEA-CANON-0134,Not covered,Candidate P3 ADR: optional container validation,Yes,
DEA-DEC-0141,Plan,l0/work/plans/tools/closed/2026-03-13-windows-dev-install-and-prefix-workflow.md,D01,2026-03-13,Repo-local and installed layouts provide native cmd.exe activation alongside the existing POSIX/MSYS2 activation path.,CLI and distribution,Portability,L0,Retained,Explicit,High,Current State,50,59,Both layouts emit l0-env.cmd while preserving l0-env.sh.,Require manual PATH edits in native shells | Support only MSYS2 bash,The same artifact layout can be activated from supported native and POSIX-style Windows shells.,l0/docs/user/README-WINDOWS.md | l0/docs/specs/compiler/stage2-contract.md,,DEA-CANON-0135,Not covered,Candidate P2 ADR: L0 relocatable artifact contract,Yes,
DEA-DEC-0142,Plan,l0/work/plans/tools/closed/2026-03-13-windows-dev-install-and-prefix-workflow.md,D02,2026-03-13,Activation scripts own PATH and L0_HOME setup but do not force L0_SYSTEM or L0_RUNTIME_INCLUDE.,CLI and distribution,Repository and process architecture,L0,Retained,Explicit,High,Generate Windows-native activation scripts,90,109,The generated activation contract adds bin and sets layout root while avoiding lower-level path overrides.,Export every derived resource path | Require users to set L0_HOME separately,Compiler default resolution stays centralized and explicit user overrides remain authoritative.,l0/docs/specs/compiler/cli-contract.md | l0/docs/user/README-WINDOWS.md,docs/decisions/0003-shared-cli-contract.md,DEA-CANON-0136,Covered as part of a broader ADR,Covered,Yes,
DEA-DEC-0143,Plan,l0/work/plans/tools/closed/2026-03-15-stage2-dist-target.md,D01,2026-03-15,Distribution packaging reuses the installed-prefix layout so L0 has one relocatable runtime contract.,CLI and distribution,Repository and process architecture,L0 Stage 2,Retained,Explicit,High,Goals,34,44,make dist packages the existing prefix shape rather than introducing a second runtime layout.,Define an archive-only layout | Package only the compiler binary,Install and archive workflows exercise the same launcher/resource assumptions.,l0/docs/specs/compiler/stage2-contract.md | l0/docs/reference/architecture.md,,DEA-CANON-0137,Not covered,Candidate P1 ADR: L0 relocatable artifact contract,Yes,
DEA-DEC-0144,Plan,l0/work/plans/tools/closed/2026-03-15-stage2-dist-target.md,D02,2026-03-15,Host-native distribution archives use zip on Windows and tar.gz on POSIX hosts.,CLI and distribution,Portability,L0,Retained,Explicit,High,Goals,36,40,The archive format is selected by host platform.,Use zip everywhere | Use tar.gz everywhere | Produce both formats per host,Each platform receives a conventional extraction format.,l0/docs/specs/compiler/stage2-contract.md | l0/docs/user/README.md,,DEA-CANON-0138,Not covered,Candidate P1 ADR: L0 relocatable artifact contract,Yes,
DEA-DEC-0145,Plan,l0/work/plans/tools/closed/2026-03-15-stage2-dist-target.md,D03,2026-03-15,"A distribution archive unpacks to a dea-l0 root and its filename encodes level, host OS/architecture, and UTC build time.",CLI and distribution,,L0,Retained,Explicit,High,Goals,40,44,The plan fixes the top-level directory and host/timestamp archive naming contract.,Unpack files at archive root | Use an unqualified compiler-only archive name,Stable layout prevents collisions and exposes provenance before extraction.,l0/docs/specs/compiler/stage2-contract.md | l0/docs/reference/architecture.md,,DEA-CANON-0139,Not covered,Candidate P1 ADR: L0 relocatable artifact contract,Yes,
DEA-DEC-0146,Plan,l0/work/plans/tools/closed/2026-03-16-github-release-workflow-noref.md,D01,2026-03-16,Stable L0 release tags trigger a multi-platform workflow that publishes binary archives as a GitHub Release.,CLI and distribution,Repository and process architecture,L0,Retained,Explicit,High,Goals,30,38,A pushed release tag is the publication trigger for archive builds and release creation.,Manual-only releases | Publish archives outside GitHub Releases | Build releases on branch pushes,The tag binds one immutable source revision to one release artifact set.,.github/workflows/l0-release.yml | l0/docs/releases/README.md,,DEA-CANON-0140,Not covered,Candidate P0 ADR: L0 release identity and publication contract,Yes,
DEA-DEC-0147,Plan,l0/work/plans/tools/closed/2026-03-16-github-release-workflow-noref.md,D02,2026-03-16,"Release identity initially uses date-based vYYYY-MM-DD tags, with a UTC time suffix for multiple releases on one date; the tag is the version source of truth.",CLI and distribution,Repository and process architecture,L0,Superseded,Explicit,High,Versioning Scheme,48,58,The plan chooses date tags and derives the injected VERSION value by removing v.,Semantic versions | Commit-hash versions | A manually maintained VERSION file,Date tags supplied a simple initial release identity before level-prefixed semantic versioning.,l0/docs/releases/README.md | .github/workflows/l0-release.yml,,DEA-CANON-0141,Not covered,Candidate P0 ADR should record the current l0-vX.Y.Z successor and this history,Yes,
DEA-DEC-0148,Plan,l0/work/plans/tools/closed/2026-03-16-github-release-workflow-noref.md,D03,2026-03-16,"L0 binary releases target Linux x86_64, macOS x86_64, macOS arm64, and Windows x86_64.",Portability,CLI and distribution,L0,Retained,Explicit,High,Binary Matrix,60,70,The release matrix fixes four host/architecture artifacts and their toolchains/formats.,Source-only releases | A smaller Linux-only matrix | Universal macOS binaries,The published toolchain covers the project's supported desktop host set.,.github/workflows/l0-release.yml | l0/docs/project-status.md,,DEA-CANON-0142,Not covered,Candidate P1 ADR: supported host/toolchain tiers,Yes,
DEA-DEC-0149,Plan,l0/work/plans/tools/closed/2026-03-16-github-release-workflow-noref.md,D04,2026-03-16,Release workflows inject an uncommitted VERSION artifact derived from the release identity into binary distributions.,CLI and distribution,Repository and process architecture,L0,Retained,Explicit,High,Versioning Scheme,50,55,VERSION is generated during packaging from the tag and is deliberately not committed.,Commit and manually update VERSION | Derive versions only at runtime from Git,Archive consumers retain machine-readable identity even without repository metadata.,l0/docs/specs/compiler/stage2-contract.md | .github/workflows/l0-release.yml,,DEA-CANON-0143,Not covered,Candidate P0 ADR: L0 release identity and publication contract,Yes,
DEA-DEC-0150,Plan,l0/work/plans/tools/closed/2026-03-16-github-release-workflow-noref.md,D05,2026-03-16,"Binary distributions bundle README, examples, and normative reference documentation, but exclude plans, proposals/specs, attic material, and contributor documentation.",CLI and distribution,Repository and process architecture,L0,Retained,Explicit,High,Archive Contents,77,100,The plan defines the offline orientation/reference payload and explicit exclusions.,Ship only executable/runtime files | Bundle the full repository documentation tree,Users get runnable examples and language references without carrying development history.,l0/docs/specs/compiler/stage2-contract.md | l0/docs/user/README.md,,DEA-CANON-0144,Not covered,Candidate P1 ADR: L0 relocatable artifact contract,Yes,
DEA-DEC-0151,Plan,l0/work/plans/tools/closed/2026-03-16-github-release-workflow-noref.md,D06,2026-03-16,SHA-256 checksums are the initial release integrity mechanism; artifact signing is deferred.,CLI and distribution,Repository and process architecture,L0,Retained,Explicit,High,Non-Goals / Checksums,40,45,The plan explicitly chooses checksums while deferring GPG and sigstore signing.,GPG signatures | Sigstore attestations | No integrity manifest,A single cross-platform checksum manifest provides an immediately deployable verification baseline.,l0/docs/releases/README.md | .github/workflows/l0-release.yml,,DEA-CANON-0145,Not covered,Candidate P1 ADR: L0 release integrity and provenance,Yes,
DEA-DEC-0152,Plan,l0/work/plans/tools/closed/2026-03-16-github-release-workflow-noref.md,D07,2026-03-16,Manual snapshot builds publish the same artifact matrix as a prerelease under a workflow-created snapshot tag.,CLI and distribution,Repository and process architecture,L0,Retained,Explicit,High,Snapshot workflow,182,190,A separate workflow_dispatch path creates a stable snapshot ref and prerelease.,Keep snapshots as ephemeral workflow artifacts | Use nightly scheduled snapshots | Reuse stable release tags,Ad hoc builds remain downloadable and identifiable without entering the stable release line.,.github/workflows/l0-snapshot.yml,,DEA-CANON-0146,Not covered,Candidate P1 ADR: L0 release identity and publication contract,Yes,
DEA-DEC-0153,Plan,l0/work/plans/tools/closed/2026-03-16-github-release-workflow-noref.md,D08,2026-03-16,Release bodies are initially generated automatically from the Git log since the previous tag.,Repository and process architecture,CLI and distribution,Repository/tooling,Superseded,Explicit,High,Release notes generation,192,208,The publisher derives its body from commit subjects in the previous-tag range.,Curated checked-in release bodies | GitHub auto-generated notes | A maintained changelog,The first release automation avoided a separate release-note maintenance process.,l0/docs/releases/README.md | .github/workflows/l0-release.yml,,DEA-CANON-0147,Not covered,Candidate P0 ADR should record the current curated-release-body successor,Yes,
DEA-DEC-0154,Plan,l0/work/plans/bug-fixes/closed/2026-03-17-darwin-arm64-triple-bootstrap-native-mismatch-noref.md,D01,2026-03-17,"Darwin native bootstrap identity disables ad-hoc signing, removes residual code signatures, and strips metadata before comparison while retaining raw retained-C identity.",Bootstrap and self-hosting,Portability,L0 Stage 2,Superseded,Explicit,High,Fix Plan,29,36,The linker and comparison pipeline normalize Darwin-specific UUID/signature metadata.,Skip Darwin native comparison | Compare signed binaries directly,Code signatures can differ even when compiler output is stable.,l0/compiler/stage2_l0/tests/l0c_triple_bootstrap_test.py,l0/docs/decisions/0014-bootstrap-self-hosting-strategy.md,DEA-CANON-0148,Partially covered,Update ADR-0014 with platform normalization,Yes,The July Darwin policy narrows the former blanket normalization rule: arm64 executables now retain loader-required UUID and signature commands and normalize only comparison copies.
DEA-DEC-0155,Plan,l0/work/plans/bug-fixes/closed/2026-03-21-chirpy-blog-export-link-target-parity-noref.md,D01,2026-03-21,Manual documentation publishing keeps blog synchronization opt-in by default.,Repository and process architecture,CLI and distribution,Repository/tooling,Retained,Explicit,High,Scope Of This Fix / Progress,46,59,publish_blog defaults false so ordinary manual documentation runs do not update the external blog.,Enable blog publication by default | Always publish every generated surface together,Cross-repository publication requires a deliberate action.,.github/workflows/l0-docs-publish.yml,,DEA-CANON-0149,Not covered,Candidate P1 ADR: CI publication authorization boundaries,Yes,
DEA-DEC-0156,Plan,l0/work/plans/bug-fixes/closed/2026-03-21-chirpy-blog-export-link-target-parity-noref.md,D02,2026-03-21,Standalone generated Markdown and Pages output remain canonical; Chirpy-specific compatibility normalization is confined to the export transform.,Repository and process architecture,,Repository/tooling,Retained,Explicit,High,Summary / Assumptions,31,32,Blog compatibility must not alter the shared generated source surface.,Change base Markdown to satisfy Chirpy | Make the blog export the canonical docs model,Destination quirks cannot distort outputs consumed by other renderers.,l0/docs/README.md,,DEA-CANON-0150,Not covered,Candidate P2 ADR: generated documentation publication surfaces,Yes,
DEA-DEC-0157,Plan,l0/work/plans/refactors/closed/2026-03-22-backend-emitter-boundary-cleanup-noref.md,D01,2026-03-22,"The backend owns semantic branch selection, types, expressions, and ownership/control-flow orchestration; the emitter owns exact C syntax.",Backend and C emission,Frontend architecture,L0,Retained,Explicit,High,Target Boundary,76,89,The plan explicitly partitions semantic lowering decisions from C fragment spellings.,Allow backend code to construct C directly | Move semantic policy into the emitter,Language correctness and target-language rendering can evolve and be reviewed separately.,l0/docs/reference/c-backend-design.md,l0/docs/decisions/0011-c-emission-strategy.md,DEA-CANON-0151,Directly covered,Covered,Yes,
DEA-DEC-0158,Plan,l0/work/plans/tools/closed/2026-03-23-decouple-chirpy-blog-publishing-noref.md,D01,2026-03-23,"Dea publishes the Chirpy export as a workflow artifact and, when possible, a release asset instead of directly writing the destination repository.",Repository and process architecture,CLI and distribution,Repository/tooling,Retained,Explicit,High,Solution / Dea repo,28,45,The sync job becomes archive production and all checkout/commit/push steps are removed.,Directly push the blog subtree | Require the destination to regenerate docs,Artifact handoff decouples generation authority from destination write credentials and policy.,.github/workflows/l0-docs-publish.yml | l0/docs/README.md,,DEA-CANON-0152,Not covered,Candidate P1 ADR: cross-repository publication handoff,Yes,
DEA-DEC-0159,Plan,l0/work/plans/tools/closed/2026-03-23-decouple-chirpy-blog-publishing-noref.md,D02,2026-03-23,Cross-repository blog notification uses an optional repository_dispatch and silently becomes a no-op when target or credentials are absent.,Repository and process architecture,CLI and distribution,Repository/tooling,Retained,Explicit,High,Solution / Dea repo,32,45,Dispatch is guarded by optional configuration and missing settings are no longer fatal.,Require dispatch configuration | Poll only | Directly push without notification,Documentation generation remains useful independently of an external blog integration.,.github/workflows/l0-docs-publish.yml,,DEA-CANON-0153,Not covered,Candidate P1 ADR: cross-repository publication handoff,Yes,
DEA-DEC-0160,Plan,l0/work/plans/tools/closed/2026-03-23-decouple-chirpy-blog-publishing-noref.md,D03,2026-03-23,"The destination blog owns its branch choice, polling/import workflow, commits, and deployment; Dea owns only the export artifact and notification.",Repository and process architecture,,Repository/tooling,Retained,Explicit,High,Blog repo,47,60,A destination-owned workflow pulls by release tag/run ID and tracks its own synchronized marker.,Let Dea choose and push the destination branch | Share one coupled workflow across repositories,Repository-local policy remains with the repository that bears the write and deploy effects.,l0/docs/README.md | .github/workflows/l0-docs-publish.yml,,DEA-CANON-0154,Not covered,Candidate P1 ADR: cross-repository publication handoff,Yes,
DEA-DEC-0161,Plan,l0/work/plans/tools/closed/2026-03-23-shell-to-python-tooling-port-noref.md,D01,2026-03-23,Any first-party script that does more than set environment variables or exec a binary is implemented in Python; only thin launcher and activation pairs remain shell/cmd.,Repository and process architecture,Portability,Repository/tooling,Retained,Explicit,High,Design Decision,46,59,The rule of thumb defines the boundary between Python tooling and shell-native glue.,Maintain parallel shell/cmd implementations | Require POSIX shell for all tooling | Rewrite tools in Dea immediately,One cross-platform implementation language eliminates behavioral drift across supported hosts.,CLAUDE.md | l0/CLAUDE.md,docs/decisions/0004-monorepo-directory-structure.md,DEA-CANON-0155,Partially covered,Candidate P1 ADR: first-party tooling language and shell boundary,Yes,
DEA-DEC-0162,Plan,l0/work/plans/tools/closed/2026-03-23-shell-to-python-tooling-port-noref.md,D02,2026-03-23,Make remains the top-level workflow orchestrator after shell implementation logic moves to Python.,Repository and process architecture,,Repository/tooling,Retained,Explicit,High,Non-Goals,98,103,The plan explicitly retains Make and changes the implementation language beneath its targets.,Replace Make with a Python CLI | Expose Python scripts without a common orchestrator,User-facing workflow commands stay stable while portability improves internally.,CLAUDE.md | l0/Makefile,,DEA-CANON-0156,Not covered,Candidate P1 ADR: first-party tooling language and shell boundary,Yes,
DEA-DEC-0163,Plan,l0/work/plans/refactors/closed/2026-03-24-monorepo-language-level-layout-noref.md,D01,2026-03-24,"Each Dea language level is an autonomous subtree that owns its compiler, documentation, tests, scripts, and Makefile.",Repository and process architecture,Bootstrap and self-hosting,Dea-wide,Retained,Explicit,High,Summary / Goals,24,35,"The monorepo is organized as self-contained l0, l1, and later language-level projects.",Keep one flat cross-level tree | Organize primarily by compiler phase rather than language level,Each level can evolve and be reviewed as a coherent project while participating in the bootstrap chain.,MONOREPO.md | CLAUDE.md,docs/decisions/0004-monorepo-directory-structure.md,DEA-CANON-0157,Directly covered,Covered,Yes,
DEA-DEC-0164,Plan,l0/work/plans/refactors/closed/2026-03-24-monorepo-language-level-layout-noref.md,D02,2026-03-24,Language-specific assets remain inside their level until a second real consumer justifies extraction to a shared root location.,Repository and process architecture,,Dea-wide,Retained,Explicit,High,Design Decisions / D1,122,125,The placement rule moves all current language-specific material into l0 and delays shared extraction until another consumer exists.,Preemptively create shared libraries and tooling | Duplicate shared assets permanently in every level,Consumer-driven extraction avoids speculative abstractions while keeping genuinely shared concerns centralized.,MONOREPO.md | CLAUDE.md,docs/decisions/0004-monorepo-directory-structure.md,DEA-CANON-0158,Covered as part of a broader ADR,Covered,Yes,
DEA-DEC-0165,Plan,l0/work/plans/refactors/closed/2026-03-24-monorepo-language-level-layout-noref.md,D03,2026-03-24,Each language level's Stage 1 compiler is built by the preceding level's mature Stage 2 compiler.,Bootstrap and self-hosting,Repository and process architecture,Dea-wide,Retained,Explicit,High,Goals,34,36,"The plan makes the cross-level chain explicit: L1 Stage 1 is compiled by L0 Stage 2, L2 Stage 1 by L1 Stage 2, and so on.",Use an external host language for every level | Have each level bootstrap directly from its own Stage 1 implementation,The previous stable level provides the trusted implementation language and compiler base for the next level.,README.md | MONOREPO.md,docs/decisions/0001-two-stage-architecture.md,DEA-CANON-0159,Directly covered,Covered,Yes,
DEA-DEC-0166,Plan,l0/work/plans/refactors/closed/2026-03-24-monorepo-language-level-layout-noref.md,D04,2026-03-24,Language-agnostic vendored tools and their license/patch metadata live at the monorepo root for reuse across levels.,Repository and process architecture,,Repository/tooling,Retained,Explicit,High,Design Decisions / D2,127,130,"m.css, its patch record, and third-party notices are assigned to root-owned tooling.",Vendor a copy inside every language level | Place third-party tools inside the first consuming level,Vendor ownership follows cross-level reuse rather than any one language implementation.,MONOREPO.md | CLAUDE.md,docs/decisions/0004-monorepo-directory-structure.md,DEA-CANON-0160,Directly covered,Covered,Yes,
DEA-DEC-0167,Plan,l0/work/plans/refactors/closed/2026-03-24-monorepo-language-level-layout-noref.md,D05,2026-03-24,The root Makefile is limited to monorepo-wide orchestration and does not expose level-specific dispatcher aliases.,Repository and process architecture,,Repository/tooling,Retained,Explicit,High,Design Decisions / D3,132,141,Root targets are monorepo concerns; level-specific work remains under each level's Makefile.,Expose l0-* and l1-* forwarding targets at root | Use only level Makefiles with no root orchestration,The command boundary mirrors directory ownership and avoids a second namespace for every level operation.,CLAUDE.md | Makefile | MONOREPO.md,docs/decisions/0004-monorepo-directory-structure.md,DEA-CANON-0161,Covered as part of a broader ADR,Covered,Yes,
DEA-DEC-0168,Plan,l0/work/plans/refactors/closed/2026-03-24-monorepo-language-level-layout-noref.md,D06,2026-03-24,All language levels share one repository-root Python virtual environment rather than maintaining per-level environments.,Repository and process architecture,,Repository/tooling,Retained,Explicit,High,Design Decisions / D4,143,146,Level-local venv targets populate or reuse one root .venv.,One virtual environment per level | Rely only on globally installed Python packages,Shared tooling dependencies and activation remain coherent across the monorepo.,CLAUDE.md | MONOREPO.md | pyproject.toml,docs/decisions/0004-monorepo-directory-structure.md,DEA-CANON-0162,Directly covered,Covered,Yes,
DEA-DEC-0169,Plan,l0/work/plans/refactors/closed/2026-03-24-monorepo-language-level-layout-noref.md,D07,2026-03-24,"Pre-commit configuration is a root-owned, monorepo-wide policy applied across level and root-authored content.",Repository and process architecture,,Repository/tooling,Retained,Explicit,High,Design Decisions / D5,148,152,One root configuration governs hooks and excludes vendored content from authored-content policies.,Maintain independent pre-commit policies per level | Apply hooks only to root files,Repository-wide policy remains consistent while language levels retain implementation autonomy.,CLAUDE.md | .pre-commit-config.yaml,docs/decisions/0004-monorepo-directory-structure.md,DEA-CANON-0163,Covered as part of a broader ADR,ADR not warranted beyond the monorepo layout ADR,Yes,
DEA-DEC-0170,Plan,l0/work/plans/refactors/closed/2026-03-24-monorepo-language-level-layout-noref.md,D08,2026-03-24,"CI workflows remain under root .github/workflows, while per-level path filters include both the level subtree and every shared root input the workflow consumes.",Repository and process architecture,,Repository/tooling,Retained,Explicit,High,Design Decisions / D8,166,169,Root workflow placement is paired with level-specific triggering over level and shared-input paths.,Place workflows inside level subtrees | Run every level workflow for every repository change,GitHub's root placement requirement is reconciled with level autonomy and correct shared-input invalidation.,.github/workflows/l0-ci.yml | .github/workflows/l1-ci.yml | MONOREPO.md,docs/decisions/0004-monorepo-directory-structure.md,DEA-CANON-0164,Covered as part of a broader ADR,Covered,Yes,
DEA-DEC-0171,Plan,l0/work/plans/bug-fixes/closed/2026-03-30-windows-dist-libwinpthread-dll-dependency-noref.md,D01,2026-03-30,"Windows distribution and install builds statically link the GCC runtime by default, while explicit L0_CFLAGS still override the distribution default.",ABI and linking,CLI and distribution | Portability,L0,Retained,Explicit,High,Fix,30,35,Windows dist/install defaults change to -O2 -static so the compiler runs without MinGW runtime DLLs; developer builds remain unchanged.,Bundle libwinpthread-1.dll | Require MSYS2 runtime DLLs on PATH | Statically link every development build,Published compiler binaries should run from ordinary CMD or PowerShell without an external MinGW runtime installation.,l0/Makefile | l0/docs/specs/compiler/stage2-contract.md,,DEA-CANON-0165,Not covered,Candidate P1 ADR: L0 relocatable distribution artifact contract,Yes,
DEA-DEC-0172,Plan,l0/work/plans/bug-fixes/closed/2026-03-31-msys2-mingw64-dev-environment-test-failures-noref.md,D01,2026-03-31,Both compiler stages canonicalize generated C #line file paths to forward slashes on every platform.,Backend and C emission,Portability | Bootstrap and self-hosting,L0,Retained,Explicit,High,C. Normalize #line paths to forward slashes in both stages,73,86,"The two emitters apply the same separator normalization, which works across GCC, Clang, and MSVC.",Emit host-native separators | Normalize only during bootstrap comparison | Disable line directives on Windows,Canonical source paths preserve retained-C identity across wrapper and direct compiler invocation while remaining portable C.,l0/docs/reference/c-backend-design.md | l0/compiler/stage1_py/l0_c_emitter.py | l0/compiler/stage2_l0/src/c_emitter.l0,l0/docs/decisions/0011-c-emission-strategy.md,DEA-CANON-0166,Covered as part of a broader ADR,Update ADR-0011 only if it documents canonical line-directive spelling,Yes,
DEA-DEC-0173,Plan,l0/work/plans/tools/closed/2026-03-31-windows-ci-msys2-mingw-python-noref.md,D01,2026-03-31,UCRT64 with MSYS2 Python is the recommended Windows developer environment and the automatic Windows CI target on pushes and pull requests.,Portability,Repository and process architecture,Repository/tooling,Retained,Explicit,High,Recommendation,139,144,Option A selects UCRT64 as the default future-facing path and validates it automatically.,Keep native Windows Python as the default | Keep MINGW64 as the default | Adopt CLANG64,Routine validation should match the newer supported MSYS2 environment most developers are directed to use.,l0/docs/user/README-WINDOWS.md | .github/workflows/l0-ci.yml,,DEA-CANON-0167,Not covered,Candidate P1 ADR: supported Windows host and toolchain tiers,Yes,
DEA-DEC-0174,Plan,l0/work/plans/tools/closed/2026-03-31-windows-ci-msys2-mingw-python-noref.md,D02,2026-03-31,MINGW64 with MSYS2 Python and native Windows Python remain supported Windows configurations exercised through manual workflow dispatch.,Portability,Repository and process architecture,Repository/tooling,Retained,Explicit,High,Recommendation,139,144,The chosen matrix preserves explicit manual validation for the alternate MSYS2 and cmd.exe-oriented Python paths.,Drop MINGW64 support | Drop native Windows Python support | Run all three configurations automatically,Alternate supported workflows retain coverage without multiplying the cost of every push and pull request.,l0/docs/user/README-WINDOWS.md | .github/workflows/l0-ci.yml,,DEA-CANON-0168,Not covered,Candidate P1 ADR: supported Windows host and toolchain tiers,Yes,
DEA-DEC-0175,Plan,work/plans/refactors/closed/2026-04-02-l1-bootstrap-scaffold-noref.md,D01,2026-04-02,Local L1 development defaults to the repository-local L0 Stage 2 compiler.,Bootstrap and self-hosting,,L1 Stage 1,Retained,Explicit,High,Defaults Chosen,34,37,The local default is l0/build/dea/bin/l0c-stage2.,Resolve l0c from PATH,,,l1/docs/decisions/0001-bootstrap-adaptation-strategy.md,DEA-CANON-0169,Covered as part of a broader ADR,Covered,Yes,
DEA-DEC-0176,Plan,work/plans/refactors/closed/2026-04-02-l1-bootstrap-scaffold-noref.md,D02,2026-04-02,CI and release bootstrap validation require an explicit upstream compiler path through L1_BOOTSTRAP_L0C.,Bootstrap and self-hosting,,L1 Stage 1,Retained,Explicit,High,Defaults Chosen,36,38,CI and future validation must use an explicit L1_BOOTSTRAP_L0C rather than an ambient compiler.,Ambient PATH selection,,,l1/docs/decisions/0001-bootstrap-adaptation-strategy.md,DEA-CANON-0170,Covered as part of a broader ADR,Covered,Yes,
DEA-DEC-0177,Plan,work/plans/refactors/closed/2026-04-02-l1-bootstrap-scaffold-noref.md,D03,2026-04-02,L1 language files use the .l1 extension while the L1 Stage 1 implementation remains L0 source with .l0.,CLI and distribution,,L1 Stage 1,Retained,Embedded,High,Current State,46,61,The scaffold establishes .l1 for L1 fixtures and stdlib but keeps the bootstrapping compiler implementation in .l0.,,,l1/docs/reference/grammar.md,,DEA-CANON-0171,Partially covered,Not warranted,Yes,
DEA-DEC-0178,Plan,work/plans/tools/closed/2026-04-02-l1-ci-release-line-noref.md,D01,2026-04-02,The l1-v* and l1-snapshot-* tag namespaces remain reserved until L1 artifacts are intentionally releasable.,Repository and process architecture,,Repository/tooling,Retained,Explicit,High,Defaults Chosen,66,70,L1 release tag namespaces are reserved but unused until artifact readiness.,,,MONOREPO.md,,DEA-CANON-0172,Not covered,Not warranted,Yes,
DEA-DEC-0179,Plan,work/plans/tools/closed/2026-04-02-l1-ci-release-line-noref.md,D02,2026-04-02,Bare v* tags are invalid for new monorepo releases and L1 does not use dual tags.,Repository and process architecture,,Repository/tooling,Retained,Explicit,High,Defaults Chosen,68,70,The plan retains the level-qualified tag policy and rejects dual tagging.,Bare vX.Y.Z | Dual bare and level-qualified tags,,MONOREPO.md,,DEA-CANON-0173,Not covered,Not warranted,Yes,
DEA-DEC-0180,Plan,work/plans/tools/closed/2026-04-02-l1-ci-release-line-noref.md,D03,2026-04-02,"L1 release and snapshot workflows are deferred until install, distribution, launcher, and smoke-test contracts are stable.",Repository and process architecture,,Repository/tooling,Deferred,Explicit,High,Dependency Statement,55,59,Release automation is gated on a stable product artifact contract.,,,MONOREPO.md,,DEA-CANON-0174,Not covered,Not warranted,Yes,
DEA-DEC-0181,Plan,l1/work/plans/features/closed/2026-04-03-dea-virtual-module-noref.md,D01,2026-04-03,dea is a compiler-synthesized virtual module with no source file or parsed DriverUnit.,Frontend architecture,,L1 Stage 1,Retained,Explicit,High,Implemented Design,41,52,The prelude module and its exports are synthesized in memory and injected in resolution.,Ship an on-disk dea module | Represent it as a parsed driver unit,,l1/docs/reference/design-decisions.md,l1/docs/decisions/0002-dea-virtual-prelude-module.md,DEA-CANON-0175,Directly covered,Covered,Yes,
DEA-DEC-0182,Plan,l1/work/plans/features/closed/2026-04-03-dea-virtual-module-noref.md,D02,2026-04-03,"Every non-dea module implicitly opens dea first at the lowest precedence, so locals and explicit imports shadow it.",Frontend architecture,,L1 Stage 1,Retained,Explicit,High,2. Name-resolution integration,50,57,The prelude environment is opened before ordinary imports and participates in normal shadowing.,Highest-precedence prelude | Require explicit import,,l1/docs/reference/design-decisions.md,l1/docs/decisions/0002-dea-virtual-prelude-module.md,DEA-CANON-0176,Directly covered,Covered,Yes,
DEA-DEC-0183,Plan,l1/work/plans/features/closed/2026-04-03-dea-virtual-module-noref.md,D03,2026-04-03,"Qualified dea:: names are always available, and an explicit import dea is redundant rather than a second open.",Frontend architecture,,L1 Stage 1,Retained,Explicit,High,3. Prelude-shadow behavior,59,67,dea remains in imported_modules for qualified lookup while redundant explicit import does not create ambiguity.,,,l1/docs/reference/design-decisions.md,l1/docs/decisions/0002-dea-virtual-prelude-module.md,DEA-CANON-0177,Directly covered,Covered,Yes,
DEA-DEC-0184,Plan,l1/work/plans/features/closed/2026-04-03-dea-virtual-module-noref.md,D04,2026-04-03,Compiler intrinsics dispatch by resolved symbol origin rather than by source spelling.,Semantic analysis,,L1 Stage 1,Retained,Explicit,High,4. Intrinsic dispatch by resolved symbol origin,69,77,Only symbols originating in dea trigger intrinsic handling; user functions with the same spelling remain ordinary.,String-match intrinsic names,,l1/docs/reference/design-decisions.md,l1/docs/decisions/0002-dea-virtual-prelude-module.md,DEA-CANON-0178,Directly covered,Covered,Yes,
DEA-DEC-0185,Plan,work/plans/features/closed/2026-04-03-diagnostic-code-catalog-meanings-noref.md,D01,2026-04-03,Catalog meanings paraphrase the semantic issue while detailed reproducers remain in oracle sources.,Diagnostics and recovery,,Dea-wide,Retained,Explicit,High,Approach,39,49,Meaning cells describe the actual issue; trigger scenarios and reproducers are linked rather than duplicated.,,,docs/specs/compiler/diagnostic-code-catalog.md,docs/decisions/0005-diagnostic-code-catalog.md,DEA-CANON-0179,Covered as part of a broader ADR,Covered,Yes,
DEA-DEC-0186,Plan,work/plans/features/closed/2026-04-03-shared-diagnostic-code-catalog-noref.md,D01,2026-04-03,"Dea uses one shared, level- and stage-neutral compiler diagnostic-code catalog.",Diagnostics and recovery,,Dea-wide,Retained,Explicit,High,Scope of This Feature,35,40,The catalog is placed at repo root and framed for all compiler implementations.,Separate per-stage catalogs,,docs/specs/compiler/diagnostic-code-catalog.md,docs/decisions/0005-diagnostic-code-catalog.md,DEA-CANON-0180,Directly covered,Covered,Yes,
DEA-DEC-0187,Plan,work/plans/features/closed/2026-04-03-shared-diagnostic-code-catalog-noref.md,D02,2026-04-03,L0 Python Stage 1 is the oracle inventory for L0 diagnostic codes.,Diagnostics and recovery,,Shared L0/L1,Retained,Explicit,High,Assumptions,55,58,The plan explicitly keeps Python Stage 1 as the current catalog oracle.,,,docs/specs/compiler/diagnostic-code-catalog.md,docs/decisions/0005-diagnostic-code-catalog.md,DEA-CANON-0082,Covered as part of a broader ADR,Covered,Yes,
DEA-DEC-0188,Plan,work/plans/features/closed/2026-04-03-shared-diagnostic-code-catalog-noref.md,D03,2026-04-03,ICE codes remain outside the shared diagnostic catalog until a separate shared register is introduced.,Diagnostics and recovery,,Dea-wide,Deferred,Explicit,High,Assumptions,55,58,ICE tracking is explicitly left outside the catalog pending a separate register.,,,docs/specs/compiler/diagnostic-code-catalog.md,docs/decisions/0005-diagnostic-code-catalog.md,DEA-CANON-0181,Covered as part of a broader ADR,Not warranted,Yes,
DEA-DEC-0189,Plan,l1/work/plans/features/closed/2026-04-04-l1-dea-c-abi-prefix-migration-noref.md,D01,2026-04-04,dea_* and DEA_* are the forward-looking public C ABI naming family; l1_* is not introduced.,ABI and linking,,L1 Stage 1,Retained,Explicit,High,Defaults Chosen,47,54,The L1 public ABI moves from historical l0 names to level-neutral Dea names.,l1_* public prefix | Retain l0_*,,l1/docs/specs/compiler/abi.md,l1/docs/decisions/0003-c-abi-naming-policy.md,DEA-CANON-0182,Directly covered,Covered,Yes,
DEA-DEC-0190,Plan,l1/work/plans/features/closed/2026-04-04-l1-dea-c-abi-prefix-migration-noref.md,D02,2026-04-04,"The ABI prefix migration applies to every public name emitted into C, not only builtin typedefs.",ABI and linking,,L1 Stage 1,Retained,Explicit,High,Defaults Chosen,49,54,"Builtin types, wrappers, macros, guards, and generated public identifiers move as one prefix-complete surface.",,,l1/docs/specs/compiler/abi.md,l1/docs/decisions/0003-c-abi-naming-policy.md,DEA-CANON-0183,Directly covered,Covered,Yes,
DEA-DEC-0191,Plan,l1/work/plans/features/closed/2026-04-04-l1-dea-c-abi-prefix-migration-noref.md,D03,2026-04-04,_rt_* remains the private runtime-helper namespace.,ABI and linking,,L1 Stage 1,Retained,Explicit,High,Defaults Chosen,51,54,Internal implementation helpers keep the underscored runtime family.,,,l1/docs/specs/compiler/abi.md,l1/docs/decisions/0003-c-abi-naming-policy.md,DEA-CANON-0184,Directly covered,Covered,Yes,
DEA-DEC-0192,Plan,l1/work/plans/features/closed/2026-04-04-l1-dea-c-abi-prefix-migration-noref.md,D04,2026-04-04,L1 keeps no compatibility aliases for legacy l0_* public ABI names.,ABI and linking,,L1 Stage 1,Retained,Explicit,High,Defaults Chosen,52,54,The migration is intentionally breaking and does not preserve old names in output or headers.,Compatibility aliases,,l1/docs/specs/compiler/abi.md,l1/docs/decisions/0003-c-abi-naming-policy.md,DEA-CANON-0185,Directly covered,Covered,Yes,
DEA-DEC-0193,Plan,l1/work/plans/features/closed/2026-04-04-l1-dea-c-abi-prefix-migration-noref.md,D05,2026-04-04,Source names beginning with reserved historical or current backend/runtime prefixes are mangled.,ABI and linking,,L1 Stage 1,Retained,Embedded,High,Outcome,112,123,"The emitter protects l0, rt, dea, and uppercase variants from collisions.",,,l1/docs/specs/compiler/abi.md,l1/docs/decisions/0003-c-abi-naming-policy.md,DEA-CANON-0186,Directly covered,Covered,Yes,
DEA-DEC-0194,Plan,l1/work/plans/features/closed/2026-04-04-l1-float-double-literals-noref.md,D01,2026-04-04,Unsuffixed real literals have type double.,Type system,,L1,Retained,Explicit,High,Defaults Chosen,77,81,The default real-literal type is double.,Infer float | Context-only real literals,,l1/docs/reference/design-decisions.md,l1/docs/decisions/0005-floating-point-semantics.md,DEA-CANON-0187,Directly covered,Covered,Yes,
DEA-DEC-0195,Plan,l1/work/plans/features/closed/2026-04-04-l1-float-double-literals-noref.md,D02,2026-04-04,A trailing f or F suffix gives a real literal type float.,Language syntax,,L1,Retained,Explicit,High,Defaults Chosen,79,83,Float literals use a single explicit suffix.,No float suffix | Lowercase-only suffix,,l1/docs/reference/grammar.md,l1/docs/decisions/0005-floating-point-semantics.md,DEA-CANON-0188,Directly covered,Covered,Yes,
DEA-DEC-0196,Plan,l1/work/plans/features/closed/2026-04-04-l1-float-double-literals-noref.md,D03,2026-04-04,float and double are builtin reserved L1 type names.,Type system,,L1,Retained,Explicit,High,Defaults Chosen,79,85,The types enter the builtin language surface rather than remaining future tokens.,,,l1/docs/reference/design-decisions.md,l1/docs/decisions/0005-floating-point-semantics.md,DEA-CANON-0189,Directly covered,Covered,Yes,
DEA-DEC-0197,Plan,l1/work/plans/features/closed/2026-04-04-l1-float-double-literals-noref.md,D04,2026-04-04,"Real-literal grammar accepts decimal forms with optional exponents but rejects .5, 1., and hexadecimal floats.",Language syntax,,L1,Retained,Explicit,High,Defaults Chosen,81,83,The initial grammar deliberately requires digits on both sides of a point.,.5 and 1. forms | Hexadecimal floating literals,,l1/docs/reference/grammar.md,l1/docs/decisions/0005-floating-point-semantics.md,DEA-CANON-0190,Covered as part of a broader ADR,Covered,Yes,
DEA-DEC-0198,Plan,l1/work/plans/features/closed/2026-04-04-l1-float-double-literals-noref.md,D05,2026-04-04,L1 float and double lower directly to C float and double scalar types.,Backend and C emission,,L1 Stage 1,Retained,Explicit,High,Defaults Chosen,84,85,No wrapper representation is used absent a target constraint.,Runtime wrapper types,,l1/docs/reference/design-decisions.md,l1/docs/decisions/0005-floating-point-semantics.md,DEA-CANON-0191,Directly covered,Covered,Yes,
DEA-DEC-0199,Plan,l1/work/plans/features/closed/2026-04-04-l1-float-double-literals-noref.md,D06,2026-04-04,Floating literal payloads are stored as opaque source strings and emitted verbatim instead of evaluated by the bootstrap compiler.,Backend and C emission,,L1 Stage 1,Retained,Explicit,High,Defaults Chosen,86,87,Literal spelling is carried through to generated C99.,Parse into bootstrap-native floating values,,l1/docs/reference/design-decisions.md,l1/docs/decisions/0005-floating-point-semantics.md,DEA-CANON-0192,Directly covered,Covered,Yes,
DEA-DEC-0200,Plan,l1/work/plans/features/closed/2026-04-04-l1-float-double-literals-noref.md,D07,2026-04-04,Implicit real conversion permits float to double but requires an explicit cast for double to float.,Type system,,L1,Retained,Explicit,High,Defaults Chosen,88,88,Only lossless float-to-double widening is implicit.,Bidirectional implicit conversion | No implicit conversion,,l1/docs/reference/design-decisions.md,l1/docs/decisions/0005-floating-point-semantics.md,DEA-CANON-0193,Directly covered,Covered,Yes,
DEA-DEC-0201,Plan,l1/work/plans/features/closed/2026-04-04-l1-float-double-literals-noref.md,D08,2026-04-04,"Explicit numeric casts are supported among int, float, and double.",Type system,,L1,Retained,Explicit,High,Defaults Chosen,89,89,Cross-family fixed numeric conversions require as where not implicitly widening.,,,l1/docs/reference/design-decisions.md,l1/docs/decisions/0005-floating-point-semantics.md,DEA-CANON-0194,Directly covered,Covered,Yes,
DEA-DEC-0202,Plan,l1/work/plans/features/closed/2026-04-04-l1-float-double-literals-noref.md,D09,2026-04-04,Floating division by zero initially delegated to generated host C/IEEE behavior without checked integer helpers.,Language semantics,,L1,Superseded,Explicit,High,Defaults Chosen,90,90,The first floating tranche treated plain C behavior as the semantic source.,Runtime zero check,,l1/docs/reference/design-decisions.md,l1/docs/decisions/0005-floating-point-semantics.md,DEA-CANON-0195,Directly covered,Covered,Yes,
DEA-DEC-0203,Plan,l1/work/plans/features/closed/2026-04-04-l1-float-double-literals-noref.md,D10,2026-04-04,Fitting direct integer literals may flow into typed float or double contexts.,Type system,,L1,Retained,Embedded,High,Current State,68,70,Direct integer literals retain a contextual real conversion exception.,,,l1/docs/reference/design-decisions.md,l1/docs/decisions/0005-floating-point-semantics.md,DEA-CANON-0196,Directly covered,Covered,Yes,
DEA-DEC-0204,Plan,l1/work/plans/features/closed/2026-04-04-l1-float-double-literals-noref.md,D11,2026-04-04,Mixed int and real binary arithmetic requires an explicit cast.,Type system,,L1,Retained,Embedded,High,Current State,68,70,There is no general implicit int-to-real promotion in operators.,,,l1/docs/reference/design-decisions.md,l1/docs/decisions/0005-floating-point-semantics.md,DEA-CANON-0197,Directly covered,Covered,Yes,
DEA-DEC-0205,Plan,l1/work/plans/features/closed/2026-04-04-l1-prefixed-int-literals-noref.md,D01,2026-04-04,"L1 accepts lowercase 0x, 0b, and 0o integer prefixes, with unary minus remaining a separate operator.",Language syntax,,L1,Retained,Explicit,High,Phase 1: Define the lexical grammar delta,64,74,"Hex, binary, and octal use lowercase prefixes and do not absorb the sign.",Uppercase prefixes | Signed token payload,,l1/docs/reference/grammar.md,,DEA-CANON-0198,Partially covered,Not warranted,Yes,
DEA-DEC-0206,Plan,l1/work/plans/features/closed/2026-04-04-l1-prefixed-int-literals-noref.md,D02,2026-04-04,Prefixed literals retain the signed 32-bit int type and range.,Type system,,L1,Retained,Explicit,High,Defaults Chosen,45,53,Changing the base spelling does not create a distinct numeric kind.,Infer a wide or unsigned type,,l1/docs/reference/design-decisions.md,l1/docs/decisions/0004-wide-integer-types.md,DEA-CANON-0199,Covered as part of a broader ADR,Covered,Yes,
DEA-DEC-0207,Plan,l1/work/plans/features/closed/2026-04-04-l1-prefixed-int-literals-noref.md,D03,2026-04-04,Base-invalid digits are rejected lexically rather than during parsing or typing.,Diagnostics and recovery,,L1 Stage 1,Retained,Explicit,High,Defaults Chosen,49,53,Malformed digit sequences fail at the lexer boundary.,Parser-time rejection | Type-time rejection,,l1/docs/reference/grammar.md,,DEA-CANON-0200,ADR not warranted,Not warranted,Yes,
DEA-DEC-0208,Plan,l1/work/plans/features/closed/2026-04-04-l1-small-int-builtins-on-dea-abi-noref.md,D01,2026-04-04,tiny is an 8-bit signed integer lowering to dea_tiny.,Type system,,L1,Retained,Explicit,High,Defaults Chosen,73,78,The new smallest signed builtin is tiny.,s8,,l1/docs/reference/design-decisions.md,l1/docs/decisions/0004-wide-integer-types.md,DEA-CANON-0201,Directly covered,Covered,Yes,
DEA-DEC-0209,Plan,l1/work/plans/features/closed/2026-04-04-l1-small-int-builtins-on-dea-abi-noref.md,D02,2026-04-04,byte remains a distinct 8-bit unsigned integer type.,Type system,,L1,Retained,Explicit,High,Defaults Chosen,75,78,byte is not an alias of tiny.,Make byte signed | Alias byte to tiny,,l1/docs/reference/design-decisions.md,l1/docs/decisions/0004-wide-integer-types.md,DEA-CANON-0202,Directly covered,Covered,Yes,
DEA-DEC-0210,Plan,l1/work/plans/features/closed/2026-04-04-l1-small-int-builtins-on-dea-abi-noref.md,D03,2026-04-04,short is a 16-bit signed integer lowering to dea_short.,Type system,,L1,Retained,Explicit,High,Defaults Chosen,75,78,The signed 16-bit builtin is short.,s16,,l1/docs/reference/design-decisions.md,l1/docs/decisions/0004-wide-integer-types.md,DEA-CANON-0203,Directly covered,Covered,Yes,
DEA-DEC-0211,Plan,l1/work/plans/features/closed/2026-04-04-l1-small-int-builtins-on-dea-abi-noref.md,D04,2026-04-04,ushort is a 16-bit unsigned integer lowering to dea_ushort.,Type system,,L1,Retained,Explicit,High,Defaults Chosen,77,78,The unsigned 16-bit builtin is ushort.,u16,,l1/docs/reference/design-decisions.md,l1/docs/decisions/0004-wide-integer-types.md,DEA-CANON-0204,Directly covered,Covered,Yes,
DEA-DEC-0212,Plan,l1/work/plans/features/closed/2026-04-04-l1-small-int-builtins-on-dea-abi-noref.md,D05,2026-04-04,Integer literals continue to infer as int rather than as the smallest fitting integer type.,Type system,,L1,Retained,Explicit,High,Defaults Chosen,79,81,Small integer types do not change default literal inference.,Smallest-fitting inference | Literal suffixes,,l1/docs/reference/design-decisions.md,l1/docs/decisions/0004-wide-integer-types.md,DEA-CANON-0205,Directly covered,Covered,Yes,
DEA-DEC-0213,Plan,l1/work/plans/features/closed/2026-04-04-l1-small-int-builtins-on-dea-abi-noref.md,D06,2026-04-04,A fitting compile-time int literal may contextually narrow to a smaller integer type without a runtime check.,Type system,,L1,Retained,Explicit,High,Defaults Chosen,82,84,Literal range knowledge permits implicit contextual narrowing.,Require explicit cast for every narrowing,,l1/docs/reference/design-decisions.md,l1/docs/decisions/0004-wide-integer-types.md,DEA-CANON-0206,Directly covered,Covered,Yes,
DEA-DEC-0214,Plan,l1/work/plans/features/closed/2026-04-04-l1-small-int-builtins-on-dea-abi-noref.md,D07,2026-04-04,Nonliteral integer narrowing is explicit and uses checked runtime conversion where ranges do not contain one another.,Type system,,L1,Retained,Explicit,High,Defaults Chosen,82,85,Runtime values cannot narrow implicitly.,Unchecked C casts | Implicit narrowing,,l1/docs/reference/design-decisions.md,l1/docs/decisions/0004-wide-integer-types.md,DEA-CANON-0207,Directly covered,Covered,Yes,
DEA-DEC-0215,Plan,l1/work/plans/features/closed/2026-04-04-l1-small-int-builtins-on-dea-abi-noref.md,D08,2026-04-04,Implicit small-integer conversions are limited to the explicit range-safe widening lattice.,Type system,,L1,Retained,Explicit,High,Phase 2: Extend typing and cast rules,106,119,Only the enumerated exact widenings are implicit; other sign changes and narrowings fail.,C integer promotions,,l1/docs/reference/design-decisions.md,l1/docs/decisions/0004-wide-integer-types.md,DEA-CANON-0208,Directly covered,Covered,Yes,
DEA-DEC-0216,Plan,l1/work/plans/features/closed/2026-04-04-l1-small-int-builtins-on-dea-abi-noref.md,D09,2026-04-04,Explicit casts are allowed among every implemented integral builtin and out-of-range constants fail at compile time.,Type system,,L1,Retained,Explicit,High,Phase 2: Extend typing and cast rules,121,134,The cast surface is complete across the implemented family and checked at compile time for literal constants.,,,l1/docs/reference/design-decisions.md,l1/docs/decisions/0004-wide-integer-types.md,DEA-CANON-0209,Directly covered,Covered,Yes,
DEA-DEC-0217,Plan,l1/work/plans/features/closed/2026-04-04-l1-small-int-builtins-on-dea-abi-noref.md,D10,2026-04-04,uint remained reserved but unimplemented after the small-integer tranche.,Type system,,L1,Superseded,Explicit,High,Defaults Chosen,85,86,The first tranche deliberately leaves uint reserved and unimplemented.,,,l1/docs/reference/design-decisions.md,l1/docs/decisions/0004-wide-integer-types.md,DEA-CANON-0210,Directly covered,Covered,Yes,"The source default jointly deferred long, uint, and ulong, but each builtin could have been admitted independently and each later received its own type/ABI decision."
DEA-DEC-0218,Plan,l1/work/plans/features/closed/2026-04-04-l1-small-int-builtins-on-dea-abi-noref.md,D11,2026-04-04,long remained reserved but unimplemented after the small-integer tranche.,Type system,,L1,Superseded,Explicit,High,Defaults Chosen,85,86,The first tranche deliberately leaves long reserved and unimplemented.,,,l1/docs/reference/design-decisions.md,l1/docs/decisions/0004-wide-integer-types.md,DEA-CANON-0211,Directly covered,Covered,Yes,"The source default jointly deferred long, uint, and ulong, but each builtin could have been admitted independently and each later received its own type/ABI decision."
DEA-DEC-0219,Plan,l1/work/plans/features/closed/2026-04-04-l1-small-int-builtins-on-dea-abi-noref.md,D12,2026-04-04,ulong remained reserved but unimplemented after the small-integer tranche.,Type system,,L1,Superseded,Explicit,High,Defaults Chosen,85,86,The first tranche deliberately leaves ulong reserved and unimplemented.,,,l1/docs/reference/design-decisions.md,l1/docs/decisions/0004-wide-integer-types.md,DEA-CANON-0212,Directly covered,Covered,Yes,"The source default jointly deferred long, uint, and ulong, but each builtin could have been admitted independently and each later received its own type/ABI decision."
DEA-DEC-0220,Plan,work/plans/refactors/closed/2026-04-04-docs-work-taxonomy-reorg-noref.md,D01,2026-04-04,"Stable and normative material belongs under docs/, while plans, proposals, and closed execution history belong under work/.",Repository and process architecture,,Repository/tooling,Retained,Explicit,High,Decisions,49,56,"The root, L0, and L1 trees adopt the same docs/work split.",Keep lifecycle artifacts under docs,,work/README.md,docs/decisions/0006-docs-work-taxonomy.md,DEA-CANON-0213,Directly covered,Covered,Yes,
DEA-DEC-0221,Plan,work/plans/refactors/closed/2026-04-04-docs-work-taxonomy-reorg-noref.md,D02,2026-04-04,Cross-level work defaults to one root-owned shared plan with explicit target statuses.,Repository and process architecture,,Repository/tooling,Retained,Explicit,High,Decisions,51,55,Mechanical downstream follow-up plans are avoided for shared fixes and refactors.,One plan per language level,,work/README.md,docs/decisions/0006-docs-work-taxonomy.md,DEA-CANON-0214,Directly covered,Covered,Yes,
DEA-DEC-0222,Plan,work/plans/refactors/closed/2026-04-04-docs-work-taxonomy-reorg-noref.md,D03,2026-04-04,Accepted design intent graduates from work artifacts into stable reference or specification documentation.,Repository and process architecture,,Repository/tooling,Retained,Explicit,High,Decisions,53,56,Plans do not remain the sole normative home of accepted design.,,,work/README.md,docs/decisions/0006-docs-work-taxonomy.md,DEA-CANON-0215,Directly covered,Covered,Yes,
DEA-DEC-0223,Plan,l1/work/plans/features/closed/2026-04-10-l1-numeric-literal-lexer-groundwork-noref.md,D01,2026-04-10,"Real literals use TT_REALNUM(sig, exp_text, is_float), preserving significand and exponent components as text.",Frontend architecture,,L1 Stage 1,Retained,Explicit,High,Defaults Chosen,47,55,The token separates opaque significand and normalized exponent text from the float suffix bit.,Store one raw lexeme | Parse into host floating values,,l1/docs/reference/design-decisions.md,l1/docs/decisions/0005-floating-point-semantics.md,DEA-CANON-0216,Covered as part of a broader ADR,Covered,Yes,
DEA-DEC-0224,Plan,l1/work/plans/features/closed/2026-04-13-l1-float-backend-contract-followup-noref.md,D01,2026-04-13,Floating-point arithmetic is non-panicking.,Language semantics,,L1,Retained,Explicit,High,Floating-Point Semantic Contract,106,115,Ordinary float and double arithmetic does not use the checked-integer panic model.,Checked trapping arithmetic,,l1/docs/reference/design-decisions.md,l1/docs/decisions/0005-floating-point-semantics.md,DEA-CANON-0217,Directly covered,Covered,Yes,
DEA-DEC-0225,Plan,l1/work/plans/features/closed/2026-04-13-l1-float-backend-contract-followup-noref.md,D02,2026-04-13,Floating-point division by zero is defined and does not panic.,Language semantics,,L1,Retained,Explicit,High,Division-by-Zero Rule,208,214,The compiler inserts no zero-divisor runtime check around floating division.,Match integer division panic,,l1/docs/reference/design-decisions.md,l1/docs/decisions/0005-floating-point-semantics.md,DEA-CANON-0195,Directly covered,Covered,Yes,
DEA-DEC-0226,Plan,l1/work/plans/features/closed/2026-04-13-l1-float-backend-contract-followup-noref.md,D03,2026-04-13,"Supported L1 targets provide IEEE-style signed zero, infinities, NaNs, and non-trapping floating arithmetic.",Portability,,L1,Retained,Explicit,High,Floating-Point Semantic Contract,106,115,The accepted target contract includes the listed observable IEEE-style properties.,Accept arbitrary C99 floating implementations,,l1/docs/reference/design-decisions.md,l1/docs/decisions/0005-floating-point-semantics.md,DEA-CANON-0218,Directly covered,Covered,Yes,
DEA-DEC-0227,Plan,l1/work/plans/features/closed/2026-04-13-l1-float-backend-contract-followup-noref.md,D04,2026-04-13,L1 defines floating semantics rather than delegating them to unspecified host C behavior.,Language semantics,,L1,Retained,Explicit,High,Floating-Point Semantic Contract,106,115,The host is an implementation mechanism subject to the L1 contract.,Host-defined floating semantics,,l1/docs/reference/design-decisions.md,l1/docs/decisions/0005-floating-point-semantics.md,DEA-CANON-0219,Directly covered,Covered,Yes,
DEA-DEC-0228,Plan,l1/work/plans/features/closed/2026-04-13-l1-float-backend-contract-followup-noref.md,D05,2026-04-13,Direct C float/double lowering is allowed only on conforming targets; float-using programs fail compilation otherwise.,Portability,,L1 Stage 1,Retained,Explicit,High,C Backend Floating-Point Contract,117,131,The backend narrows the target set rather than silently accepting incompatible C implementations.,Runtime wrapper emulation | Compile on nonconforming targets,,l1/docs/reference/design-decisions.md,l1/docs/decisions/0005-floating-point-semantics.md,DEA-CANON-0220,Directly covered,Covered,Yes,
DEA-DEC-0229,Plan,l1/work/plans/features/closed/2026-04-13-l1-float-backend-contract-followup-noref.md,D06,2026-04-13,Stage 1 does not fold floating arithmetic unless it can guarantee the same result as runtime L1 semantics.,Semantic analysis,,L1 Stage 1,Retained,Explicit,High,Constant-Folding Rule,216,222,Compile-time and runtime floating meanings must not diverge.,Use bootstrap-host floating evaluation,,l1/docs/reference/design-decisions.md,l1/docs/decisions/0005-floating-point-semantics.md,DEA-CANON-0221,Directly covered,Covered,Yes,
DEA-DEC-0230,Plan,l1/work/plans/features/closed/2026-04-13-l1-float-backend-contract-followup-noref.md,D07,2026-04-13,"Mixed float/double arithmetic and comparisons widen float to double, with arithmetic results typed double.",Type system,,L1,Retained,Explicit,High,Operator and Typing Rules,141,152,The only cross-real implicit operator promotion is float to double.,Reject mixed real widths | Narrow to float,,l1/docs/reference/design-decisions.md,l1/docs/decisions/0005-floating-point-semantics.md,DEA-CANON-0222,Directly covered,Covered,Yes,
DEA-DEC-0231,Plan,l1/work/plans/features/closed/2026-04-13-l1-uint-long-ulong-bigint-builtins-noref.md,D01,2026-04-13,uint is a 32-bit unsigned builtin lowering to dea_uint.,Type system,,L1,Retained,Explicit,High,Defaults Chosen,88,92,The unsigned 32-bit builtin is uint.,,,l1/docs/reference/design-decisions.md,l1/docs/decisions/0004-wide-integer-types.md,DEA-CANON-0223,Directly covered,Covered,Yes,
DEA-DEC-0232,Plan,l1/work/plans/features/closed/2026-04-13-l1-uint-long-ulong-bigint-builtins-noref.md,D02,2026-04-13,long is a 64-bit signed builtin lowering to dea_long.,Type system,,L1,Retained,Explicit,High,Defaults Chosen,90,92,The signed 64-bit builtin is long.,,,l1/docs/reference/design-decisions.md,l1/docs/decisions/0004-wide-integer-types.md,DEA-CANON-0224,Directly covered,Covered,Yes,
DEA-DEC-0233,Plan,l1/work/plans/features/closed/2026-04-13-l1-uint-long-ulong-bigint-builtins-noref.md,D03,2026-04-13,ulong is a 64-bit unsigned builtin lowering to dea_ulong.,Type system,,L1,Retained,Explicit,High,Defaults Chosen,91,92,The unsigned 64-bit builtin is ulong.,,,l1/docs/reference/design-decisions.md,l1/docs/decisions/0004-wide-integer-types.md,DEA-CANON-0225,Directly covered,Covered,Yes,
DEA-DEC-0234,Plan,l1/work/plans/features/closed/2026-04-13-l1-uint-long-ulong-bigint-builtins-noref.md,D04,2026-04-13,Integer literals outside native int use a distinct TT_BIGINT to EX_BIGINT path.,Frontend architecture,,L1 Stage 1,Retained,Explicit,High,Defaults Chosen,93,98,Wide literal handling is separated before the compiler attempts native conversion.,Force every literal through native int,,l1/docs/reference/design-decisions.md,l1/docs/decisions/0004-wide-integer-types.md,DEA-CANON-0226,Directly covered,Covered,Yes,
DEA-DEC-0235,Plan,l1/work/plans/features/closed/2026-04-13-l1-uint-long-ulong-bigint-builtins-noref.md,D05,2026-04-13,EX_BIGINT preserves opaque digit text and its base instead of materializing a bootstrap-native value.,Frontend architecture,,L1 Stage 1,Retained,Explicit,High,Defaults Chosen,94,98,Wide literal payload and base survive through the AST.,Arbitrary-precision runtime value | Discard base,,l1/docs/reference/design-decisions.md,l1/docs/decisions/0004-wide-integer-types.md,DEA-CANON-0227,Directly covered,Covered,Yes,
DEA-DEC-0236,Plan,l1/work/plans/features/closed/2026-04-13-l1-uint-long-ulong-bigint-builtins-noref.md,D06,2026-04-13,"An untyped bigint literal requires an expected uint, long, or ulong context instead of choosing a default wide type.",Type system,,L1,Retained,Explicit,High,Defaults Chosen,100,101,"Outside int range, literal inference is context-dependent and fails without a wide integer target.",Default to long | Default to ulong | Arbitrary precision default,,l1/docs/reference/design-decisions.md,l1/docs/decisions/0004-wide-integer-types.md,DEA-CANON-0228,Directly covered,Covered,Yes,
DEA-DEC-0237,Plan,l1/work/plans/features/closed/2026-04-13-l1-uint-long-ulong-bigint-builtins-noref.md,D07,2026-04-13,"A contextual bigint literal converts to uint, long, or ulong only when its compile-time range check succeeds.",Type system,,L1,Retained,Explicit,High,Defaults Chosen,100,104,Contextual conversion is accepted only within the destination's fixed-width range.,,,l1/docs/reference/design-decisions.md,l1/docs/decisions/0004-wide-integer-types.md,DEA-CANON-0229,Directly covered,Covered,Yes,
DEA-DEC-0238,Plan,l1/work/plans/features/closed/2026-04-13-l1-uint-long-ulong-bigint-builtins-noref.md,D08,2026-04-13,Negative integer constants cannot contextually initialize uint or ulong.,Type system,,L1,Retained,Explicit,High,Defaults Chosen,102,104,Negative-to-unsigned constants fail at compile time.,Modulo conversion,,l1/docs/reference/design-decisions.md,l1/docs/decisions/0004-wide-integer-types.md,DEA-CANON-0230,Directly covered,Covered,Yes,
DEA-DEC-0239,Plan,l1/work/plans/features/closed/2026-04-13-l1-uint-long-ulong-bigint-builtins-noref.md,D09,2026-04-13,Nonliteral narrowing and cross-signedness integer conversions require explicit runtime-checked casts.,Type system,,L1,Retained,Explicit,High,Defaults Chosen,103,104,The wide family follows checked fixed-width conversion rather than C coercions.,Implicit C conversions | Unchecked explicit casts,,l1/docs/reference/design-decisions.md,l1/docs/decisions/0004-wide-integer-types.md,DEA-CANON-0231,Directly covered,Covered,Yes,
DEA-DEC-0240,Plan,l1/work/plans/features/closed/2026-04-13-l1-uint-long-ulong-bigint-builtins-noref.md,D10,2026-04-13,The full fixed-width integer family uses only the enumerated range-safe implicit widening lattice.,Type system,,L1,Retained,Explicit,High,Phase 4: Extend typing and cast rules,158,187,"Implicit conversions are based on complete range containment, not C promotions.",C integer promotions,,l1/docs/reference/design-decisions.md,l1/docs/decisions/0004-wide-integer-types.md,DEA-CANON-0208,Directly covered,Covered,Yes,
DEA-DEC-0241,Plan,l1/work/plans/features/closed/2026-04-14-l1-std-math-wide-integer-followup-noref.md,D01,2026-04-14,"L1 wide-integer standard-library helpers use _ui, _l, and _ul suffixes while int helpers remain unsuffixed.",Standard library,,L1,Retained,Explicit,High,Defaults Chosen,75,80,The naming scheme makes type width explicit without changing the shared int API.,Overloads | Suffix int helpers with _i,,l1/docs/reference/standard-library.md,,DEA-CANON-0232,Not covered,Not warranted,Yes,
DEA-DEC-0242,Plan,l1/work/plans/features/closed/2026-04-14-l1-std-math-wide-integer-followup-noref.md,D02,2026-04-14,uint has a direct 32-bit helper family instead of requiring callers to widen to ulong.,Standard library,,L1,Retained,Explicit,High,Defaults Chosen,77,80,The stdlib mirrors the practical 32-bit unsigned type directly.,Only ulong unsigned helpers,,l1/docs/reference/standard-library.md,,DEA-CANON-0233,Not covered,Not warranted,Yes,
DEA-DEC-0243,Plan,l1/work/plans/features/closed/2026-04-14-l1-std-math-wide-integer-followup-noref.md,D03,2026-04-14,long mirrors the shared signed int helper surface wherever the semantics remain meaningful.,Standard library,,L1,Retained,Explicit,High,Defaults Chosen,78,82,The signed 64-bit surface follows the existing signed helper model.,,,l1/docs/reference/standard-library.md,,DEA-CANON-0234,Not covered,Not warranted,Yes,
DEA-DEC-0244,Plan,l1/work/plans/features/closed/2026-04-14-l1-std-math-wide-integer-followup-noref.md,D04,2026-04-14,"ulong exposes a selective unsigned surface and omits sign, abs, ediv, and emod spellings.",Standard library,,L1,Retained,Explicit,High,Defaults Chosen,80,82,Operations without meaningful unsigned semantics are not mechanically mirrored.,Mirror every signed helper,,l1/docs/reference/standard-library.md,,DEA-CANON-0235,Not covered,Not warranted,Yes,
DEA-DEC-0245,Plan,l1/work/plans/features/closed/2026-04-14-l1-std-math-wide-integer-followup-noref.md,D05,2026-04-14,Unsigned quotient helpers use div_* and mod_* because Euclidean and ordinary unsigned division coincide.,Standard library,,L1,Retained,Explicit,High,Defaults Chosen,83,84,The API avoids redundant ediv/emod names for unsigned types.,ediv_ui and emod_ui aliases,,l1/docs/reference/standard-library.md,,DEA-CANON-0236,ADR not warranted,Not warranted,Yes,
DEA-DEC-0246,Plan,l1/work/plans/features/closed/2026-04-14-l1-std-math-wide-integer-followup-noref.md,D06,2026-04-14,Total unsigned helpers return plain values rather than nullable wrappers.,Standard library,,L1,Retained,Explicit,High,Defaults Chosen,85,88,"The listed ceil, sqrt, alignment, and gcd helpers are total over valid preconditions.",,,l1/docs/reference/standard-library.md,,DEA-CANON-0237,Not covered,Not warranted,Yes,
DEA-DEC-0247,Plan,l1/work/plans/features/closed/2026-04-14-l1-std-math-wide-integer-followup-noref.md,D07,2026-04-14,Fallible signed long helpers use long? for domain or representability failure.,Standard library,,L1,Retained,Explicit,High,Defaults Chosen,87,90,The long family follows the checked nullable signed policy.,,,l1/docs/reference/standard-library.md,,DEA-CANON-0238,Not covered,Not warranted,Yes,
DEA-DEC-0248,Plan,l1/work/plans/features/closed/2026-04-14-l1-std-math-wide-integer-followup-noref.md,D08,2026-04-14,Saturating arithmetic remains deferred from the integer standard-library surface.,Standard library,,L1,Deferred,Explicit,High,Defaults Chosen,89,91,The helper tranche deliberately excludes saturation APIs.,Add saturating operations now,,l1/docs/reference/standard-library.md,,DEA-CANON-0239,Not covered,Not warranted,Yes,
DEA-DEC-0249,Plan,l1/work/plans/features/closed/2026-04-14-l1-std-math-wide-integer-followup-noref.md,D09,2026-04-14,An explicit cast to a one-level nullable integer converts to the inner integer type and then constructs a present wrapper.,Type system,,L1,Retained,Embedded,High,Completion Notes,218,227,Casts such as 0 as long? use inner conversion followed by nullable construction.,,,l1/docs/reference/design-decisions.md,l1/docs/decisions/0004-wide-integer-types.md,DEA-CANON-0240,Covered as part of a broader ADR,Covered,Yes,
DEA-DEC-0250,Plan,l1/work/plans/features/closed/2026-04-14-l1-std-math-wide-integer-followup-noref.md,D10,2026-04-14,Contextual int and bigint literals may flow directly into nullable integer contexts.,Type system,,L1,Retained,Embedded,High,Completion Notes,218,227,Nullable returns accept fitting literals without an explicit intermediate cast.,,,l1/docs/reference/design-decisions.md,l1/docs/decisions/0004-wide-integer-types.md,DEA-CANON-0241,Covered as part of a broader ADR,Covered,Yes,
DEA-DEC-0251,Plan,l1/work/plans/features/closed/2026-04-14-l1-std-real-module-noref.md,D01,2026-04-14,The public floating-point standard-library module is named std.real rather than std.float.,Standard library,,L1,Retained,Explicit,High,Defaults Chosen,84,88,The public module name is std.real.,std.float | Fold into std.math,,l1/docs/reference/standard-library.md,l1/docs/decisions/0005-floating-point-semantics.md,DEA-CANON-0242,Covered as part of a broader ADR,Covered,Yes,
DEA-DEC-0252,Plan,l1/work/plans/features/closed/2026-04-14-l1-std-real-module-noref.md,D02,2026-04-14,The low-level floating runtime binding module is sys.real rather than an expansion of sys.rt.,Standard library,,L1,Retained,Explicit,High,Defaults Chosen,86,89,The low-level real boundary receives its own module.,Put real bindings in sys.rt,,l1/docs/reference/standard-library.md,,DEA-CANON-0243,Not covered,Propose ADR if this boundary is likely to expand,Yes,
DEA-DEC-0253,Plan,l1/work/plans/features/closed/2026-04-14-l1-std-real-module-noref.md,D03,2026-04-14,Public real APIs use explicit _f and _d suffixes rather than overloading.,Standard library,,L1,Retained,Explicit,High,Defaults Chosen,89,91,Float and double entry points remain separately named.,Overloaded numeric APIs,,l1/docs/reference/standard-library.md,l1/docs/decisions/0005-floating-point-semantics.md,DEA-CANON-0244,Partially covered,Not warranted,Yes,
DEA-DEC-0254,Plan,l1/work/plans/features/closed/2026-04-14-l1-std-real-module-noref.md,D04,2026-04-14,"std.real is a thin library over the runtime boundary, not a collection of compiler intrinsics or backend special cases.",Runtime,,L1,Retained,Explicit,High,Defaults Chosen,89,93,Host math behavior is isolated in sys.real/runtime wrappers.,Compiler intrinsics | Backend-specific rewrites,,l1/docs/reference/standard-library.md,,DEA-CANON-0245,Not covered,Propose ADR,Yes,
DEA-DEC-0255,Plan,l1/work/plans/features/closed/2026-04-14-l1-std-real-module-noref.md,D05,2026-04-14,Multi-result public real helpers use small result structs while sys.real uses output parameters internally.,Standard library,,L1,Retained,Explicit,High,Defaults Chosen,91,93,The public API hides C output-parameter shapes behind value structs.,Expose output pointers publicly,,l1/docs/reference/standard-library.md,,DEA-CANON-0246,Not covered,Not warranted,Yes,
DEA-DEC-0256,Plan,l1/work/plans/features/closed/2026-04-14-l1-std-real-module-noref.md,D06,2026-04-14,C99 real wrappers live in a separate l1_real.h included only when generated code uses sys.real.,Runtime,,L1,Retained,Explicit,High,Completion Notes,234,242,DEA_USE_SYS_REAL gates the separate real-helper header.,Always include all real wrappers in the main runtime header,,l1/docs/reference/standard-library.md,,DEA-CANON-0247,Not covered,Propose ADR with runtime/link gating,Yes,
DEA-DEC-0257,Plan,l1/work/plans/features/closed/2026-04-14-l1-std-real-module-noref.md,D07,2026-04-14,The host math library is linked only for programs that actually use sys.real or std.real helpers.,ABI and linking,,L1,Retained,Explicit,High,Completion Notes,238,242,Conditional -lm or equivalent follows real-helper usage rather than all floating use.,Always link libm | Never link host math,,l1/docs/reference/standard-library.md,,DEA-CANON-0248,Not covered,Propose ADR with runtime/link gating,Yes,
DEA-DEC-0258,Plan,work/plans/features/closed/2026-04-14-shared-std-math-int-surface-noref.md,D01,2026-04-14,"Shared numeric helpers are partitioned so integer helpers occupy an integer-focused module, floating helpers remain in std.real, and bit-centric helpers remain outside that module.",Standard library,,Shared L0/L1,Retained,Explicit,High,Defaults Chosen,78,79,The plan selects an integer-focused helper module and keeps floating and bit-centric helpers outside it.,Use one mixed integer/real/bit math umbrella,The partition keeps public helper modules aligned with their numeric domains.,l0/docs/reference/standard-library.md | l1/docs/reference/standard-library.md,l0/docs/decisions/0015-stdlib-module-boundaries.md,DEA-CANON-0249,Directly covered,Covered,Yes,"The source default combined the retained integer/real/bit module partition with the independently chosen, later-superseded std.math module name."
DEA-DEC-0259,Plan,work/plans/features/closed/2026-04-14-shared-std-math-int-surface-noref.md,D02,2026-04-14,The integer-focused shared helper module initially retained the public name std.math.,Standard library,,Shared L0/L1,Superseded,Explicit,High,Defaults Chosen,78,79,The selected integer-focused module initially keeps the std.math name.,Rename the module to std.integer immediately,The first tranche preserved the existing public module name while defining its narrower domain.,l0/docs/reference/standard-library.md | l1/docs/reference/standard-library.md,l0/docs/decisions/0015-stdlib-module-boundaries.md,DEA-CANON-0250,Directly covered,Covered,Yes,"The source default combined the retained integer/real/bit module partition with the independently chosen, later-superseded std.math module name."
DEA-DEC-0260,Plan,work/plans/features/closed/2026-04-14-shared-std-math-int-surface-noref.md,D03,2026-04-14,Shared public int helper names are unsuffixed rather than using an _i suffix.,Standard library,,Shared L0/L1,Retained,Explicit,High,Defaults Chosen,78,80,The shared int surface keeps short unsuffixed names.,Explicit _i suffix,,l0/docs/reference/standard-library.md | l1/docs/reference/standard-library.md,,DEA-CANON-0251,Not covered,Not warranted,Yes,
DEA-DEC-0261,Plan,work/plans/features/closed/2026-04-14-shared-std-math-int-surface-noref.md,D04,2026-04-14,"Invalid divisor, clamp, and alignment preconditions use assertions.",Standard library,,Shared L0/L1,Retained,Explicit,High,Defaults Chosen,80,82,Caller-contract failures use assert rather than nullable results.,Nullable failure | Silent normalization,,l0/docs/reference/standard-library.md | l1/docs/reference/standard-library.md,,DEA-CANON-0252,Not covered,Not warranted,Yes,
DEA-DEC-0262,Plan,work/plans/features/closed/2026-04-14-shared-std-math-int-surface-noref.md,D05,2026-04-14,div_floor and div_ceil return int and require the mathematical result to be representable.,Standard library,,Shared L0/L1,Retained,Explicit,High,Defaults Chosen,83,84,The sole signed overflow case remains a caller precondition rather than a nullable result.,Return int?,,l0/docs/reference/standard-library.md | l1/docs/reference/standard-library.md,,DEA-CANON-0253,Not covered,Not warranted,Yes,
DEA-DEC-0263,Plan,work/plans/features/closed/2026-04-14-shared-std-math-int-surface-noref.md,D06,2026-04-14,"abs, gcd, lcm, pow, isqrt, align_down, and align_up return int? on domain or representability failure.",Standard library,,Shared L0/L1,Retained,Explicit,High,Defaults Chosen,85,86,Fallible checked integer algorithms use nullable results.,Assertions | Sentinel values,,l0/docs/reference/standard-library.md | l1/docs/reference/standard-library.md,,DEA-CANON-0254,Not covered,Not warranted,Yes,
DEA-DEC-0264,Plan,work/plans/features/closed/2026-04-14-shared-std-math-int-surface-noref.md,D07,2026-04-14,The checked absolute-value helper is named abs rather than abs_checked.,Standard library,,Shared L0/L1,Retained,Explicit,High,Defaults Chosen,85,87,"The nullable return carries checkedness, so the name remains abs.",abs_checked,,l0/docs/reference/standard-library.md | l1/docs/reference/standard-library.md,,DEA-CANON-0255,ADR not warranted,Not warranted,Yes,
DEA-DEC-0265,Plan,work/plans/features/closed/2026-04-14-shared-std-math-int-surface-noref.md,D08,2026-04-14,Signed gcd returns int? because its nonnegative result may be unrepresentable in signed int.,Standard library,,Shared L0/L1,Retained,Explicit,High,Defaults Chosen,87,89,"gcd(int_min, 0) motivates a nullable result.",Plain int gcd,,l0/docs/reference/standard-library.md | l1/docs/reference/standard-library.md,,DEA-CANON-0256,ADR not warranted,Not warranted,Yes,
DEA-DEC-0266,Plan,work/plans/features/closed/2026-04-14-shared-std-math-int-surface-noref.md,D09,2026-04-14,is_aligned returns bool and treats invalid alignment as a precondition failure.,Standard library,,Shared L0/L1,Retained,Explicit,High,Defaults Chosen,90,90,Invalid alignment does not become a nullable result.,bool? result,,l0/docs/reference/standard-library.md | l1/docs/reference/standard-library.md,,DEA-CANON-0257,ADR not warranted,Not warranted,Yes,
DEA-DEC-0267,Plan,work/plans/features/closed/2026-04-14-shared-std-math-int-surface-noref.md,D10,2026-04-14,Generic integer helpers move from std.time to the integer helper module or delegate to it.,Standard library,,Shared L0/L1,Retained,Explicit,High,Defaults Chosen,91,92,std.time no longer owns general-purpose arithmetic helpers.,Keep arithmetic helpers in std.time,,l0/docs/reference/standard-library.md | l1/docs/reference/standard-library.md,l0/docs/decisions/0015-stdlib-module-boundaries.md,DEA-CANON-0258,Covered as part of a broader ADR,Covered,Yes,
DEA-DEC-0268,Plan,l1/work/plans/bug-fixes/closed/2026-04-17-l1-diagnostic-tab-caret-alignment-noref.md,D01,2026-04-17,"Diagnostic columns count each non-newline source byte, including tab, as width one, and rendered snippets replace tabs with one space.",Diagnostics and recovery,,L1 Stage 1,Superseded,Explicit,High,Resolution,148,164,"Stored columns, carets, and display share one logical-source width model independent of terminal tab stops.",Terminal tab stops | Expanded visual columns,,l1/docs/reference/architecture.md,docs/decisions/0009-logical-lexer-error-recovery-tokens-and-codepoint-columns.md,DEA-CANON-0259,Covered as part of a broader ADR,Historical predecessor documented by the shared logical lexer-recovery and code-point-column ADR.,Yes,June's shared code-point-column rule replaced the April byte-counted non-ASCII column rule while retaining byte offsets.
DEA-DEC-0269,Plan,l1/work/plans/features/closed/2026-04-17-l1-let-non-constant-initializers-noref.md,D01,2026-04-17,"Top-level let declarations may use arbitrary runtime expressions, with constants initialized directly and other expressions deferred.",Language semantics,,L1,Retained,Explicit,High,Goal,53,60,Function calls and other nonconstant expressions become valid top-level let initializers.,Require compile-time constants,,l1/docs/reference/design-decisions.md,,DEA-CANON-0260,Not covered,Propose ADR with module lifecycle,Yes,
DEA-DEC-0270,Plan,l1/work/plans/features/closed/2026-04-17-l1-let-non-constant-initializers-noref.md,D02,2026-04-17,"In legacy whole-program output, deferred top-level lets are initialized by hidden per-module helpers invoked before user main.",Backend and C emission,,L1 Stage 1,Retained,Explicit,High,Completion Notes,34,43,The C backend splits storage initialization from deferred module-init assignments.,C constructor attributes | Lazy initialization,,l1/docs/reference/design-decisions.md,l1/docs/decisions/0020-per-module-backend-and-lifecycle-abi.md,DEA-CANON-0261,Covered as part of a broader ADR,Covered,Yes,The scope qualifier prevents this legacy single-CU decision from being mistaken for the later external per-module lifecycle ABI.
DEA-DEC-0271,Plan,l1/work/plans/features/closed/2026-04-17-l1-let-non-constant-initializers-noref.md,D03,2026-04-17,Module initialization order follows dependency order and then import source order deterministically.,Runtime,,L1,Retained,Explicit,High,Completion Notes,36,39,The generated init chain uses the module dependency graph with source-order tie behavior.,Link order | Unspecified order,,l1/docs/reference/design-decisions.md,l1/docs/decisions/0020-per-module-backend-and-lifecycle-abi.md,DEA-CANON-0262,Covered as part of a broader ADR,Covered,Yes,
DEA-DEC-0272,Plan,l1/work/plans/features/closed/2026-04-17-l1-std-io-wide-numeric-io-noref.md,D01,2026-04-17,read_delim and read_delim_any consume and exclude the delimiter; EOF returns null only if no byte was accumulated.,Standard library,,L1,Retained,Explicit,High,Defaults Chosen,55,58,Delimiter reads distinguish empty-at-EOF from a final unterminated token.,Include delimiter | Always return null at EOF,,l1/docs/reference/standard-library.md,,DEA-CANON-0263,Not covered,Not warranted,Yes,
DEA-DEC-0273,Plan,l1/work/plans/features/closed/2026-04-17-l1-std-io-wide-numeric-io-noref.md,D02,2026-04-17,read_delim_ws skips leading ASCII whitespace and returns null only when EOF precedes a token.,Standard library,,L1,Retained,Explicit,High,Defaults Chosen,58,58,Whitespace tokenization uses an explicit ASCII definition.,Locale whitespace | Unicode whitespace,,l1/docs/reference/standard-library.md,,DEA-CANON-0264,Not covered,Not warranted,Yes,
DEA-DEC-0274,Plan,l1/work/plans/features/closed/2026-04-17-l1-std-io-wide-numeric-io-noref.md,D03,2026-04-17,"Wide integer parsers accept bases 2 through 16, allow leading zeros, reject plus signs and base prefixes, and return null on invalid or out-of-range input.",Standard library,,L1,Retained,Explicit,High,Defaults Chosen,59,60,The parsing API chooses a strict digit-only grammar with nullable failure.,Accept + | Accept 0x-like prefixes | Panic on invalid input,,l1/docs/reference/standard-library.md,,DEA-CANON-0265,Not covered,Not warranted,Yes,
DEA-DEC-0275,Plan,l1/work/plans/features/closed/2026-04-17-l1-std-io-wide-numeric-io-noref.md,D04,2026-04-17,Floating-point text parsing remains deferred.,Standard library,,L1,Deferred,Explicit,High,Defaults Chosen,61,61,The I/O tranche exposes floating output but not parsing.,,,l1/docs/reference/standard-library.md,,DEA-CANON-0266,Not covered,Not warranted,Yes,
DEA-DEC-0276,Plan,l1/work/plans/features/closed/2026-04-18-l1-bitwise-operators-noref.md,D01,2026-04-18,"Binary &, |, and ^ return the operands' common integer type and require an explicit cast across signedness.",Type system,,L1,Retained,Explicit,High,Defaults Chosen,44,48,Bitwise binary typing reuses the integer lattice without C-style mixed-sign promotion.,C usual arithmetic conversions,,l1/docs/reference/design-decisions.md,l1/docs/decisions/0004-wide-integer-types.md,DEA-CANON-0267,Covered as part of a broader ADR,Covered,Yes,
DEA-DEC-0277,Plan,l1/work/plans/features/closed/2026-04-18-l1-bitwise-operators-noref.md,D02,2026-04-18,Unary bitwise complement preserves its integer operand type.,Type system,,L1,Retained,Explicit,High,Defaults Chosen,48,48,~ does not promote small integers to int.,C integer promotion,,l1/docs/reference/design-decisions.md,l1/docs/decisions/0004-wide-integer-types.md,DEA-CANON-0268,Covered as part of a broader ADR,Covered,Yes,
DEA-DEC-0278,Plan,l1/work/plans/features/closed/2026-04-18-l1-bitwise-operators-noref.md,D03,2026-04-18,"Shift results have the left operand's integer type, while the right operand must be unsigned or nonnegative.",Type system,,L1,Retained,Explicit,High,Defaults Chosen,49,50,Shift count typing is constrained independently of the result type.,,,l1/docs/reference/design-decisions.md,l1/docs/decisions/0004-wide-integer-types.md,DEA-CANON-0269,Covered as part of a broader ADR,Covered,Yes,
DEA-DEC-0279,Plan,l1/work/plans/features/closed/2026-04-18-l1-bitwise-operators-noref.md,D04,2026-04-18,Signed right shift is arithmetic and unsigned right shift is logical.,Language semantics,,L1,Retained,Explicit,High,Defaults Chosen,51,52,The language commits to sign extension for signed values despite C99 implementation variance.,Always logical | Leave host-defined,,l1/docs/reference/design-decisions.md,l1/docs/decisions/0004-wide-integer-types.md,DEA-CANON-0270,Partially covered,Propose ADR or extend wide-integer ADR,Yes,
DEA-DEC-0280,Plan,l1/work/plans/features/closed/2026-04-18-l1-bitwise-operators-noref.md,D05,2026-04-18,Bitwise operators are not defined for bool.,Type system,,L1,Retained,Explicit,High,Defaults Chosen,53,53,Logical && and || remain the boolean operator family.,Treat bool as one-bit integer,,l1/docs/reference/design-decisions.md,l1/docs/decisions/0004-wide-integer-types.md,DEA-CANON-0271,Covered as part of a broader ADR,Covered,Yes,
DEA-DEC-0281,Plan,l1/work/plans/features/closed/2026-04-18-l1-bitwise-operators-noref.md,D06,2026-04-18,Bitwise constant folding uses fixed-width integer range rules and rejects negative or out-of-width shifts.,Semantic analysis,,L1 Stage 1,Retained,Explicit,High,Phase 4: Constant folding,94,97,Compile-time folding preserves the declared result type and validates shift counts.,,,l1/docs/reference/design-decisions.md,l1/docs/decisions/0004-wide-integer-types.md,DEA-CANON-0272,Partially covered,Not warranted,Yes,
DEA-DEC-0282,Plan,l1/work/plans/features/closed/2026-04-18-l1-bitwise-operators-noref.md,D07,2026-04-18,"Bitwise precedence follows the C-family ordering: ~, shifts, &, ^, then |.",Language syntax,,L1,Retained,Explicit,High,Defaults Chosen,54,57,The new operators are integrated with a conventional precedence ladder.,One shared bitwise precedence,,l1/docs/reference/grammar.md,,DEA-CANON-0273,ADR not warranted,The precedence table is stable grammar/reference material and does not warrant a standalone ADR.,Yes,A conventional operator-precedence detail is durable but sufficiently represented in normative grammar.
DEA-DEC-0283,Plan,l1/work/plans/features/closed/2026-04-18-l1-const-declarations-noref.md,D01,2026-04-18,L1 const syntax is top-level const NAME: T = EXPR with both type and initializer required.,Language syntax,,L1,Retained,Explicit,High,Completion Notes,46,59,"The shipped form is explicit, typed, initialized, and top-level only.",Infer type | Allow declaration without initializer,,l1/docs/reference/grammar.md,l1/docs/decisions/0006-const-declarations.md,DEA-CANON-0274,Directly covered,Covered,Yes,
DEA-DEC-0284,Plan,l1/work/plans/features/closed/2026-04-18-l1-const-declarations-noref.md,D02,2026-04-18,A const initializer must be accepted by the compile-time constant evaluator and never falls back to module initialization.,Language semantics,,L1,Retained,Explicit,High,Defaults Chosen,74,80,Nonconstant initializers are rejected as a const error.,Runtime-initialized const,,l1/docs/reference/design-decisions.md,l1/docs/decisions/0006-const-declarations.md,DEA-CANON-0275,Directly covered,Covered,Yes,
DEA-DEC-0285,Plan,l1/work/plans/features/closed/2026-04-18-l1-const-declarations-noref.md,D03,2026-04-18,"Const bindings cannot be assigned, dropped, or used as mutable addressable storage.",Language semantics,,L1,Retained,Explicit,High,Defaults Chosen,78,80,Const is a semantic nonassignability contract rather than just a C qualifier.,,,l1/docs/reference/design-decisions.md,l1/docs/decisions/0006-const-declarations.md,DEA-CANON-0276,Directly covered,Covered,Yes,
DEA-DEC-0286,Plan,l1/work/plans/features/closed/2026-04-18-l1-const-declarations-noref.md,D04,2026-04-18,Block-local const is deferred and explicitly rejected.,Language syntax,,L1,Deferred,Explicit,High,Completion Notes,57,59,The shipped declaration surface remains top-level.,,,l1/docs/reference/grammar.md,l1/docs/decisions/0006-const-declarations.md,DEA-CANON-0277,Directly covered,Covered,Yes,
DEA-DEC-0287,Plan,l1/work/plans/features/closed/2026-04-18-l1-const-declarations-noref.md,D05,2026-04-18,Top-level const initially lowered as static const C storage.,Backend and C emission,,L1 Stage 1,Superseded,Explicit,High,Completion Notes,50,54,The original C emission contract used internal static linkage.,,,l1/docs/specs/compiler/abi.md,l1/docs/decisions/0006-const-declarations.md | l1/docs/decisions/0008-lbi-symbol-mangling.md,DEA-CANON-0278,Directly covered,Covered,Yes,
DEA-DEC-0288,Plan,l1/work/plans/features/closed/2026-04-18-l1-const-declarations-noref.md,D06,2026-04-18,Const does not imply constexpr function evaluation beyond the existing folder.,Semantic analysis,,L1,Retained,Explicit,High,Defaults Chosen,84,87,The declaration form does not add compile-time execution of functions.,constexpr-like function evaluation,,l1/docs/reference/design-decisions.md,l1/docs/decisions/0006-const-declarations.md,DEA-CANON-0279,Directly covered,Covered,Yes,
DEA-DEC-0289,Plan,l1/work/plans/features/closed/2026-04-18-l1-function-pointer-types-noref.md,D01,2026-04-18,"Function-pointer type syntax is func(T1, ...) -> U, with func() -> U for zero arguments and void for no result.",Language syntax,,L1,Retained,Explicit,High,Defaults Chosen,61,65,The type spelling mirrors function declarations without a body.,C declarator syntax | fn keyword,,l1/docs/reference/grammar.md,l1/docs/decisions/0007-function-pointer-types.md,DEA-CANON-0280,Directly covered,Covered,Yes,
DEA-DEC-0290,Plan,l1/work/plans/features/closed/2026-04-18-l1-function-pointer-types-noref.md,D02,2026-04-18,L1 function types are always pointer-valued; the language does not distinguish function from pointer-to-function types.,Type system,,L1,Retained,Explicit,High,Defaults Chosen,66,67,There is a single pointer-valued callable type model.,Separate function and function-pointer kinds,,l1/docs/reference/design-decisions.md,l1/docs/decisions/0007-function-pointer-types.md,DEA-CANON-0281,Directly covered,Covered,Yes,
DEA-DEC-0291,Plan,l1/work/plans/features/closed/2026-04-18-l1-function-pointer-types-noref.md,D03,2026-04-18,"A nullable function pointer is parenthesized as (func(...) -> U)?, while func(...) -> U? has a nullable return.",Language syntax,,L1,Retained,Explicit,High,Defaults Chosen,68,71,Parentheses disambiguate pointer nullability from result nullability.,Different nullable function syntax,,l1/docs/reference/grammar.md,l1/docs/decisions/0007-function-pointer-types.md,DEA-CANON-0282,Directly covered,Covered,Yes,
DEA-DEC-0292,Plan,l1/work/plans/features/closed/2026-04-18-l1-function-pointer-types-noref.md,D04,2026-04-18,Calling a null function pointer is a runtime error.,Runtime,,L1,Retained,Explicit,High,Defaults Chosen,68,71,Indirect calls do not expose silent C undefined behavior.,Undefined behavior | Compile-time-only checks,,l1/docs/reference/design-decisions.md,l1/docs/decisions/0007-function-pointer-types.md,DEA-CANON-0283,Directly covered,Covered,Yes,
DEA-DEC-0293,Plan,l1/work/plans/features/closed/2026-04-18-l1-function-pointer-types-noref.md,D05,2026-04-18,"Function-pointer compatibility requires exact parameter arity, parameter types, and return type with no variance.",Type system,,L1,Retained,Explicit,High,Defaults Chosen,72,73,Callable type assignment is invariant and signature-exact.,Parameter or return variance,,l1/docs/reference/design-decisions.md,l1/docs/decisions/0007-function-pointer-types.md,DEA-CANON-0284,Directly covered,Covered,Yes,
DEA-DEC-0294,Plan,l1/work/plans/features/closed/2026-04-18-l1-function-pointer-types-noref.md,D06,2026-04-18,A bare top-level function name evaluates to a pointer with that function's signature.,Language semantics,,L1,Retained,Explicit,High,Defaults Chosen,74,75,Named functions can be used as first-class callable values without address-of syntax.,Require explicit address-taking,,l1/docs/reference/design-decisions.md,l1/docs/decisions/0007-function-pointer-types.md,DEA-CANON-0285,Directly covered,Covered,Yes,
DEA-DEC-0295,Plan,l1/work/plans/features/closed/2026-04-18-l1-function-pointer-types-noref.md,D07,2026-04-18,Function pointers use the plain C function-pointer ABI representation.,ABI and linking,,L1,Retained,Explicit,High,Defaults Chosen,77,78,No runtime closure object or wrapper ABI is introduced.,Fat pointer or closure object,,l1/docs/specs/compiler/abi.md,l1/docs/decisions/0007-function-pointer-types.md,DEA-CANON-0286,Directly covered,Covered,Yes,
DEA-DEC-0296,Plan,l1/work/plans/features/closed/2026-04-18-l1-function-pointer-types-noref.md,D08,2026-04-18,"Same-signature function pointers support identity equality and null checks, while ordering comparisons are rejected.",Language semantics,,L1,Retained,Explicit,High,Phase 3: Nullability and comparison,108,112,Callable references expose identity but no address ordering.,Ordered pointer comparison | No equality,,l1/docs/reference/design-decisions.md,l1/docs/decisions/0007-function-pointer-types.md,DEA-CANON-0287,Directly covered,Covered,Yes,
DEA-DEC-0297,Plan,l1/work/plans/features/closed/2026-04-18-string-equality-operators-noref.md,D01,2026-04-18,String == and != use byte-content value equality rather than identity.,Language semantics,,L1,Retained,Explicit,High,Defaults Chosen,70,81,Equality calls rt_string_equals and != negates the same result.,Reference identity | Reject string equality,,l1/docs/reference/design-decisions.md,l0/docs/decisions/0016-string-value-operators.md,DEA-CANON-0288,Covered as part of a broader ADR,Covered,Yes,
DEA-DEC-0298,Plan,l1/work/plans/features/closed/2026-04-18-string-equality-operators-noref.md,D02,2026-04-18,String equality requires two string operands and introduces no implicit coercion.,Type system,,L1,Retained,Explicit,High,Defaults Chosen,72,77,Mixed string/non-string equality remains a type mismatch.,Coerce other values to string,,l1/docs/reference/design-decisions.md,l0/docs/decisions/0016-string-value-operators.md,DEA-CANON-0289,Covered as part of a broader ADR,Covered,Yes,
DEA-DEC-0299,Plan,l1/work/plans/features/closed/2026-04-18-string-relational-operators-noref.md,D01,2026-04-18,String ordering is byte-wise lexicographic; locale-aware ordering belongs in a library rather than operator semantics.,Language semantics,,L1,Retained,Explicit,High,Defaults Chosen,69,81,rt_string_compare defines a stable locale-independent ordering.,Locale-aware ordering | Reject relational operators,,l1/docs/reference/design-decisions.md,l0/docs/decisions/0016-string-value-operators.md,DEA-CANON-0290,Covered as part of a broader ADR,Covered,Yes,
DEA-DEC-0300,Plan,l1/work/plans/features/closed/2026-04-18-string-relational-operators-noref.md,D02,2026-04-18,String relational operators require two string operands and yield bool without coercion.,Type system,,L1,Retained,Explicit,High,Defaults Chosen,69,74,Mixed string/non-string relational expressions remain type errors.,,,l1/docs/reference/design-decisions.md,l0/docs/decisions/0016-string-value-operators.md,DEA-CANON-0291,Covered as part of a broader ADR,Covered,Yes,
DEA-DEC-0301,Plan,l1/work/plans/features/closed/2026-04-19-pointer-identity-equality-noref.md,D01,2026-04-19,"Same-type non-nullable pointers, including void*, support == and != as reference identity.",Language semantics,,L1,Retained,Explicit,High,Defaults Chosen,69,73,Pointers compare equal exactly when they designate the same runtime object.,Reject pointer equality | Structural pointee equality,,l1/docs/reference/design-decisions.md,,DEA-CANON-0292,Not covered,Propose ADR for L1 equality/comparison lattice,Yes,
DEA-DEC-0302,Plan,l1/work/plans/features/closed/2026-04-19-pointer-identity-equality-noref.md,D02,2026-04-19,"Equality between different pointer types is rejected, including T* versus void* without an explicit cast.",Type system,,L1,Retained,Explicit,High,Defaults Chosen,74,75,Pointer identity comparison is exact-type only.,Implicit void* compatibility | Cross-pointee comparison,,l1/docs/reference/design-decisions.md,,DEA-CANON-0293,Not covered,Propose ADR for L1 equality/comparison lattice,Yes,
DEA-DEC-0303,Plan,l1/work/plans/features/closed/2026-04-19-pointer-identity-equality-noref.md,D03,2026-04-19,Ordered comparisons on pointers are rejected because address ordering has no defined L1 meaning.,Language semantics,,L1,Retained,Explicit,High,Defaults Chosen,80,81,The language exposes pointer identity but not host address order.,Expose host-defined address ordering,,l1/docs/reference/design-decisions.md,,DEA-CANON-0294,Not covered,Propose ADR for L1 equality/comparison lattice,Yes,
DEA-DEC-0304,Plan,l1/work/plans/features/closed/2026-04-20-is-intrinsic-noref.md,D01,2026-04-20,"is(expr, Variant) is a dea intrinsic that tests an enum tag while ignoring payload.",Language semantics,,L1,Retained,Explicit,High,Summary,29,36,The intrinsic replaces dummy payload construction used only for ord-based tag checks.,Continue ord comparisons | Pattern-only tag testing,,l1/docs/reference/design-decisions.md,l1/docs/decisions/0002-dea-virtual-prelude-module.md,DEA-CANON-0295,Covered as part of a broader ADR,Covered,Yes,
DEA-DEC-0305,Plan,l1/work/plans/features/closed/2026-04-20-is-intrinsic-noref.md,D02,2026-04-20,is uses ordinary call syntax; its second argument is a bare or qualified variant of the first argument's enum and lowering is a direct tag comparison.,Semantic analysis,,L1 Stage 1,Retained,Explicit,High,Phase 1: `is` Intrinsic Support,44,52,The parser stays generic while checker and backend enforce the special variant-reference contract.,,,l1/docs/reference/design-decisions.md,l1/docs/decisions/0002-dea-virtual-prelude-module.md,DEA-CANON-0296,Covered as part of a broader ADR,Covered,Yes,
DEA-DEC-0306,Plan,work/plans/bug-fixes/closed/2026-04-20-shared-casted-place-null-propagation-arc-noref.md,D01,2026-04-20,A cast whose operand is an existing place remains place-like for ARC unless the cast introduces a real ownership boundary.,Ownership and memory safety,,Shared L0/L1,Retained,Explicit,High,Assumptions,106,109,Casts from places do not fabricate synthetic owned aliases merely because a cast node exists.,,,l0/docs/reference/ownership.md | l1/docs/reference/ownership.md,docs/decisions/0002-arc-ownership-model.md | l0/docs/decisions/0008-arc-ownership-model.md,DEA-CANON-0297,Covered as part of a broader ADR,Covered,Yes,
DEA-DEC-0307,Plan,work/plans/bug-fixes/closed/2026-04-20-shared-top-level-arc-cleanup-and-drop-diagnostic-parity-noref.md,D01,2026-04-20,Generated process-entry wrappers release ARC-managed module-level lets before returning the saved exit code.,Ownership and memory safety,,Shared L0/L1,Retained,Explicit,High,Approach,84,90,"Wrappers compute the result, run top-level cleanup, then return it for all supported entry signatures.",,,l0/docs/reference/ownership.md | l1/docs/reference/ownership.md,docs/decisions/0002-arc-ownership-model.md,DEA-CANON-0298,Covered as part of a broader ADR,Covered,Yes,
DEA-DEC-0308,Plan,work/plans/refactors/closed/2026-04-20-prefer-native-string-operators-noref.md,D01,2026-04-20,std.string::eq_s and cmp_s remain public callable wrappers even after native string operators become preferred.,Standard library,,Shared L0/L1,Retained,Explicit,High,Non-Goals,76,90,"The wrappers remain for compatibility, first-class callback use, and cmp_s's tri-valued contract.",Remove or deprecate both wrappers,,l0/docs/reference/standard-library.md | l1/docs/reference/standard-library.md,l0/docs/decisions/0016-string-value-operators.md,DEA-CANON-0299,Covered as part of a broader ADR,Not warranted,Yes,
DEA-DEC-0309,Plan,work/plans/bug-fixes/closed/2026-04-21-shared-arc-borrowed-param-reassignment-noref.md,D01,2026-04-21,Borrowed ARC parameters remain valid and reassignable rather than requiring owned-parameter syntax or a diagnostic.,Ownership and memory safety,,Shared L0/L1,Retained,Explicit,High,Phase 4 — Spec update,152,158,The ownership reference explicitly keeps borrowed parameters reassignable.,Reject reassignment | Introduce owned parameters,,l0/docs/reference/ownership.md | l1/docs/reference/ownership.md,l0/docs/decisions/0008-arc-ownership-model.md,DEA-CANON-0300,Covered as part of a broader ADR,Covered,Yes,
DEA-DEC-0310,Plan,work/plans/bug-fixes/closed/2026-04-21-shared-arc-borrowed-param-reassignment-noref.md,D02,2026-04-21,"If an ARC parameter is syntactically reassigned, the compiler retains it once at entry and cleans it as owned scope state.",Ownership and memory safety,,Shared L0/L1,Retained,Explicit,High,Defensive entry retain (Option E),77,95,A pure syntax walk selects parameters for one prologue retain and owned-scope registration.,Promote on first reassignment | Reject reassignment,,l0/docs/reference/ownership.md | l1/docs/reference/ownership.md,l0/docs/decisions/0008-arc-ownership-model.md,DEA-CANON-0301,Covered as part of a broader ADR,Covered,Yes,
DEA-DEC-0311,Plan,l1/work/plans/features/closed/2026-04-22-named-arguments-noref.md,D01,2026-04-22,Named call arguments use label: expr syntax for top-level functions and constructors.,Language syntax,,L1,Retained,Explicit,High,Defaults Chosen,48,53,The existing call delimiters carry labeled arguments on both supported callable surfaces.,label = expr | Function-only named arguments,,l1/docs/reference/grammar.md,,DEA-CANON-0302,Not covered,Propose ADR for named-call semantics,Yes,
DEA-DEC-0312,Plan,l1/work/plans/features/closed/2026-04-22-named-arguments-noref.md,D02,2026-04-22,A call is either entirely positional or entirely named; mixed calls are rejected.,Language syntax,,L1,Retained,Explicit,High,Defaults Chosen,50,53,The initial named-call grammar is all-or-nothing.,Positional prefix followed by named arguments,,l1/docs/reference/grammar.md,,DEA-CANON-0303,Not covered,Propose ADR for named-call semantics,Yes,
DEA-DEC-0313,Plan,l1/work/plans/features/closed/2026-04-22-named-arguments-noref.md,D03,2026-04-22,Named arguments may appear in any source order and are mapped to declaration order by label.,Language semantics,,L1,Retained,Explicit,High,Defaults Chosen,53,53,"Labels, not source position, determine parameter or field association.",Require declaration order,,l1/docs/reference/design-decisions.md,,DEA-CANON-0304,Not covered,Propose ADR for named-call semantics,Yes,
DEA-DEC-0314,Plan,l1/work/plans/features/closed/2026-04-22-named-arguments-noref.md,D04,2026-04-22,Named argument expressions evaluate left-to-right in written source order even when callee order differs.,Language semantics,,L1,Retained,Explicit,High,Defaults Chosen,54,57,Lowering uses temporaries as needed to preserve observable source evaluation order.,Evaluate in declaration order | Leave cross-argument order unspecified,,l1/docs/reference/design-decisions.md,,DEA-CANON-0305,Not covered,Propose ADR for named-call semantics,Yes,
DEA-DEC-0315,Plan,l1/work/plans/features/closed/2026-04-22-named-arguments-noref.md,D05,2026-04-22,"Every named parameter or constructor field must be supplied exactly once; unknown, duplicate, and omitted labels are errors.",Type system,,L1,Retained,Explicit,High,Defaults Chosen,58,60,Named calls remain complete calls with no defaults or duplicate bindings.,Default omitted arguments | Last duplicate wins,,l1/docs/reference/design-decisions.md,,DEA-CANON-0306,Not covered,Propose ADR for named-call semantics,Yes,
DEA-DEC-0316,Plan,l1/work/plans/features/closed/2026-04-22-string-concatenation-operator-noref.md,D01,2026-04-22,The + operator accepts exactly string + string and returns string.,Type system,,L1,Retained,Explicit,High,Defaults Chosen,61,65,The initial concatenation surface is a single homogeneous binary operator.,No operator | Mixed operand concatenation,,l1/docs/reference/design-decisions.md,l0/docs/decisions/0016-string-value-operators.md,DEA-CANON-0307,Covered as part of a broader ADR,Covered,Yes,
DEA-DEC-0317,Plan,l1/work/plans/features/closed/2026-04-22-string-concatenation-operator-noref.md,D02,2026-04-22,"String concatenation performs no implicit coercion from bytes, numbers, nullable strings, or pointers.",Type system,,L1,Retained,Explicit,High,Defaults Chosen,63,65,Both operands must already be string.,Implicit formatting or coercion,,l1/docs/reference/design-decisions.md,l0/docs/decisions/0016-string-value-operators.md,DEA-CANON-0308,Covered as part of a broader ADR,Covered,Yes,
DEA-DEC-0318,Plan,l1/work/plans/features/closed/2026-04-22-string-concatenation-operator-noref.md,D03,2026-04-22,String concatenation returns a fresh owned string without mutating or consuming either operand.,Ownership and memory safety,,L1,Retained,Explicit,High,Defaults Chosen,66,67,The result participates in ordinary ARC as a new owner.,Mutate left operand | Consume operands | Borrowed view,,l1/docs/reference/design-decisions.md,l0/docs/decisions/0016-string-value-operators.md,DEA-CANON-0309,Directly covered,Covered,Yes,
DEA-DEC-0319,Plan,l1/work/plans/features/closed/2026-04-22-string-concatenation-operator-noref.md,D04,2026-04-22,String concatenation lowers through a dedicated runtime helper rather than open-coded buffer arithmetic.,Runtime,,L1,Retained,Explicit,High,Defaults Chosen,68,69,"Allocation, byte copying, and ownership stay centralized in the runtime.",Open-code in generated C,,l1/docs/reference/design-decisions.md,l0/docs/decisions/0016-string-value-operators.md,DEA-CANON-0310,Covered as part of a broader ADR,Covered,Yes,
DEA-DEC-0320,Plan,l1/work/plans/features/closed/2026-04-22-variadic-functions-noref.md,D01,2026-04-22,L1-defined variadic functions are distinct from and do not introduce C ABI varargs.,ABI and linking,,L1,Retained,Explicit,High,Defaults Chosen,61,64,Language packs remain separate from extern func C varargs.,Reuse C varargs ABI,,l1/docs/reference/design-decisions.md,l1/docs/decisions/0017-l1-variadic-functions.md,DEA-CANON-0311,Directly covered,Covered,Yes,
DEA-DEC-0321,Plan,l1/work/plans/features/closed/2026-04-22-variadic-functions-noref.md,D02,2026-04-22,A variadic signature has exactly one trailing variadic parameter.,Type system,,L1,Retained,Explicit,High,Defaults Chosen,65,65,Multiple or non-final packs are invalid.,Multiple packs | Pack in non-final position,,l1/docs/reference/design-decisions.md,l1/docs/decisions/0017-l1-variadic-functions.md,DEA-CANON-0312,Directly covered,Covered,Yes,
DEA-DEC-0322,Plan,l1/work/plans/features/closed/2026-04-22-variadic-functions-noref.md,D03,2026-04-22,"Variadic parameters use trailing name: T... syntax, mirrored in function-pointer types.",Language syntax,,L1,Retained,Explicit,High,Defaults Chosen,66,67,Ellipsis attaches to the final parameter type.,...T name | Dedicated params syntax,,l1/docs/reference/grammar.md,l1/docs/decisions/0017-l1-variadic-functions.md,DEA-CANON-0313,Directly covered,Covered,Yes,
DEA-DEC-0323,Plan,l1/work/plans/features/closed/2026-04-22-variadic-functions-noref.md,D04,2026-04-22,Variadic calls are positional-only; named arguments cannot call a variadic function.,Language syntax,,L1,Retained,Explicit,High,Defaults Chosen,68,70,The two call features deliberately reject their cross-combination.,Named fixed prefix | Named pack argument,,l1/docs/reference/design-decisions.md,l1/docs/decisions/0017-l1-variadic-functions.md,DEA-CANON-0314,Directly covered,Covered,Yes,
DEA-DEC-0324,Plan,l1/work/plans/features/closed/2026-04-22-variadic-functions-noref.md,D05,2026-04-22,"Inside the callee, a variadic parameter has effective mutable slice type T[].",Type system,,L1,Retained,Explicit,High,Defaults Chosen,71,72,"Variadics reuse len, checked indexing, and slice assignment rather than a bespoke pack type.",Bespoke parameter-pack type,,l1/docs/reference/design-decisions.md,l1/docs/decisions/0017-l1-variadic-functions.md,DEA-CANON-0315,Directly covered,Covered,Yes,
DEA-DEC-0325,Plan,l1/work/plans/features/closed/2026-04-22-variadic-functions-noref.md,D06,2026-04-22,Explicit variadic forwarding uses one final pack... argument and cannot mix forwarding with individual tail values.,Language syntax,,L1,Retained,Explicit,High,Defaults Chosen,73,74,A forwarded compatible slice or array supplies the whole variadic tail.,Implicit forwarding | Mix pack and individual elements,,l1/docs/reference/design-decisions.md,l1/docs/decisions/0017-l1-variadic-functions.md,DEA-CANON-0316,Directly covered,Covered,Yes,
DEA-DEC-0326,Plan,l1/work/plans/features/closed/2026-04-22-variadic-functions-noref.md,D07,2026-04-22,Ordinary variadic calls materialize caller-owned fixed-array storage for the pack.,Ownership and memory safety,,L1,Retained,Embedded,High,Deferral Resolution,43,47,Caller-owned pack lifetime backs the callee's slice view.,C varargs stack ABI | Heap-owned callee pack,,l1/docs/reference/design-decisions.md,l1/docs/decisions/0017-l1-variadic-functions.md,DEA-CANON-0317,Directly covered,Covered,Yes,
DEA-DEC-0327,Plan,l1/work/plans/features/closed/2026-04-22-variadic-functions-noref.md,D08,2026-04-22,Variadic function pointers match exactly on fixed prefix and variadic element type.,Type system,,L1,Retained,Explicit,High,Phase 4: Function pointers and forwarding,107,111,Indirect variadic callability remains signature-exact.,,,l1/docs/reference/design-decisions.md,l1/docs/decisions/0017-l1-variadic-functions.md,DEA-CANON-0318,Directly covered,Covered,Yes,
DEA-DEC-0328,Plan,l1/work/plans/features/closed/2026-04-22-variadic-functions-noref.md,D09,2026-04-22,LBI type encoding uses a V component so variadic function identity differs from a fixed slice signature.,ABI and linking,,L1,Retained,Embedded,High,Implementation Summary,142,147,The binary interface preserves the semantic distinction even though the callee sees T[].,,,l1/docs/specs/compiler/abi.md,l1/docs/decisions/0017-l1-variadic-functions.md | l1/docs/decisions/0008-lbi-symbol-mangling.md,DEA-CANON-0319,Directly covered,Covered,Yes,
DEA-DEC-0329,Plan,work/plans/bug-fixes/closed/2026-04-22-shared-unwrapped-string-value-arc-copy-noref.md,D01,2026-04-22,Copying ARC-managed data from a place-like nullable unwrap into a match or case scrutinee retains the copied value before source cleanup.,Ownership and memory safety,,Shared L0/L1,Retained,Explicit,High,Scope of This Fix,138,146,The new scrutinee owner is stabilized with deep retains before its source can be released.,,,l0/docs/reference/ownership.md | l1/docs/reference/ownership.md,docs/decisions/0002-arc-ownership-model.md | l0/docs/decisions/0008-arc-ownership-model.md,DEA-CANON-0320,Covered as part of a broader ADR,Covered,Yes,
DEA-DEC-0330,Plan,l1/work/plans/features/closed/2026-04-23-single-statement-loop-and-match-bodies-noref.md,D01,2026-04-23,while and for bodies accept any Stmt rather than requiring a block.,Language syntax,,L1,Retained,Explicit,High,Defaults Chosen,57,63,Loop body grammar is aligned with generic if-branch statements.,Block-only loop bodies,,l1/docs/reference/grammar.md,,DEA-CANON-0321,ADR not warranted,Keep the single-statement loop-body grammar in the normative reference; no standalone ADR.,Yes,The syntax is durable but narrow and does not meet the threshold for an ADR.
DEA-DEC-0331,Plan,l1/work/plans/features/closed/2026-04-23-single-statement-loop-and-match-bodies-noref.md,D02,2026-04-23,match arms accept any Stmt rather than requiring a block.,Language syntax,,L1,Retained,Explicit,High,Defaults Chosen,59,63,Match arm grammar is aligned with case arms.,Block-only match arms,,l1/docs/reference/grammar.md,,DEA-CANON-0322,ADR not warranted,Keep the single-statement match-arm grammar in the normative reference; no standalone ADR.,Yes,The syntax is durable but narrow and does not meet the threshold for an ADR.
DEA-DEC-0332,Plan,l1/work/plans/features/closed/2026-04-23-single-statement-loop-and-match-bodies-noref.md,D03,2026-04-23,Every loop body and match arm has a fresh synthetic scope even when written as one statement.,Language semantics,,L1,Retained,Explicit,High,Defaults Chosen,61,63,Bindings and cleanup remain body-local independent of braces.,Share enclosing scope for unbraced bodies,,l1/docs/reference/design-decisions.md,,DEA-CANON-0323,ADR not warranted,Keep the synthetic-scope rule in normative language documentation and tests; no standalone ADR.,Yes,The scope consequence is important but sufficiently local to this syntax feature.
DEA-DEC-0333,Plan,l1/work/plans/features/closed/2026-04-24-export-manifests-and-aliased-imports-noref.md,D01,2026-04-24,L1 visibility is controlled at module level rather than by per-declaration pub or priv modifiers.,Language semantics,,L1,Retained,Explicit,High,Defaults Chosen,60,63,An export manifest defines the public surface for the module as a whole.,Per-declaration visibility modifiers,,l1/docs/reference/design-decisions.md,l1/docs/decisions/0009-module-visibility-exports-imports.md,DEA-CANON-0324,Directly covered,Covered,Yes,
DEA-DEC-0334,Plan,l1/work/plans/features/closed/2026-04-24-export-manifests-and-aliased-imports-noref.md,D02,2026-04-24,"export * exports every top-level symbol, including names beginning with underscore.",Language semantics,,L1,Retained,Explicit,High,Defaults Chosen,62,64,The explicit star form overrides underscore privacy convention.,Exclude underscore names from export *,,l1/docs/reference/design-decisions.md,l1/docs/decisions/0009-module-visibility-exports-imports.md,DEA-CANON-0325,Directly covered,Covered,Yes,
DEA-DEC-0335,Plan,l1/work/plans/features/closed/2026-04-24-export-manifests-and-aliased-imports-noref.md,D03,2026-04-24,"Without an export statement, every top-level symbol except underscore-prefixed names is exported.",Language semantics,,L1,Retained,Explicit,High,Defaults Chosen,63,65,The compatibility-oriented implicit export surface uses underscore as the default internal marker.,Export nothing by default | Export every name by default,,l1/docs/reference/design-decisions.md,l1/docs/decisions/0009-module-visibility-exports-imports.md,DEA-CANON-0326,Directly covered,Covered,Yes,
DEA-DEC-0336,Plan,l1/work/plans/features/closed/2026-04-24-export-manifests-and-aliased-imports-noref.md,D04,2026-04-24,An explicit export name list is an allowlist of top-level names and cannot rename exports.,Language semantics,,L1,Retained,Explicit,High,Defaults Chosen,64,65,Export manifests select identity-preserving public names.,Export aliases | Per-declaration export markers,,l1/docs/reference/design-decisions.md,l1/docs/decisions/0009-module-visibility-exports-imports.md,DEA-CANON-0327,Directly covered,Covered,Yes,
DEA-DEC-0337,Plan,l1/work/plans/features/closed/2026-04-24-export-manifests-and-aliased-imports-noref.md,D05,2026-04-24,import module as alias creates a namespace accessed only as alias::name.,Frontend architecture,,L1,Retained,Explicit,High,Defaults Chosen,65,67,Aliased imports do not inject the provider's members unqualified.,Alias plus implicit open,,l1/docs/reference/grammar.md,l1/docs/decisions/0009-module-visibility-exports-imports.md,DEA-CANON-0328,Directly covered,Covered,Yes,
DEA-DEC-0338,Plan,l1/work/plans/features/closed/2026-04-24-export-manifests-and-aliased-imports-noref.md,D06,2026-04-24,import names from module introduces only the named exported symbols as unqualified bindings.,Frontend architecture,,L1,Retained,Explicit,High,Defaults Chosen,66,67,Selective imports bind an explicit subset in the current scope.,Always open the entire module,,l1/docs/reference/grammar.md,l1/docs/decisions/0009-module-visibility-exports-imports.md,DEA-CANON-0329,Directly covered,Covered,Yes,
DEA-DEC-0339,Plan,l1/work/plans/features/closed/2026-04-24-export-manifests-and-aliased-imports-noref.md,D07,2026-04-24,Import forms are not mixed within one statement.,Language syntax,,L1,Retained,Explicit,High,Defaults Chosen,67,68,"Alias, selective, and ordinary import forms remain syntactically separate.",Combined alias/selective syntax,,l1/docs/reference/grammar.md,l1/docs/decisions/0009-module-visibility-exports-imports.md,DEA-CANON-0330,Directly covered,Covered,Yes,
DEA-DEC-0340,Plan,l1/work/plans/features/closed/2026-04-24-export-manifests-and-aliased-imports-noref.md,D08,2026-04-24,A module has at most one export manifest and it appears at the beginning of the module.,Language syntax,,L1,Retained,Embedded,High,Phase 1: Parser and AST surface,79,89,The parser models one leading manifest for deterministic later interface emission.,Distributed export declarations,,l1/docs/reference/grammar.md,l1/docs/decisions/0009-module-visibility-exports-imports.md,DEA-CANON-0331,Directly covered,Covered,Yes,
DEA-DEC-0341,Plan,l1/work/plans/features/closed/2026-04-24-lbi-symbol-mangling-and-linkage-noref.md,D01,2026-04-24,The initial LBI used tagged length-prefixed module sections and a broad `S` terminal for every source entity.,ABI and linking,,L1,Superseded,Explicit,High,Defaults Chosen,61,65,Module segments and source symbol names are framed by decimal lengths.,dea_module_name underscore concatenation,,l1/docs/specs/compiler/abi.md,l1/docs/decisions/0008-lbi-symbol-mangling.md,DEA-CANON-0332,Directly covered,Covered,Yes,The May unified LBI plan explicitly replaces the broad-S two-layer compatibility scaffold with N/S/E/I terminals and recursive function signatures.
DEA-DEC-0342,Plan,l1/work/plans/features/closed/2026-04-24-lbi-symbol-mangling-and-linkage-noref.md,D02,2026-04-24,"LBI module identity is derived from the dotted source module path, not the filesystem path.",ABI and linking,,L1,Retained,Explicit,High,Defaults Chosen,66,70,Each dotted module segment becomes a framed M component.,Filesystem path identity,,l1/docs/specs/compiler/abi.md,l1/docs/decisions/0008-lbi-symbol-mangling.md,DEA-CANON-0333,Directly covered,Covered,Yes,
DEA-DEC-0343,Plan,l1/work/plans/features/closed/2026-04-24-lbi-symbol-mangling-and-linkage-noref.md,D03,2026-04-24,LBI identifiers use only ISO C99 identifier characters and reserve uppercase ASCII letters as category sigils.,Portability,,L1,Retained,Explicit,High,Defaults Chosen,66,70,The encoding avoids compiler extensions such as dollar signs and leaves room for tagged categories.,Compiler-specific identifier characters,,l1/docs/specs/compiler/abi.md,l1/docs/decisions/0008-lbi-symbol-mangling.md,DEA-CANON-0334,Directly covered,Covered,Yes,
DEA-DEC-0344,Plan,l1/work/plans/features/closed/2026-04-24-lbi-symbol-mangling-and-linkage-noref.md,D04,2026-04-24,"Exported top-level declarations, including lets and consts, have external C linkage.",ABI and linking,,L1,Retained,Explicit,High,Defaults Chosen,71,73,Export visibility controls link visibility and overrides the earlier always-static const default.,Keep exported const static | Export every top-level declaration,,l1/docs/specs/compiler/abi.md,l1/docs/decisions/0008-lbi-symbol-mangling.md | l1/docs/decisions/0009-module-visibility-exports-imports.md,DEA-CANON-0335,Directly covered,Covered,Yes,
DEA-DEC-0345,Plan,l1/work/plans/features/closed/2026-04-24-lbi-symbol-mangling-and-linkage-noref.md,D05,2026-04-24,Non-exported top-level declarations use static C linkage where runtime semantics permit.,ABI and linking,,L1,Retained,Explicit,High,Defaults Chosen,74,75,Private source declarations remain translation-unit internal.,External linkage for all source declarations,,l1/docs/specs/compiler/abi.md,l1/docs/decisions/0008-lbi-symbol-mangling.md | l1/docs/decisions/0009-module-visibility-exports-imports.md,DEA-CANON-0336,Directly covered,Covered,Yes,
DEA-DEC-0346,Plan,l1/work/plans/features/closed/2026-04-24-lbi-symbol-mangling-and-linkage-noref.md,D06,2026-04-24,"Compiler-generated lifecycle names use the LBI I terminal, with I4init for deferred module initialization.",ABI and linking,,L1,Retained,Explicit,High,Defaults Chosen,76,78,Lifecycle symbols have a reserved tagged namespace distinct from source symbols.,Ad hoc _dea_init_module spelling,,l1/docs/specs/compiler/abi.md,l1/docs/decisions/0008-lbi-symbol-mangling.md | l1/docs/decisions/0020-per-module-backend-and-lifecycle-abi.md,DEA-CANON-0337,Directly covered,Covered,Yes,
DEA-DEC-0347,Plan,l1/work/plans/features/closed/2026-04-24-lbi-symbol-mangling-and-linkage-noref.md,D07,2026-04-24,extern C declarations bypass LBI mangling.,ABI and linking,,L1,Retained,Explicit,High,Defaults Chosen,79,80,Foreign symbols preserve their declared C link spelling.,Mangle foreign C names,,l1/docs/specs/compiler/abi.md,l1/docs/decisions/0008-lbi-symbol-mangling.md,DEA-CANON-0338,Directly covered,Covered,Yes,
DEA-DEC-0348,Plan,l1/work/plans/refactors/closed/2026-04-24-runtime-static-library-split-noref.md,D01,2026-04-24,The public runtime header is a declaration surface; runtime implementation bodies live in compiled translation units.,Runtime,,L1,Retained,Explicit,High,Defaults Chosen,51,59,Generated programs stop compiling a header-only runtime into each user C unit.,Header-only runtime,,l1/docs/reference/c-backend-design.md,,DEA-CANON-0339,Not covered,Propose ADR for runtime archive and trace selection,Yes,
DEA-DEC-0349,Plan,l1/work/plans/refactors/closed/2026-04-24-runtime-static-library-split-noref.md,D02,2026-04-24,L1 ships separate normal and traced runtime archives named libdea_rt.a and libdea_rt_traced.a.,Runtime,,L1,Retained,Explicit,High,Defaults Chosen,53,55,Tracing is selected as a distinct linked runtime product.,One runtime archive with dynamic trace toggles | Header-only trace macros,,l1/docs/reference/c-backend-design.md,,DEA-CANON-0340,Not covered,Propose ADR for runtime archive and trace selection,Yes,
DEA-DEC-0350,Plan,l1/work/plans/refactors/closed/2026-04-24-runtime-static-library-split-noref.md,D03,2026-04-24,The build driver selects the traced or normal runtime archive from user trace flags.,ABI and linking,,L1,Retained,Explicit,High,Defaults Chosen,53,56,Trace selection moves from user-C preprocessor state into link orchestration.,Compile trace toggles into each generated C unit,,l1/docs/reference/c-backend-design.md,,DEA-CANON-0341,Not covered,Propose ADR for runtime archive and trace selection,Yes,
DEA-DEC-0351,Plan,l1/work/plans/refactors/closed/2026-04-24-runtime-static-library-split-noref.md,D04,2026-04-24,"dea_rt.h replaces l1_runtime.h immediately as the public include, with no compatibility bridge.",ABI and linking,,L1,Retained,Explicit,High,Defaults Chosen,56,58,The public installed header adopts the level-neutral ABI name in one breaking migration.,Retain compatibility forwarding header,,l1/docs/reference/c-backend-design.md,l1/docs/decisions/0003-c-abi-naming-policy.md,DEA-CANON-0342,Covered as part of a broader ADR,Covered,Yes,"The installed public runtime header name and compatibility break are an ABI surface, not a CLI mode or packaging detail."
DEA-DEC-0352,Plan,l1/work/plans/refactors/closed/2026-04-24-runtime-static-library-split-noref.md,D05,2026-04-24,dea_siphash.h remains internal to runtime C units and is not installed with public headers.,Runtime,,L1,Retained,Explicit,High,Defaults Chosen,56,58,The vendored hash implementation is not part of the consumer runtime API.,Install SipHash as a public header,,l1/docs/reference/c-backend-design.md,,DEA-CANON-0343,Not covered,Not warranted,Yes,
DEA-DEC-0353,Plan,l1/work/plans/refactors/closed/2026-04-24-runtime-static-library-split-noref.md,D06,2026-04-24,Official runtime archives use the platform compiler's object format.,Portability,,L1,Retained,Explicit,High,Resolved decisions,140,148,The distributed archive follows the host platform toolchain rather than TinyCC's possibly incompatible format.,One TinyCC-produced archive on every host,,l1/docs/reference/c-backend-design.md,,DEA-CANON-0344,Not covered,Propose ADR for runtime archive and trace selection,Yes,
DEA-DEC-0354,Plan,l1/work/plans/refactors/closed/2026-04-24-runtime-static-library-split-noref.md,D07,2026-04-24,"When TinyCC's object format is incompatible with the host archive, the driver links a parallel raw runtime object set.",Portability,,L1,Retained,Explicit,High,Resolved decisions,142,148,The TinyCC carve-out preserves the compiled runtime boundary without pretending one archive is cross-format.,Fall back to header-only runtime | Drop TinyCC support,,l1/docs/reference/c-backend-design.md,,DEA-CANON-0345,Not covered,Propose ADR for runtime archive and trace selection,Yes,
DEA-DEC-0355,Plan,l1/work/plans/refactors/closed/2026-04-24-runtime-static-library-split-noref.md,D08,2026-04-24,The traced archive preserves stable rt_/_rt_ wrapper ABI for non-emitter callers.,ABI and linking,,L1,Retained,Explicit,High,Resolved decisions,149,151,Ordinary runtime consumers retain stable wrapper entry points across trace variants.,,,l1/docs/specs/compiler/abi.md,,DEA-CANON-0346,Not covered,Propose ADR for runtime archive and trace selection,Yes,
DEA-DEC-0356,Plan,l1/work/plans/refactors/closed/2026-04-24-runtime-static-library-split-noref.md,D09,2026-04-24,Generated traced C calls _rt_*_impl with source file and line directly to preserve caller trace locations.,Diagnostics and recovery,,L1 Stage 1,Retained,Explicit,High,Resolved decisions,149,151,Emitter-owned trace calls bypass wrapper locations and carry the actual source site.,Route generated calls through location-losing wrappers,,l1/docs/reference/c-backend-design.md,,DEA-CANON-0347,Not covered,Propose ADR for runtime archive and trace selection,Yes,
DEA-DEC-0357,Initiative,l1/work/initiatives/closed/0002-runtime-static-library.md,D01,2026-04-29,The runtime split is L1-only; L0 retains its header-only runtime at the 1.0 scope boundary.,ABI and linking,,Shared L0/L1,Retained,Explicit,High,L0 isolation,166,169,The initiative deliberately preserves different level runtime packaging models.,Backport the archive split to L0,,l0/docs/reference/design-decisions.md | l1/docs/reference/design-decisions.md,,DEA-CANON-0348,Not covered,P1 ADR candidate: L1 runtime archive and trace-selection boundary,No,
DEA-DEC-0358,Plan,work/plans/bug-fixes/closed/2026-04-30-shared-arc-owned-local-reassignment-semantics-noref.md,D01,2026-04-30,"ARC slot replacement evaluates and stabilizes the right-hand side before replacing the destination, releases the old value once, and moves the new value without cloning.",Ownership and memory safety,,Shared L0/L1,Retained,Explicit,High,Current State,63,70,The plan treats the documented three-step slot-replacement contract as normative.,Clone the new value | Release destination before stabilizing RHS,,l0/docs/reference/ownership.md | l1/docs/reference/ownership.md,docs/decisions/0002-arc-ownership-model.md | l0/docs/decisions/0008-arc-ownership-model.md,DEA-CANON-0349,Directly covered,Covered,Yes,
DEA-DEC-0359,Plan,work/plans/bug-fixes/closed/2026-04-30-shared-arc-owned-local-reassignment-semantics-noref.md,D02,2026-04-30,Self-referential ARC assignments are valid ordinary code and do not require builder or clone helpers.,Ownership and memory safety,,Shared L0/L1,Retained,Explicit,High,Summary,50,61,"Observed failures are classified as lowering bugs, not a language restriction.",Require builder-only or clone-like source patterns,,l0/docs/reference/ownership.md | l1/docs/reference/ownership.md,docs/decisions/0002-arc-ownership-model.md | l0/docs/decisions/0008-arc-ownership-model.md,DEA-CANON-0350,Covered as part of a broader ADR,Covered,Yes,
DEA-DEC-0360,Plan,work/plans/refactors/closed/2026-04-30-prefer-native-string-concat-operator-noref.md,D01,2026-04-30,concat3_s and concat4_s are removed from the public L0 and L1 standard-library surface.,Standard library,,Shared L0/L1,Retained,Explicit,High,Phase 6 — Retire `concat3_s` / `concat4_s` from stdlib surface,145,153,The variadic-arity convenience wrappers are retired after in-tree migration.,Retain all concat wrappers,,l0/docs/reference/standard-library.md | l1/docs/reference/standard-library.md,l0/docs/decisions/0016-string-value-operators.md,DEA-CANON-0351,Covered as part of a broader ADR,Not warranted,Yes,
DEA-DEC-0361,Plan,work/plans/refactors/closed/2026-04-30-prefer-native-string-concat-operator-noref.md,D02,2026-04-30,concat_s remains the public binary string helper and the lowering target for string +.,Standard library,,Shared L0/L1,Retained,Explicit,High,Non-Goals,80,85,The binary helper is retained even while source call sites prefer the operator.,Remove concat_s,,l0/docs/reference/standard-library.md | l1/docs/reference/standard-library.md,l0/docs/decisions/0016-string-value-operators.md,DEA-CANON-0352,Covered as part of a broader ADR,Covered,Yes,
DEA-DEC-0362,Plan,l0/work/plans/tools/closed/2026-05-01-immutable-release-workflows-noref.md,D01,2026-05-01,L0 release workflows assemble a draft completely before publication and never mutate a published release.,CLI and distribution,Repository and process architecture,L0,Retained,Explicit,High,Summary,19,23,"The plan selects a draft-first publication model covering stable releases, snapshots, and manual documentation assets, with published releases treated as immutable.",Create a public release first and upload or replace assets afterward | Permit later workflow mutation of published releases,"Publication occurs only after the complete artifact set is ready, avoiding partially published or subsequently mutated releases.",.github/workflows/l0-release.yml | .github/workflows/l0-snapshot.yml | .github/workflows/l0-docs-publish.yml,,DEA-CANON-0353,Not covered,P1: create an L0 release-publication ADR covering immutable draft-first release assembly and its manual workflow boundary.,Yes,
DEA-DEC-0363,Plan,l0/work/plans/tools/closed/2026-05-01-immutable-release-workflows-noref.md,D02,2026-05-01,SHA256SUMS covers every staged L0 release asset and records bare filenames without a ./ prefix.,CLI and distribution,Portability,L0,Retained,Explicit,High,Implementation Notes,27,29,"Stable and snapshot workflows stage all release artifacts before publication, and the checksum manifest must enumerate every one using bare names.",Checksum only platform archives | Record path-prefixed manifest entries,"A complete, location-neutral checksum manifest makes the public artifact set independently verifiable after download.",.github/workflows/l0-release.yml | .github/workflows/l0-snapshot.yml,,DEA-CANON-0354,Not covered,Bundle into the proposed P1 L0 release-publication ADR as the artifact-integrity contract.,Yes,
DEA-DEC-0364,Plan,l0/work/plans/tools/closed/2026-05-01-immutable-release-workflows-noref.md,D03,2026-05-01,Manual L0 snapshot dispatch supports a draft-only mode through publish_release=false.,CLI and distribution,Repository and process architecture,L0,Retained,Explicit,High,Implementation Notes,30,30,The snapshot workflow deliberately retains a nonpublishing manual-dispatch mode.,Every manual snapshot dispatch publishes immediately | Use a separate draft-only workflow,Maintainers can assemble and inspect a snapshot without crossing the public-release boundary.,.github/workflows/l0-snapshot.yml,,DEA-CANON-0355,Not covered,Bundle into the proposed P1 L0 release-publication ADR; no standalone ADR is warranted.,Yes,
DEA-DEC-0365,Plan,l0/work/plans/tools/closed/2026-05-01-immutable-release-workflows-noref.md,D04,2026-05-01,The L0 documentation-publication workflow remains manual-only and may attach release assets only to an existing draft.,Repository and process architecture,CLI and distribution,L0,Retained,Explicit,High,Implementation Notes,31,31,The plan fixes both the manual trigger boundary and the draft-only target requirement for documentation assets.,Automatically publish documentation assets | Allow attachment to published releases,Manual preparation can enrich a pending release without creating a second route that mutates public releases.,.github/workflows/l0-docs-publish.yml,,DEA-CANON-0356,Not covered,Bundle into the proposed P1 L0 release-publication ADR; no standalone ADR is warranted.,Yes,
DEA-DEC-0366,Plan,work/plans/tools/closed/2026-05-06-shared-uv-workspace-monorepo-noref.md,D01,2026-05-06,"Repository Python tooling is one root uv workspace with l0 and l1 as members, one shared .venv, and one root uv.lock.",Repository and process architecture,,Repository/tooling,Retained,Explicit,High,Summary,67,71,"The plan replaces two projects writing one environment with a root workspace, level members, and a single lock and environment.",Independent level projects with separate environments and locks | Independent locks writing one shared environment,One solver and lockfile eliminate dependency churn and match uv's native workspace model.,MONOREPO.md | CLAUDE.md | pyproject.toml,docs/decisions/0004-monorepo-directory-structure.md,DEA-CANON-0162,Directly covered,Covered by the Dea-wide monorepo directory-structure ADR.,Yes,
DEA-DEC-0367,Plan,work/plans/tools/closed/2026-05-06-shared-uv-workspace-monorepo-noref.md,D02,2026-05-06,Shared development and documentation dependency groups are owned once by the root pyproject rather than duplicated in level projects.,Repository and process architecture,,Repository/tooling,Retained,Explicit,High,Approach / Phase 1 — Add root pyproject and reshape level pyprojects,118,131,The root project takes the union of dev/docs groups while level projects retain only their own project and pytest configuration.,Keep duplicated dependency groups in each level | Create a third tooling project solely for shared development dependencies,Central ownership makes the single workspace lock authoritative while preserving level-specific test settings.,MONOREPO.md | CLAUDE.md | pyproject.toml,docs/decisions/0004-monorepo-directory-structure.md,DEA-CANON-0357,Covered as part of a broader ADR,Covered by the root-workspace portion of ADR-0004 and current monorepo documentation.,Yes,
DEA-DEC-0368,Plan,work/plans/tools/closed/2026-05-06-shared-uv-workspace-monorepo-noref.md,D03,2026-05-06,uv remains optional: make venv prefers uv but falls back to an existing environment or python -m venv plus pip.,Portability,Repository and process architecture,Repository/tooling,Retained,Explicit,High,Summary,67,71,"The root command preserves the three-tier uv-to-pip fallback, explicitly making uv an accelerator rather than a hard prerequisite.",Require uv for every developer and CI environment | Use pip only and remove the lock-based fast path,The repository gains one deterministic uv workspace without excluding environments where uv is unavailable.,MONOREPO.md | CLAUDE.md | Makefile,docs/decisions/0004-monorepo-directory-structure.md,DEA-CANON-0358,Partially covered,Extend ADR-0004 to state that uv is optional and the pip fallback is a maintained portability contract; no new ADR is needed.,Yes,
DEA-DEC-0369,Plan,l0/work/plans/tools/closed/2026-05-07-versioned-api-reference-export-archive-noref.md,D01,2026-05-07,The public Markdown API-reference release asset is named dea_l0_api_reference-<TAG>.tar.gz.,CLI and distribution,,L0,Retained,Explicit,High,Solution / Decisions,44,46,"The plan selects a level-, purpose-, and tag-qualified archive filename matching the PDF artifact family.",Keep blog-export.tar.gz | Use an unversioned dea_l0_api_reference.tar.gz release asset,The name identifies both artifact purpose and exact release in listings and downstream caches.,l0/docs/README.md | .github/workflows/l0-release.yml | .github/workflows/l0-snapshot.yml | .github/workflows/l0-docs-publish.yml,,DEA-CANON-0359,Not covered,P1: include the stable public L0 release-asset naming family in an L0 distribution/release contract ADR.,Yes,
DEA-DEC-0370,Plan,l0/work/plans/bug-fixes/closed/2026-05-08-stage2-pointer-indexing-parity-noref.md,D01,2026-05-08,Raw pointer indexing is not part of the L0 language surface; all ptr[i] forms are rejected.,Type system,Language semantics,L0,Retained,Explicit,High,Scope,118,134,"The plan requires every raw pointer base, including int*, byte*, and string*, to be rejected and states that L0 has no indexable type until future array work.",Allow direct C-like indexing on non-null pointers | Permit pointer indexing only for selected pointee types,L0 deliberately omits pointer arithmetic and has no array type whose bounds or ownership could give indexing a safe contract.,l0/docs/decisions/0002-pointer-model-no-address-of.md | l0/docs/reference/design-decisions.md | docs/specs/compiler/diagnostic-code-catalog.md,l0/docs/decisions/0002-pointer-model-no-address-of.md,DEA-CANON-0360,Directly covered,Covered by the L0 pointer-model ADR.,Yes,
DEA-DEC-0371,Plan,l0/work/plans/bug-fixes/closed/2026-05-08-stage2-pointer-indexing-parity-noref.md,D02,2026-05-08,"L0 retains postfix index syntax and EX_INDEX AST nodes, but semantic analysis rejects them because no current L0 type is indexable.",Frontend architecture,Semantic analysis,L0,Retained,Explicit,High,Approach / 3. Tighten the L0 docs; 4. Keep parser and AST surface unchanged,185,206,"The parser continues building EX_INDEX and the type checker owns rejection, preserving the frontend shape for future array support.",Reject bracket indexing in the parser | Remove EX_INDEX until arrays exist,Keeping a syntactic/AST form avoids another parser redesign when a safe indexable type is eventually introduced.,l0/docs/reference/design-decisions.md | l0/docs/reference/grammar.md,l0/docs/decisions/0002-pointer-model-no-address-of.md,DEA-CANON-0361,Covered as part of a broader ADR,The stable language exclusion is covered by ADR-0002; the preparatory AST placement is too implementation-specific for a standalone ADR.,Yes,
DEA-DEC-0372,Plan,l0/work/plans/bug-fixes/closed/2026-05-08-stage2-pointer-indexing-parity-noref.md,D03,2026-05-08,"L0 uses the generic TYP-0212 invalid-base diagnostic for non-null indexing bases, including raw pointers, rather than creating a pointer-specific code.",Diagnostics and recovery,Semantic analysis,L0,Retained,Explicit,High,Approach / 2. Align parser and type-checker diagnostics with the intended rule,177,183,The plan preserves TYP-0212 as the generic non-null invalid-base code and explicitly declines to split pointer and non-pointer cases.,Allocate a dedicated L0 raw-pointer-index diagnostic | Reuse the L1 pointer-index diagnostic family,"All non-null bases share one unsupported-indexing condition in L0, so a pointer-specific taxonomy would imply a semantic distinction the language does not have.",docs/specs/compiler/diagnostic-code-catalog.md | l0/docs/reference/design-decisions.md,docs/decisions/0005-diagnostic-code-catalog.md,DEA-CANON-0362,Covered as part of a broader ADR,Covered by the shared diagnostic-catalog ADR and catalog; no standalone ADR is warranted.,Yes,
DEA-DEC-0373,Plan,l1/work/plans/features/closed/2026-05-08-unsafe-function-marker-noref.md,D01,2026-05-08,unsafe is reserved and prefixes L1 function declarations as unsafe func and unsafe extern func.,Language syntax,Language semantics,L1,Retained,Explicit,High,Defaults Chosen,63,67,The plan fixes the prefix position for ordinary and extern unsafe function declarations.,Place unsafe after func or extern | Use an attribute or block-level marker instead of a declaration modifier,A function-level prefix exposes the unchecked contract at the declaration boundary and composes with extern declarations.,l1/docs/reference/grammar.md | l1/docs/reference/design-decisions.md,l1/docs/decisions/0010-unsafe-marker-and-raw-pointer-indexing.md,DEA-CANON-0363,Directly covered,Covered by the L1 unsafe-marker ADR.,Yes,
DEA-DEC-0374,Plan,l1/work/plans/features/closed/2026-05-08-unsafe-function-marker-noref.md,D02,2026-05-08,Unsafe function pointer types are spelled unsafe func(...) -> T.,Language syntax,Type system,L1,Retained,Explicit,High,Defaults Chosen,67,67,The plan selects the unsafe prefix as part of function-type syntax.,Attach unsafe to the pointer value rather than the function type | Represent unsafe only on declarations and erase it from function pointer syntax,The source type visibly preserves the raw-memory contract through indirect references.,l1/docs/reference/grammar.md | l1/docs/reference/design-decisions.md,l1/docs/decisions/0007-function-pointer-types.md | l1/docs/decisions/0010-unsafe-marker-and-raw-pointer-indexing.md,DEA-CANON-0364,Directly covered,Covered by the function-pointer and unsafe-marker ADRs.,Yes,
DEA-DEC-0375,Plan,l1/work/plans/features/closed/2026-05-08-unsafe-function-marker-noref.md,D03,2026-05-08,Safe and unsafe function pointer types are distinct and have no implicit conversion in either direction.,Type system,Language semantics,L1,Retained,Explicit,High,Defaults Chosen,68,68,The unsafe bit participates in type identity and neither type implicitly converts to the other.,Treat unsafe as documentation only and erase it from type identity | Allow a one-way implicit conversion,Strict type identity prevents an indirect function reference from silently losing or gaining its declared memory contract.,l1/docs/reference/design-decisions.md | l1/docs/specs/compiler/abi.md,l1/docs/decisions/0007-function-pointer-types.md | l1/docs/decisions/0010-unsafe-marker-and-raw-pointer-indexing.md,DEA-CANON-0365,Directly covered,Covered by ADR-0007 and ADR-0010.,Yes,
DEA-DEC-0376,Plan,l1/work/plans/features/closed/2026-05-08-unsafe-function-marker-noref.md,D04,2026-05-08,"The unsafe function marker is a contract/type annotation, not a call-site gate; safe code may call unsafe function values.",Language semantics,Type system,L1,Retained,Explicit,High,Defaults Chosen,69,70,The plan explicitly permits calls from safe functions and rejects call-site enforcement for this design.,Require an unsafe function or unsafe block at every call site | Reject calls to unsafe values from safe functions,The initial bootstrap surface records the contract in signatures without introducing a second unsafe-context mechanism.,l1/docs/reference/design-decisions.md | l1/docs/decisions/0010-unsafe-marker-and-raw-pointer-indexing.md,l1/docs/decisions/0007-function-pointer-types.md | l1/docs/decisions/0010-unsafe-marker-and-raw-pointer-indexing.md,DEA-CANON-0366,Directly covered,"Covered by ADR-0010, which also records that future tightening remains possible.",Yes,
DEA-DEC-0377,Plan,l1/work/plans/features/closed/2026-05-08-unsafe-function-marker-noref.md,D05,2026-05-08,Ordinary pointer dereference and pointer field access remain valid in safe L1 code.,Ownership and memory safety,Language semantics,L1,Retained,Explicit,High,Defaults Chosen,71,72,The plan preserves *p and p.field outside unsafe functions because no pointer-provenance distinction yet separates safe heap pointers from raw pointers.,Gate every dereference and pointer field access on unsafe func | Introduce provenance-qualified pointer types before permitting safe dereference,Existing heap-object pointer use remains ergonomic while the marker is reserved for operations whose safety cannot be expressed by the current pointer model.,l1/docs/reference/design-decisions.md | l1/docs/reference/grammar.md,l1/docs/decisions/0010-unsafe-marker-and-raw-pointer-indexing.md,DEA-CANON-0367,Directly covered,Covered by ADR-0010.,Yes,
DEA-DEC-0378,Plan,l1/work/plans/features/closed/2026-05-08-unsafe-function-marker-noref.md,D06,2026-05-08,Safe and unsafe function types share the same generated C function-pointer representation while remaining distinct in L1 analysis.,ABI and linking,Backend and C emission | Type system,L1,Retained,Explicit,High,"Implementation Phases / Phase 3: Backend, stdlib, and docs",103,106,The C ABI representation is intentionally unchanged even though analysis and interfaces retain the unsafe distinction.,Use different C typedef shapes for safe and unsafe functions | Erase the unsafe distinction before interface and link boundaries,The safety distinction is a language/LBI contract and need not alter the host C calling convention.,l1/docs/specs/compiler/abi.md | l1/docs/reference/c-backend-design.md,l1/docs/decisions/0007-function-pointer-types.md | l1/docs/decisions/0008-lbi-symbol-mangling.md,DEA-CANON-0368,Directly covered,Covered by the function-pointer and LBI ADRs.,Yes,
DEA-DEC-0379,Plan,l1/work/plans/features/closed/2026-05-08-unsafe-function-marker-noref.md,D07,2026-05-08,"sys.memory externs with unchecked caller-side raw-memory preconditions are marked unsafe, while allocation functions that establish storage remain plain externs.",Standard library,Ownership and memory safety | Runtime,L1,Retained,Explicit,High,"Implementation Phases / Phase 3: Backend, stdlib, and docs",107,110,The plan assigns unsafe to raw buffer/memory operations with caller preconditions and deliberately leaves rt_alloc and rt_calloc plain.,Mark every sys.memory extern unsafe | Leave all extern declarations plain and communicate hazards only in prose,The public signature distinguishes operations that create valid storage from those requiring the caller to prove raw-memory conditions.,l1/docs/reference/standard-library.md | l1/docs/reference/design-decisions.md,l1/docs/decisions/0010-unsafe-marker-and-raw-pointer-indexing.md,DEA-CANON-0369,Covered as part of a broader ADR,Covered by the unsafe-marker ADR together with the normative stdlib inventory.,Yes,
DEA-DEC-0380,Plan,l1/work/plans/features/closed/2026-05-08-unsafe-function-marker-noref.md,D08,2026-05-08,Raw pointer indexing was temporarily left accepted without an unsafe-function gate until the dedicated finalization plan.,Ownership and memory safety,Language semantics,L1,Superseded,Explicit,High,Defaults Chosen,73,74,The marker tranche deliberately preserves the then-current pointer-index behavior and assigns the unsafe-context gate to a later plan.,Gate pointer indexing in the marker plan | Reject pointer indexing entirely until finalization,The feature was split so marker/type plumbing landed before the operation that consumed the new unsafe context.,l1/docs/decisions/0010-unsafe-marker-and-raw-pointer-indexing.md | l1/docs/reference/design-decisions.md,l1/docs/decisions/0010-unsafe-marker-and-raw-pointer-indexing.md,DEA-CANON-0370,Covered as part of a broader ADR,The superseding unsafe-gated rule is covered by ADR-0010; no historical standalone ADR is warranted.,Yes,
DEA-DEC-0381,Plan,work/plans/refactors/closed/2026-05-08-sys-memory-rename-noref.md,D01,2026-05-08,The shared low-level raw-memory standard-library module is named sys.memory rather than sys.unsafe.,Standard library,Language syntax,Shared L0/L1,Retained,Explicit,High,Defaults Chosen,78,80,The plan explicitly selects sys.memory as the shared L0/L1 module identity.,Retain sys.unsafe | Choose a different neutral module name such as sys.alloc,The name describes the module's responsibility while freeing unsafe for L1 language syntax.,l0/docs/reference/standard-library.md | l1/docs/reference/standard-library.md,l0/docs/decisions/0015-stdlib-module-boundaries.md,DEA-CANON-0371,Covered as part of a broader ADR,Covered by the stdlib module-boundaries ADR.,Yes,
DEA-DEC-0382,Plan,work/plans/refactors/closed/2026-05-08-sys-memory-rename-noref.md,D02,2026-05-08,Renaming the source module does not rename its rt_* function surface or runtime C symbols.,ABI and linking,Standard library | Runtime,Shared L0/L1,Retained,Explicit,High,Defaults Chosen,81,82,The Dea-visible function spellings and runtime C symbols are held stable across the module-path rename.,Rename the runtime API together with the source module | Version or alias both old and new C symbols,The source namespace can evolve without an unnecessary runtime ABI break.,l0/docs/reference/standard-library.md | l1/docs/reference/standard-library.md,l0/docs/decisions/0005-extern-func-ffi-boundary.md | l1/docs/decisions/0003-c-abi-naming-policy.md,DEA-CANON-0372,Partially covered,The level ABI ADRs cover the stable rt_* boundary generally; no separate ADR is warranted for this rename boundary.,Yes,
DEA-DEC-0383,Plan,work/plans/refactors/closed/2026-05-08-sys-memory-rename-noref.md,D03,2026-05-08,The sys.unsafe to sys.memory change is a hard source rename with no compatibility shim module.,Standard library,Repository and process architecture,Shared L0/L1,Retained,Explicit,High,Defaults Chosen,83,84,The old module identity is intentionally removed rather than retained as an alias because unsafe must become a keyword.,Retain sys.unsafe as an alias | Support both paths for a deprecation period,A shim would keep the soon-reserved keyword valid as a module-path component and defeat the prerequisite rename.,l0/docs/reference/standard-library.md | l1/docs/reference/standard-library.md,l0/docs/decisions/0015-stdlib-module-boundaries.md,DEA-CANON-0373,Partially covered,P2: bundle this with the other May hard renames in a shared stdlib API compatibility and naming-policy ADR.,Yes,
DEA-DEC-0384,Plan,l1/work/plans/features/closed/2026-05-09-raw-pointer-indexing-semantics-noref.md,D01,2026-05-09,Postfix ptr[i] is the L1 source form for raw pointer indexing.,Language syntax,Language semantics | Ownership and memory safety,L1,Retained,Explicit,High,Defaults Chosen,50,53,The plan keeps the existing postfix spelling as the raw-pointer operation rather than adding a new syntax.,Reject raw pointer indexing from L1 | Introduce a distinct explicit intrinsic or pointer-arithmetic syntax,The familiar postfix form can be shared with safe arrays while type and context determine whether the operation is raw.,l1/docs/reference/grammar.md | l1/docs/reference/design-decisions.md,l1/docs/decisions/0010-unsafe-marker-and-raw-pointer-indexing.md,DEA-CANON-0374,Directly covered,Covered by ADR-0010.,Yes,
DEA-DEC-0385,Plan,l1/work/plans/features/closed/2026-05-09-raw-pointer-indexing-semantics-noref.md,D02,2026-05-09,Raw pointer indexing is accepted only inside an unsafe func body.,Ownership and memory safety,Language semantics,L1,Retained,Explicit,High,Defaults Chosen,54,56,"The accepted form includes an enclosing unsafe-function requirement, while ordinary dereference and field access remain outside that gate.",Permit ptr[i] in safe functions | Require an expression-level unsafe block,The function signature makes the unprovable raw-memory range obligation visible at the contract boundary.,l1/docs/reference/grammar.md | l1/docs/reference/design-decisions.md,l1/docs/decisions/0010-unsafe-marker-and-raw-pointer-indexing.md,DEA-CANON-0375,Directly covered,Covered by ADR-0010.,Yes,
DEA-DEC-0386,Plan,l1/work/plans/features/closed/2026-05-09-raw-pointer-indexing-semantics-noref.md,D03,2026-05-09,A raw-index base must be a non-null T* whose pointee is sized and not void.,Type system,Ownership and memory safety,L1,Retained,Explicit,High,Defaults Chosen,54,55,The pointer-index contract excludes nullable bases and unsized void pointees.,Allow nullable bases with a runtime null check | Define indexing arithmetic for void*,Indexing requires an element size and a non-null base before any source-level element access can be meaningful.,l1/docs/reference/grammar.md | l1/docs/reference/design-decisions.md | docs/specs/compiler/diagnostic-code-catalog.md,l1/docs/decisions/0010-unsafe-marker-and-raw-pointer-indexing.md,DEA-CANON-0376,Directly covered,Covered by ADR-0010 and the diagnostic catalog.,Yes,
DEA-DEC-0387,Plan,l1/work/plans/features/closed/2026-05-09-raw-pointer-indexing-semantics-noref.md,D04,2026-05-09,Raw pointer indexes must have type int.,Type system,Language semantics,L1,Retained,Explicit,High,Defaults Chosen,54,55,The accepted pointer-index form fixes the index operand type to L1 int.,Accept every integer-family type | Implicitly convert integral indexes to int,"One index type keeps pointer, array, and slice indexing aligned and avoids implicit width/sign behavior.",l1/docs/reference/grammar.md | l1/docs/reference/design-decisions.md,l1/docs/decisions/0010-unsafe-marker-and-raw-pointer-indexing.md,DEA-CANON-0377,Covered as part of a broader ADR,Covered by the unsafe-pointer ADR and current grammar.,Yes,
DEA-DEC-0388,Plan,l1/work/plans/features/closed/2026-05-09-raw-pointer-indexing-semantics-noref.md,D05,2026-05-09,Raw pointer indexing initially lowered directly to unchecked C indexing with no bounds or runtime helper checks.,Backend and C emission,Ownership and memory safety | Runtime,L1,Superseded,Explicit,High,Defaults Chosen,52,53,The finalized May contract selected direct unchecked lowering and excluded bounds checks and runtime helpers.,Validate every pointer access at runtime | Use a dedicated runtime pointer-index helper,"At the time, unsafe func made the author solely responsible for provenance and range, matching direct C behavior.",docs/decisions/0010-checked-runtime-pointer-access-validation.md | l1/docs/reference/c-backend-design.md,l1/docs/decisions/0010-unsafe-marker-and-raw-pointer-indexing.md | docs/decisions/0010-checked-runtime-pointer-access-validation.md,DEA-CANON-0378,Directly covered,The superseding checked-by-default runtime contract is directly covered by Dea-wide ADR-0010.,Yes,
DEA-DEC-0389,Plan,l1/work/plans/features/closed/2026-05-09-raw-pointer-indexing-semantics-noref.md,D06,2026-05-09,Raw pointer index reads and writes evaluate side-effectful base and index operands exactly once.,Language semantics,Backend and C emission,L1,Retained,Explicit,High,Defaults Chosen,57,57,The plan promotes existing single-evaluation lowering behavior to the pointer-index language contract.,Permit backend duplication of base or index evaluation | Forbid side effects in indexing operands,Indexing must not duplicate observable effects merely because an lvalue requires address materialization.,l1/docs/reference/c-backend-design.md,l1/docs/decisions/0010-unsafe-marker-and-raw-pointer-indexing.md,DEA-CANON-0379,Partially covered,Extend ADR-0010 with the single-evaluation semantic guarantee; a separate ADR is not needed.,Yes,
DEA-DEC-0390,Plan,work/plans/refactors/closed/2026-05-09-relax-null-tolerant-runtime-ffi-pointers-noref.md,D01,2026-05-09,"A runtime extern pointer parameter is nullable in Dea when the runtime already defines null as a non-panicking, non-UB sentinel outcome.",Runtime,Type system | ABI and linking,Shared L0/L1,Retained,Explicit,High,Goal,44,52,The plan widens only functions whose C implementation already handles NULL with a defined sentinel and excludes panic or UB cases.,Keep all FFI pointer parameters non-null regardless of runtime behavior | Make every raw-pointer FFI parameter nullable,The Dea signature should expose the actual runtime contract without claiming safety for functions whose null behavior panics or invokes C undefined behavior.,l0/docs/reference/standard-library.md | l1/docs/reference/standard-library.md,l0/docs/decisions/0005-extern-func-ffi-boundary.md | l0/docs/decisions/0007-nullability-and-casts.md,DEA-CANON-0380,ADR not warranted,No standalone ADR is warranted for this narrow signature correction; keep the rule and exact outcomes in the normative stdlib inventories.,Yes,
DEA-DEC-0391,Plan,work/plans/refactors/closed/2026-05-09-shared-stdlib-container-type-renames-noref.md,D01,2026-05-09,Shared specialized container types and entry types use Type1Type2Container ordering.,Standard library,,Shared L0/L1,Retained,Explicit,High,Summary and Goal,52,67,"The plan normalizes the remaining public outliers to StringVector, StringStringLinearMap, IntStringLinearMap, and correspondingly ordered entry names.",Use ContainerType or ContainerKeyValue ordering | Permit each specialized container family to choose its own order,A single parameter-before-container convention makes specialized public types predictable across L0 and L1.,l0/docs/reference/standard-library.md | l1/docs/reference/standard-library.md | docs/reference/style-guide.md,,DEA-CANON-0381,Not covered,P2: record shared specialized-stdlib type and helper naming in a compact cross-level stdlib API naming ADR.,Yes,
DEA-DEC-0392,Plan,work/plans/refactors/closed/2026-05-09-shared-stdlib-container-type-renames-noref.md,D02,2026-05-09,The specialized container renames are hard renames with no compatibility aliases or mixed-name transition period.,Standard library,Repository and process architecture,Shared L0/L1,Retained,Explicit,High,Defaults Chosen,71,77,The plan explicitly excludes aliases and any old/new transition while preserving behavior and ABI outside the source names.,Retain aliases for old public names | Deprecate old names over a transition release,"Before a stable compatibility promise, one clean public vocabulary avoids permanently carrying duplicate specialized APIs.",l0/docs/reference/standard-library.md | l1/docs/reference/standard-library.md,,DEA-CANON-0382,Not covered,P2: bundle with the proposed shared stdlib API naming and breaking-rename policy ADR.,Yes,
DEA-DEC-0393,Plan,l1/work/plans/features/closed/2026-05-10-fixed-size-array-primitive-noref.md,D01,2026-05-10,"Fixed-size arrays are first-class value types spelled T[N], with the element type and length both part of type identity.",Type system,Language syntax | Language semantics,L1,Retained,Explicit,High,Defaults Chosen,81,84,The plan chooses T[N] and states that both T and N are encoded in the type.,Make arrays reference types | Erase N from type identity and use a runtime-length container,"A statically sized value type gives deterministic layout, copy, and ownership behavior for the first array primitive.",l1/docs/reference/design-decisions.md | l1/docs/reference/grammar.md,l1/docs/decisions/0011-fixed-size-array-policy.md,DEA-CANON-0383,Directly covered,Covered by the fixed-size array ADR.,Yes,
DEA-DEC-0394,Plan,l1/work/plans/features/closed/2026-05-10-fixed-size-array-primitive-noref.md,D02,2026-05-10,Pointer and array suffix order is source-significant: T*[N] is an array of pointers and T[N]* is a pointer to an array.,Type system,Language syntax,L1,Retained,Explicit,High,Defaults Chosen,83,84,The plan assigns different type meanings to pointer-before-array and array-before-pointer suffixes.,Normalize pointer/array suffix order | Use parentheses or prefix syntax to distinguish the constructions,Source-order composition makes each suffix a predictable type constructor and preserves distinct storage shapes.,l1/docs/reference/design-decisions.md | l1/docs/reference/grammar.md,l1/docs/decisions/0011-fixed-size-array-policy.md | l1/docs/decisions/0012-ordered-type-suffix-constructors.md,DEA-CANON-0384,Directly covered,Covered by the array-policy and ordered-suffix ADRs.,Yes,
DEA-DEC-0395,Plan,l1/work/plans/features/closed/2026-05-10-fixed-size-array-primitive-noref.md,D03,2026-05-10,A fixed-array length must resolve to a positive compile-time int value that fits the L1 int range.,Type system,Language semantics,L1,Retained,Explicit,High,Defaults Chosen,85,87,"The plan rejects zero, negative, malformed, and out-of-int-range lengths and stores a concrete length in the semantic type.",Allow zero-length fixed arrays | Use a wider or implementation-defined host size domain,Positive int-sized dimensions keep layout concrete and make runtime index comparison use the language's canonical integer type.,l1/docs/reference/design-decisions.md | l1/docs/decisions/0011-fixed-size-array-policy.md,l1/docs/decisions/0011-fixed-size-array-policy.md | l1/docs/decisions/0016-compile-time-constant-value-contexts.md,DEA-CANON-0385,Directly covered,Covered by ADR-0011 as amended by the compile-time constant-value ADR.,Yes,
DEA-DEC-0396,Plan,l1/work/plans/features/closed/2026-05-10-fixed-size-array-primitive-noref.md,D04,2026-05-10,The initial fixed-array grammar allowed only integer literals as array lengths.,Language syntax,Type system,L1,Superseded,Explicit,High,Defaults Chosen,85,87,The original semantic array type took integer-literal metadata and rejected nonliteral lengths.,Accept named compile-time constants from the start | Accept arbitrary constant expressions,Literal-only bounds minimized the initial parser and constant-evaluation surface while arrays were bootstrapped.,l1/docs/reference/design-decisions.md | l1/docs/decisions/0016-compile-time-constant-value-contexts.md,l1/docs/decisions/0011-fixed-size-array-policy.md | l1/docs/decisions/0016-compile-time-constant-value-contexts.md,DEA-CANON-0386,Covered as part of a broader ADR,The current broader constant-expression rule is covered by ADR-0016; no historical ADR is warranted.,Yes,
DEA-DEC-0397,Plan,l1/work/plans/features/closed/2026-05-10-fixed-size-array-primitive-noref.md,D05,2026-05-10,Adjacent array dimensions follow C-like source order and contiguous row-major layout.,Language semantics,ABI and linking | Backend and C emission,L1,Retained,Explicit,High,Defaults Chosen,88,89,The plan defines int[2][3] as two rows of three ints stored contiguously in row-major order.,Interpret the leftmost dimension as innermost | Lower multidimensional arrays as nested wrapper objects,C-like order and layout make generated storage predictable and interoperable with the C backend.,l1/docs/reference/design-decisions.md | l1/docs/specs/compiler/abi.md | l1/docs/reference/c-backend-design.md,l1/docs/decisions/0011-fixed-size-array-policy.md | l1/docs/decisions/0012-ordered-type-suffix-constructors.md,DEA-CANON-0387,Directly covered,Covered by ADR-0011 and ADR-0012.,Yes,
DEA-DEC-0398,Plan,l1/work/plans/features/closed/2026-05-10-fixed-size-array-primitive-noref.md,D06,2026-05-10,Array literals use bracket syntax and require a known contextual fixed-array target; bare literals have no standalone type.,Language syntax,Type system | Language semantics,L1,Retained,Explicit,High,Defaults Chosen,90,91,"The plan selects [a, b] literals but rejects them when no T[N] target supplies element type and capacity.",Infer an array type and length from every bare literal | Require an explicit T[N](...) constructor for all array values,Contextual typing avoids an implicit length/type inference policy while retaining concise initialization.,l1/docs/reference/design-decisions.md | l1/docs/reference/grammar.md,l1/docs/decisions/0011-fixed-size-array-policy.md,DEA-CANON-0388,Directly covered,Covered by ADR-0011.,Yes,
DEA-DEC-0399,Plan,l1/work/plans/features/closed/2026-05-10-fixed-size-array-primitive-noref.md,D07,2026-05-10,"Short contextual array literals default-initialize omitted trailing elements, [] means all-default, and overlong literals are rejected.",Language semantics,Ownership and memory safety,L1,Retained,Explicit,High,Defaults Chosen,94,95,"The literal contract permits zero through N explicit values, fills the remainder deterministically, and forbids values beyond N.",Require exactly N explicit elements | Leave omitted elements uninitialized | Truncate excess elements,Deterministic padding gives safe concise initialization without introducing uninitialized storage or silent data loss.,l1/docs/reference/design-decisions.md | l1/docs/reference/grammar.md,l1/docs/decisions/0011-fixed-size-array-policy.md,DEA-CANON-0389,Directly covered,Covered by ADR-0011.,Yes,
DEA-DEC-0400,Plan,l1/work/plans/features/closed/2026-05-10-fixed-size-array-primitive-noref.md,D08,2026-05-10,Safe L1 array declarations must use initialized let syntax; bare uninitialized array declarations are illegal.,Ownership and memory safety,Language syntax,L1,Retained,Explicit,High,Defaults Chosen,92,93,The plan keeps the existing initialized declaration form so safe code cannot observe uninitialized array storage.,Allow let a: T[N]; with uninitialized elements | Permit uninitialized arrays only in unsafe functions,"Every array value begins in a deterministic valid state, including elements with ownership obligations.",l1/docs/reference/design-decisions.md | l1/docs/reference/grammar.md,l1/docs/decisions/0011-fixed-size-array-policy.md,DEA-CANON-0390,Covered as part of a broader ADR,Covered by the fixed-array value and initialization policy in ADR-0011.,Yes,
DEA-DEC-0401,Plan,l1/work/plans/features/closed/2026-05-10-fixed-size-array-primitive-noref.md,D09,2026-05-10,"Array constructor syntax is T[N](arg), with exactly one literal or element-typed fill argument; an array-valued element may be broadcast across an outer dimension.",Language semantics,Language syntax | Type system,L1,Retained,Explicit,High,Defaults Chosen,96,98,"The sole constructor argument is either a contextual literal or one value of the element type, including an inner array value for multidimensional broadcast.",Use a comma-separated positional constructor | Allow arbitrary constructor arity | Disallow multidimensional row broadcast,One constructor form covers explicit prefix initialization and uniform fill without introducing general type-as-call construction.,l1/docs/reference/design-decisions.md | l1/docs/reference/grammar.md,l1/docs/decisions/0011-fixed-size-array-policy.md,DEA-CANON-0391,Directly covered,Covered by ADR-0011.,Yes,
DEA-DEC-0402,Plan,l1/work/plans/features/closed/2026-05-10-fixed-size-array-primitive-noref.md,D10,2026-05-10,new T[N] allocates zero/default-initialized array wrapper storage and returns T[N]*; initialized allocation mirrors value-constructor rules.,Ownership and memory safety,Language semantics | Runtime,L1,Retained,Explicit,High,Defaults Chosen,99,100,The plan extends new to arrays with zeroed storage and the same literal/fill initialization semantics as stack values.,Support arrays only as stack/value objects | Return a dynamic-array reference rather than T[N]* | Leave heap array storage uninitialized,Heap arrays retain the same fixed type and initialization guarantees as value arrays while using existing new/drop ownership.,l1/docs/reference/c-backend-design.md | l1/docs/reference/ownership.md,l1/docs/decisions/0011-fixed-size-array-policy.md,DEA-CANON-0392,Partially covered,Extend ADR-0011 with heap new/drop array semantics; no separate ADR is needed.,Yes,
DEA-DEC-0403,Plan,l1/work/plans/features/closed/2026-05-10-fixed-size-array-primitive-noref.md,D11,2026-05-10,Each fixed-array instantiation lowers to a deterministic generated C wrapper struct containing one data[N] field.,Backend and C emission,ABI and linking,L1,Retained,Explicit,High,Defaults Chosen,101,101,The plan selects a wrapper-struct representation for every concrete array type.,Lower array values directly as anonymous C arrays | Use pointer-plus-length descriptors | Generate nested wrapper fields for every dimension,A named wrapper makes arrays passable and returnable as C values while preserving deterministic structural identity.,l1/docs/reference/c-backend-design.md | l1/docs/specs/compiler/abi.md,l1/docs/decisions/0008-lbi-symbol-mangling.md | l1/docs/decisions/0011-fixed-size-array-policy.md,DEA-CANON-0393,Partially covered,"P1: add or extend an ADR for fixed-array C representation and FFI/ABI exposure, including wrapper layout and deterministic names.",Yes,
DEA-DEC-0404,Plan,l1/work/plans/features/closed/2026-05-10-fixed-size-array-primitive-noref.md,D12,2026-05-10,"Fixed-array reads and writes check bounds before access and route failures through _rt_panic_oob(index, length).",Ownership and memory safety,Language semantics | Backend and C emission,L1,Retained,Explicit,High,Implementation Phases / Phase 5: Bounds-checked indexing and runtime support,194,203,Both arr[i] and arr[i] = value test the index before .data[index] and call the shared out-of-bounds panic helper on failure.,Use unchecked C array indexing | Check only writes | Inline a host abort rather than use a shared runtime failure path,A shared checked access path preserves the no-undefined-behavior contract and gives every generated array access one runtime failure boundary.,l1/docs/reference/design-decisions.md | l1/docs/reference/c-backend-design.md | l1/docs/reference/standard-library.md,l1/docs/decisions/0011-fixed-size-array-policy.md,DEA-CANON-0394,Directly covered,Covered by ADR-0011.,Yes,
DEA-DEC-0405,Plan,l1/work/plans/features/closed/2026-05-10-fixed-size-array-primitive-noref.md,D13,2026-05-10,Fixed-array index operations evaluate their base and index expressions exactly once.,Language semantics,Backend and C emission,L1,Retained,Explicit,High,Defaults Chosen,102,103,The array indexing contract couples bounds checking with single evaluation of both operands.,Permit checks/lowering to duplicate operand evaluation | Forbid side effects in array-index operands,Safety checks must not change observable program behavior by repeating side effects.,l1/docs/reference/design-decisions.md | l1/docs/reference/c-backend-design.md,l1/docs/decisions/0011-fixed-size-array-policy.md,DEA-CANON-0395,Directly covered,Covered by ADR-0011.,Yes,
DEA-DEC-0406,Plan,l1/work/plans/features/closed/2026-05-10-fixed-size-array-primitive-noref.md,D14,2026-05-10,"Arrays recursively participate in ARC copy, assignment, cleanup, element replacement, and heap drop using retain-before-release and reverse cleanup rules.",Ownership and memory safety,Backend and C emission,L1,Retained,Explicit,High,Implementation Phases / Phase 6: Recursive ARC and heap arrays,205,218,"Managed elements are recursively retained and released, cleanup walks backward, assignment is alias-safe, slot replacement reuses ordinary rules, and drop cleans before free.",Forbid ARC-bearing array element types | Make arrays shallow-copy unmanaged aggregates | Require manual element cleanup,A value array must preserve the ownership semantics of its element type in every copy and destruction path.,l1/docs/reference/ownership.md | l1/docs/reference/c-backend-design.md,docs/decisions/0002-arc-ownership-model.md | l1/docs/decisions/0011-fixed-size-array-policy.md,DEA-CANON-0396,Covered as part of a broader ADR,Covered by the Dea-wide ARC model and the fixed-array ADR.,Yes,
DEA-DEC-0407,Plan,l1/work/plans/features/closed/2026-05-10-fixed-size-array-primitive-noref.md,D15,2026-05-10,C FFI exposure of fixed arrays uses the same wrapper-struct representation rather than a slice or raw-buffer convention.,ABI and linking,Backend and C emission,L1,Retained,Explicit,High,Defaults Chosen,104,105,The plan explicitly chooses wrapper-struct exposure and defers any C-facing slice/buffer policy.,Expose fixed arrays as T* plus length | Define a separate C-facing slice ABI | Forbid fixed arrays at extern boundaries,Using the value representation avoids inventing a second array ABI before a general C buffer policy exists.,l1/docs/reference/c-backend-design.md | l1/docs/specs/compiler/abi.md,l1/docs/decisions/0008-lbi-symbol-mangling.md | l1/docs/decisions/0011-fixed-size-array-policy.md,DEA-CANON-0397,Partially covered,P1: include the array extern/FFI boundary in the proposed fixed-array representation ADR.,Yes,
DEA-DEC-0408,Plan,l1/work/plans/features/closed/2026-05-11-ordered-type-suffix-constructors-noref.md,D01,2026-05-11,L1 type suffixes are semantic unary constructors applied left-to-right in source order.,Type system,Language syntax,L1,Retained,Explicit,High,Defaults Chosen,72,74,The plan replaces fixed pointer-depth/nullable metadata with an ordered constructor rule.,Normalize suffixes into a fixed pointer-then-nullable shape | Apply suffixes right-to-left | Require parentheses for every mixed suffix form,"Each written suffix applies to the type already constructed on its left, preserving a predictable and extensible type grammar.",l1/docs/reference/grammar.md | l1/docs/reference/design-decisions.md,l1/docs/decisions/0012-ordered-type-suffix-constructors.md,DEA-CANON-0384,Directly covered,Covered by ADR-0012.,Yes,
DEA-DEC-0409,Plan,l1/work/plans/features/closed/2026-05-11-ordered-type-suffix-constructors-noref.md,D02,2026-05-11,Nested optional types are not collapsed; T?? preserves distinct outer and inner absence states.,Type system,Language semantics,L1,Retained,Explicit,High,Defaults Chosen,75,75,The plan assigns T?? three observable states rather than normalizing it to T?.,Collapse Optional(Optional(T)) to Optional(T) | Reject repeated nullable suffixes,Every constructor application retains its own semantic information and storage state.,l1/docs/reference/design-decisions.md | l1/docs/reference/c-backend-design.md,l1/docs/decisions/0012-ordered-type-suffix-constructors.md,DEA-CANON-0398,Directly covered,Covered by ADR-0012.,Yes,
DEA-DEC-0410,Plan,l1/work/plans/features/closed/2026-05-11-ordered-type-suffix-constructors-noref.md,D03,2026-05-11,The null-pointer niche is used only for the immediate shape Optional(Pointer(T)); outer optional layers use explicit wrappers.,Backend and C emission,Type system | ABI and linking,L1,Retained,Explicit,High,Defaults Chosen,76,77,"T*? may use NULL directly, but T*?? needs an outer wrapper to distinguish outer absence from an inner null pointer.",Collapse every nullable pointer nesting into one NULL niche | Never niche-optimize nullable pointers,The immediate niche remains compact without erasing distinct nested optional states.,l1/docs/reference/design-decisions.md | l1/docs/reference/c-backend-design.md,l1/docs/decisions/0012-ordered-type-suffix-constructors.md,DEA-CANON-0399,Covered as part of a broader ADR,Covered by ADR-0012 and normative backend documentation.,Yes,
DEA-DEC-0411,Plan,l1/work/plans/features/closed/2026-05-11-ordered-type-suffix-constructors-noref.md,D04,2026-05-11,T?* is a valid pointer to optional-T storage and remains distinct from T*?.,Type system,Language syntax | Language semantics,L1,Retained,Explicit,High,Defaults Chosen,78,78,The plan admits pointer-to-optional because optional values are first-class storage values.,Reject pointers to optional storage | Normalize T?* to nullable pointer T*?,First-class optional values can occupy addressable storage just like other value types.,l1/docs/reference/grammar.md | l1/docs/reference/design-decisions.md,l1/docs/decisions/0012-ordered-type-suffix-constructors.md,DEA-CANON-0400,Directly covered,Covered by ADR-0012.,Yes,
DEA-DEC-0412,Plan,l1/work/plans/features/closed/2026-05-11-ordered-type-suffix-constructors-noref.md,D05,2026-05-11,"void* remains valid, but void? and void?* are rejected because optional void is not a value object.",Type system,Language semantics,L1,Retained,Explicit,High,Defaults Chosen,79,79,"Ordered suffixes do not make void itself nullable or storable, although a pointer to void remains a valid raw pointer type.",Allow optional void as a unit-like value | Reject void* together with other void suffix forms,"Pointer-to-void has an FFI role, whereas optional void would invent value semantics for the no-value type.",l1/docs/reference/grammar.md | l1/docs/reference/design-decisions.md,l1/docs/decisions/0012-ordered-type-suffix-constructors.md,DEA-CANON-0401,Covered as part of a broader ADR,Covered by ADR-0012 and the grammar.,Yes,
DEA-DEC-0413,Plan,l1/work/plans/features/closed/2026-05-11-ordered-type-suffix-constructors-noref.md,D06,2026-05-11,"The canonical parsed and semantic type representation is a recursive constructor tree, not base-name metadata plus pointer depth and a nullable flag.",Frontend architecture,Type system | Semantic analysis,L1 Stage 1,Retained,Explicit,High,Implementation Phases / Phase 1 and Phase 2,94,107,The plan makes the ordered suffix list canonical in the AST and pointer/optional recursive constructors canonical in semantic types.,Keep pointer_depth and is_nullable as the canonical representation | Add ad hoc fields for every new suffix kind,Recursive constructors preserve arbitrary ordering and allow arrays and future suffix forms to compose without lossy overlays.,l1/docs/reference/architecture.md | l1/docs/reference/design-decisions.md,l1/docs/decisions/0012-ordered-type-suffix-constructors.md,DEA-CANON-0402,Covered as part of a broader ADR,Covered by ADR-0012 at the semantic level; the internal representation is a consequence and needs no separate ADR.,Yes,
DEA-DEC-0414,Plan,l1/work/plans/refactors/closed/2026-05-11-unified-lbi-mangling-noref.md,D01,2026-05-11,The L1 binary interface uses one end-to-end recursive mangling grammar rather than separate link-name and type-component schemes.,ABI and linking,Backend and C emission,L1,Retained,Explicit,High,Summary,32,47,The plan collapses the compatibility scaffold into one recursive encoding for every LBI-mangled entity before the first stable release.,Keep a broad link-name layer separate from type encodings | Use unrelated manglers for values and types,"One grammar is self-describing, uniformly extensible, and avoids parallel naming rules with no binary compatibility need.",l1/docs/specs/compiler/abi.md,l1/docs/decisions/0008-lbi-symbol-mangling.md,DEA-CANON-0403,Directly covered,Covered by the LBI symbol-mangling ADR.,Yes,
DEA-DEC-0415,Plan,l1/work/plans/refactors/closed/2026-05-11-unified-lbi-mangling-noref.md,D02,2026-05-11,"LBI terminals use N for values, S for structs, E for enums, and I for compiler infrastructure/lifecycle symbols.",ABI and linking,,L1,Retained,Explicit,High,Defaults Chosen,60,65,The plan assigns entity-kind sigils that match the recursive type grammar and retains I for non-source infrastructure.,"Keep broad S for every source entity | Use distinct value sigils for functions, let, and const",The terminal identifies the entity namespace while preserving one compact single-letter grammar.,l1/docs/specs/compiler/abi.md,l1/docs/decisions/0008-lbi-symbol-mangling.md,DEA-CANON-0404,Directly covered,Covered by ADR-0008 and the normative ABI specification.,Yes,
DEA-DEC-0416,Plan,l1/work/plans/refactors/closed/2026-05-11-unified-lbi-mangling-noref.md,D03,2026-05-11,An LBI function symbol appends its complete function type component to the value terminal.,ABI and linking,Type system,L1,Retained,Explicit,High,Summary,38,45,"Functions use N<name> followed by arity, parameter, and result encodings rather than a name-only broad-S link name.",Mangle functions by module and name only | Store the signature solely in interface metadata,The static linker can detect signature mismatches and distinguish future overloads without consulting a sidecar file.,l1/docs/specs/compiler/abi.md,l1/docs/decisions/0008-lbi-symbol-mangling.md,DEA-CANON-0405,Directly covered,Covered by ADR-0008.,Yes,
DEA-DEC-0417,Plan,l1/work/plans/refactors/closed/2026-05-11-unified-lbi-mangling-noref.md,D04,2026-05-11,LBI names for plain let and const bindings omit their types.,ABI and linking,,L1,Retained,Explicit,High,Defaults Chosen,66,68,Bindings use N<name> with no trailing type component because they cannot be overloaded.,Encode every binding's type in its symbol | Use different terminals for let and const,A type suffix adds name length without disambiguation value while interface fingerprints cover surface compatibility.,l1/docs/specs/compiler/abi.md,l1/docs/decisions/0008-lbi-symbol-mangling.md,DEA-CANON-0406,Directly covered,Covered by ADR-0008.,Yes,
DEA-DEC-0418,Plan,l1/work/plans/refactors/closed/2026-05-11-unified-lbi-mangling-noref.md,D05,2026-05-11,"Unsafe function signatures carry the X type modifier in LBI names, so safe/unsafe mismatch is a link error.",ABI and linking,Type system | Ownership and memory safety,L1,Retained,Explicit,High,Defaults Chosen,69,70,The trailing function component includes X for unsafe signatures even though C function-pointer shapes remain compatible.,Erase unsafe from mangled names | Use a different terminal namespace for unsafe functions,Link identity preserves the L1 type distinction across separately compiled modules and blocks silent C-level type punning.,l1/docs/specs/compiler/abi.md,l1/docs/decisions/0008-lbi-symbol-mangling.md | l1/docs/decisions/0010-unsafe-marker-and-raw-pointer-indexing.md,DEA-CANON-0407,Directly covered,Covered by the LBI and unsafe-marker ADRs.,Yes,
DEA-DEC-0419,Plan,l1/work/plans/refactors/closed/2026-05-11-unified-lbi-mangling-noref.md,D06,2026-05-11,"The pre-release LBI migration was one atomic break with no dual emission, dual demangling, or version-negotiation period.",ABI and linking,Repository and process architecture,L1,Historical only,Explicit,High,Defaults Chosen,71,72,"Because L1 had no shipped binaries, the plan deliberately rejects every compatibility bridge during the scheme change.",Emit old and new names in parallel | Add mangling-version negotiation | Retain a dual demangler during migration,A pre-stable one-shot break avoided permanent ABI complexity whose only purpose would have been compatibility with unshipped artifacts.,l1/docs/specs/compiler/abi.md,l1/docs/decisions/0008-lbi-symbol-mangling.md,DEA-CANON-0408,Covered as part of a broader ADR,The surviving unified scheme is covered by ADR-0008; the completed migration policy needs no separate ADR.,Yes,
DEA-DEC-0420,Plan,l1/work/plans/refactors/closed/2026-05-11-unified-lbi-mangling-noref.md,D07,2026-05-11,A source main function receives ordinary signature-bearing LBI mangling; a compiler-generated entry shim calls that mangled symbol.,ABI and linking,Backend and C emission,L1,Retained,Explicit,High,Defaults Chosen,73,75,The plan gives main no mangling exception and keeps host entry adaptation in a generated shim.,Expose source main directly as the host C main symbol | Give source main a special name-only LBI encoding,User main remains an ordinary module function while process entry concerns stay in compiler infrastructure.,l1/docs/specs/compiler/abi.md | l1/docs/reference/c-backend-design.md,l1/docs/decisions/0008-lbi-symbol-mangling.md | l1/docs/decisions/0020-per-module-backend-and-lifecycle-abi.md,DEA-CANON-0409,Directly covered,Covered by the LBI and per-module lifecycle ADRs.,Yes,
DEA-DEC-0421,Plan,work/plans/refactors/closed/2026-05-13-shared-std-math-to-std-integer-rename-noref.md,D01,2026-05-13,"The shared integer-helper module is named std.integer, while floating-point helpers remain in the separate L1 std.real module.",Standard library,Language semantics,Shared L0/L1,Retained,Explicit,High,Defaults Chosen,95,99,The plan selects std.integer for the integer surface and preserves std.real as the distinct floating-point module.,Keep the broader std.math name | Merge integer and floating-point helpers into one module | Rename both numeric modules,The module identity accurately reflects its integer-only responsibility and leaves real-number APIs in their established domain.,l0/docs/reference/standard-library.md | l1/docs/reference/standard-library.md | l0/docs/reference/design-decisions.md | l1/docs/reference/design-decisions.md,l0/docs/decisions/0015-stdlib-module-boundaries.md,DEA-CANON-0410,Directly covered,Covered by the stdlib module-boundaries ADR.,Yes,
DEA-DEC-0422,Plan,work/plans/refactors/closed/2026-05-13-shared-std-math-to-std-integer-rename-noref.md,D02,2026-05-13,"The std.math to std.integer change is a hard source-level rename with no compatibility module, alias import, or transition shim.",Standard library,Repository and process architecture,Shared L0/L1,Retained,Explicit,High,Defaults Chosen,99,103,The plan keeps helper behavior stable but deliberately removes every active compatibility path for the old module identity.,Retain std.math as an alias module | Deprecate std.math through a transition release,A clean pre-stable source break prevents two canonical identities for the same integer API and keeps LBI/module examples unambiguous.,l0/docs/reference/standard-library.md | l1/docs/reference/standard-library.md | l1/docs/specs/compiler/abi.md,l0/docs/decisions/0015-stdlib-module-boundaries.md,DEA-CANON-0411,Partially covered,P2: bundle this with sys.memory and container renames in a shared stdlib API compatibility and hard-rename policy ADR.,Yes,
DEA-DEC-0423,Plan,l1/work/plans/features/closed/2026-05-19-stage1-slices-len-slice-intrinsics-noref.md,D01,2026-05-19,"T[] is a first-class non-owning slice descriptor copied by value as {int len; T* data} with no retain, release, cleanup, or ownership transfer.",Ownership and memory safety,Type system | Backend and C emission,L1,Retained,Explicit,High,Defaults Chosen,72,79,The plan chooses a two-field non-owning descriptor whose ordinary value copies do not affect the lifetime of underlying storage.,Make slices owning reference-counted buffers | Represent slices as raw pointers without length | Use a borrow-checked reference type,A small descriptor supplies variable-length views without committing L1 to ownership transfer or lifetime inference.,l1/docs/reference/design-decisions.md | l1/docs/reference/ownership.md | l1/docs/reference/c-backend-design.md,l1/docs/decisions/0015-slice-types-and-intrinsics.md,DEA-CANON-0412,Directly covered,Covered by the slice ADR.,Yes,
DEA-DEC-0424,Plan,l1/work/plans/features/closed/2026-05-19-stage1-slices-len-slice-intrinsics-noref.md,D02,2026-05-19,T[_] is reserved for future language use and is rejected rather than interpreted as a slice.,Language syntax,Type system,L1,Retained,Explicit,High,Defaults Chosen,81,82,The inferred-length-looking suffix is explicitly kept distinct from the empty-bracket slice suffix.,Use T[_] as the slice spelling | Assign T[_] inferred fixed-array length semantics immediately,Reserving the spelling avoids accidentally freezing semantics for a future inferred-length array feature.,l1/docs/reference/grammar.md | l1/docs/reference/design-decisions.md,l1/docs/decisions/0015-slice-types-and-intrinsics.md,DEA-CANON-0413,Directly covered,Covered by ADR-0015.,Yes,
DEA-DEC-0425,Plan,l1/work/plans/features/closed/2026-05-19-stage1-slices-len-slice-intrinsics-noref.md,D03,2026-05-19,"Without lifetime analysis, slices are limited to locals, parameters, and call arguments and are rejected in returns and long-lived storage.",Ownership and memory safety,Type system | Semantic analysis,L1,Retained,Explicit,High,Defaults Chosen,84,86,"The accepted lifetime model excludes return types/expressions, struct fields, top-level lets, and heap payload fields.",Allow general slice escape without analysis | Reject slices as stored locals and parameters too | Introduce borrow/lifetime checking first,Conservative escape restrictions keep every view within the evident lifetime of its owning fixed-array storage.,l1/docs/reference/design-decisions.md | l1/docs/reference/ownership.md,l1/docs/decisions/0015-slice-types-and-intrinsics.md,DEA-CANON-0414,Directly covered,Covered by ADR-0015.,Yes,
DEA-DEC-0426,Plan,l1/work/plans/features/closed/2026-05-19-stage1-slices-len-slice-intrinsics-noref.md,D04,2026-05-19,The compiler-owned L1 len intrinsic returns int.,Type system,,L1,Retained,Explicit,High,Defaults Chosen,88,88,The initial len contract includes both owning fixed arrays and non-owning slices and fixes the result type to int.,Expose length only as methods or fields | Return an unsigned or size-specific integer,One prelude operation gives both statically and dynamically sized contiguous values a common length query in the canonical integer domain.,l1/docs/reference/design-decisions.md | l1/docs/reference/c-backend-design.md,l1/docs/decisions/0002-dea-virtual-prelude-module.md | l1/docs/decisions/0015-slice-types-and-intrinsics.md,DEA-CANON-0415,Directly covered,Covered by the prelude and slice ADRs.,Yes,The independently superseded operand-domain restriction is recorded by B04-DEC-072.
DEA-DEC-0427,Plan,l1/work/plans/features/closed/2026-05-19-stage1-slices-len-slice-intrinsics-noref.md,D05,2026-05-19,"The initial len intrinsic accepted only fixed arrays and slices, excluding strings and every other operand type.",Type system,Language semantics,L1,Superseded,Explicit,High,Defaults Chosen,88,88,The word only made the initial operand domain closed over the two newly related aggregate/view types.,Include string length from the start | Use an extensible protocol for len,The first tranche scoped len narrowly to the array/slice feature under implementation.,l1/docs/reference/design-decisions.md | l1/docs/reference/c-backend-design.md,l1/docs/decisions/0015-slice-types-and-intrinsics.md,DEA-CANON-0416,Partially covered,Update ADR-0015 to reflect the current broadened string operand; no new ADR is required.,Yes,
DEA-DEC-0428,Plan,l1/work/plans/features/closed/2026-05-19-stage1-slices-len-slice-intrinsics-noref.md,D06,2026-05-19,"slice accepts only fixed arrays and slices and has one-, two-, and three-argument forms.",Language semantics,Type system,L1,Retained,Explicit,High,Defaults Chosen,90,90,"The source value, optional start, and optional third argument define exactly three accepted arities over arrays or slices.",Provide separate full-slice and subslice operations | Accept raw pointer operands | Use a variadic intrinsic,One bounded intrinsic covers whole views and subranges without inventing pointer-to-slice conversion.,l1/docs/reference/design-decisions.md | l1/docs/reference/grammar.md,l1/docs/decisions/0015-slice-types-and-intrinsics.md,DEA-CANON-0417,Directly covered,Covered by ADR-0015.,Yes,
DEA-DEC-0429,Plan,l1/work/plans/features/closed/2026-05-19-stage1-slices-len-slice-intrinsics-noref.md,D07,2026-05-19,"The third slice argument denotes a count, not an exclusive end index.",Language semantics,Language syntax,L1,Retained,Explicit,High,Defaults Chosen,92,92,The plan explicitly resolves the common start/count versus start/end alternative in favor of count.,Interpret the third argument as an exclusive end index | Offer distinct start-count and start-end overloads,Start plus count directly describes the resulting descriptor length and makes zero-length ranges explicit.,l1/docs/reference/design-decisions.md | l1/docs/reference/grammar.md,l1/docs/decisions/0015-slice-types-and-intrinsics.md,DEA-CANON-0418,Directly covered,Covered by ADR-0015.,Yes,
DEA-DEC-0430,Plan,l1/work/plans/features/closed/2026-05-19-stage1-slices-len-slice-intrinsics-noref.md,D08,2026-05-19,Slice indexing performs a bounds check before any generated C pointer dereference.,Ownership and memory safety,Language semantics | Backend and C emission,L1,Retained,Explicit,High,Defaults Chosen,94,94,The plan makes pre-dereference bounds validation part of every slice index access.,Use unchecked pointer indexing | Check only in debug builds | Return an optional element,A safe view must validate its dynamic length before touching the backing storage.,l1/docs/reference/design-decisions.md | l1/docs/reference/c-backend-design.md,l1/docs/decisions/0015-slice-types-and-intrinsics.md,DEA-CANON-0419,Directly covered,Covered by ADR-0015.,Yes,
DEA-DEC-0431,Plan,l1/work/plans/features/closed/2026-05-19-stage1-slices-len-slice-intrinsics-noref.md,D09,2026-05-19,A zero-length slice result is canonically represented with len = 0 and data = NULL.,ABI and linking,Language semantics | Backend and C emission,L1,Retained,Explicit,High,Defaults Chosen,96,96,The plan selects a normalized null data pointer for every empty result rather than retaining an arbitrary one-past or backing pointer.,Preserve the original data pointer when count is zero | Use a non-null sentinel pointer,Canonical empties avoid meaningless pointer arithmetic state and make descriptor behavior deterministic.,l1/docs/reference/design-decisions.md | l1/docs/reference/c-backend-design.md,l1/docs/decisions/0015-slice-types-and-intrinsics.md,DEA-CANON-0420,Directly covered,Covered by ADR-0015.,Yes,
DEA-DEC-0432,Plan,l1/work/plans/features/closed/2026-05-19-stage1-slices-len-slice-intrinsics-noref.md,D10,2026-05-19,"Implicit T[N] to T[] conversion occurs only when a slice target is already known: arguments, annotated local initialization, or assignment to a slice variable.",Type system,Ownership and memory safety | Language semantics,L1,Retained,Explicit,High,Defaults Chosen,98,100,The plan defines three contextual conversion sites and excludes unconstrained C-style array decay.,Decay every fixed array expression to a slice | Require explicit slice(...) conversion everywhere,Known-target conversion is ergonomic at API boundaries while keeping ownership and value identity explicit elsewhere.,l1/docs/reference/design-decisions.md | l1/docs/reference/ownership.md,l1/docs/decisions/0015-slice-types-and-intrinsics.md,DEA-CANON-0421,Directly covered,Covered by ADR-0015.,Yes,
DEA-DEC-0433,Plan,l1/work/plans/features/closed/2026-05-19-stage1-slices-len-slice-intrinsics-noref.md,D11,2026-05-19,Raw pointer operands are rejected by slice; L1 has no pointer-to-slice conversion in this surface.,Type system,Ownership and memory safety,L1,Retained,Explicit,High,Defaults Chosen,101,101,The plan explicitly excludes raw pointers and declines to infer a length or ownership boundary from them.,Accept pointer plus inferred or separate length | Allow unsafe pointer-to-slice conversion,A raw pointer alone supplies neither a valid extent nor a lifetime guarantee for a safe slice descriptor.,l1/docs/reference/design-decisions.md | l1/docs/reference/grammar.md,l1/docs/decisions/0015-slice-types-and-intrinsics.md,DEA-CANON-0422,Covered as part of a broader ADR,Covered by ADR-0015 and the current slice operand contract.,Yes,
DEA-DEC-0434,Plan,l1/work/plans/features/closed/2026-05-19-stage1-slices-len-slice-intrinsics-noref.md,D12,2026-05-19,"The initial slice type surface supports T[], T*[], and T?[] but rejects T[]? and T[]* to preserve escape restrictions.",Type system,Ownership and memory safety | Language syntax,L1,Retained,Explicit,High,Defaults Chosen,103,104,"Element pointer/optional shapes are admitted, while nullable-slice and pointer-to-slice outer suffixes are excluded from the first lifetime model.",Allow every ordered suffix around slices | Support only plain T[] elements,Rich element types remain useful without introducing outer slice indirections that could bypass the conservative escape boundary.,l1/docs/reference/design-decisions.md | l1/docs/reference/grammar.md,l1/docs/decisions/0015-slice-types-and-intrinsics.md,DEA-CANON-0423,Directly covered,Covered by ADR-0015.,Yes,
DEA-DEC-0435,Plan,l1/work/plans/features/closed/2026-05-19-stage1-slices-len-slice-intrinsics-noref.md,D13,2026-05-19,The LBI type component for a slice is the single-letter recursive form W<element>.,ABI and linking,Backend and C emission,L1,Retained,Explicit,High,Defaults Chosen,106,108,W is fixed before implementation as a non-owning window marker distinct from nominal struct S.,Reuse S for slice descriptors | Use a multi-letter Slice marker | Choose a different one-letter sigil,W follows the single-letter recursive LBI rule and gives structural slice types a stable non-nominal identity.,l1/docs/specs/compiler/abi.md | l1/docs/reference/c-backend-design.md,l1/docs/decisions/0008-lbi-symbol-mangling.md | l1/docs/decisions/0015-slice-types-and-intrinsics.md,DEA-CANON-0424,Directly covered,Covered by the LBI and slice ADRs.,Yes,
DEA-DEC-0436,Plan,l1/work/plans/features/closed/2026-05-19-stage1-slices-len-slice-intrinsics-noref.md,D14,2026-05-19,The compiler-owned virtual dea prelude exports len and slice intrinsics; ordinary prelude shadowing and qualified dea:: access apply.,Frontend architecture,Language semantics | Standard library,L1,Retained,Explicit,High,Implementation Phases / Phase 3: Prelude intrinsics,142,146,The new intrinsics reuse the virtual module's ordinary shadowing and qualified escape-hatch rules.,Reserve len and slice as keywords | Make unqualified intrinsic names override user declarations | Place them in a physical std module,Compiler-owned operations remain in the normal module/name-resolution system without confiscating common user identifiers.,l1/docs/reference/design-decisions.md | l1/docs/reference/grammar.md,l1/docs/decisions/0002-dea-virtual-prelude-module.md | l1/docs/decisions/0015-slice-types-and-intrinsics.md,DEA-CANON-0425,Directly covered,Covered by the virtual-prelude and slice ADRs.,Yes,This wording isolates the novel architectural placement of len/slice from shadowing behavior already settled by the virtual-prelude plan.
DEA-DEC-0437,Plan,l1/work/plans/features/closed/2026-05-19-stage1-slices-len-slice-intrinsics-noref.md,D15,2026-05-19,Slice range construction validates start and count before pointer arithmetic or dereference and reuses _rt_panic_oob on failure.,Ownership and memory safety,Runtime | Backend and C emission,L1,Retained,Explicit,High,Implementation Phases / Phase 7: Runtime checks,187,191,Generated slicing checks the complete range first and shares the existing array out-of-bounds runtime failure path.,Form a pointer first and validate afterward | Use unchecked C pointer arithmetic | Add a distinct slice-range panic ABI,"Pre-arithmetic validation avoids undefined pointer formation and keeps array, slice-index, and slice-range failures on one runtime contract.",l1/docs/reference/design-decisions.md | l1/docs/reference/c-backend-design.md,l1/docs/decisions/0011-fixed-size-array-policy.md | l1/docs/decisions/0015-slice-types-and-intrinsics.md,DEA-CANON-0426,Directly covered,Covered by ADR-0015 and the shared out-of-bounds helper decision in ADR-0011.,Yes,
DEA-DEC-0438,Plan,l0/work/plans/bug-fixes/closed/2026-06-05-duplicate-open-import-diagnostic-parity-noref.md,D01,2026-06-05,Repeating the same open import emits exactly one non-fatal RES-0036 warning at the redundant import.,Diagnostics and recovery,Semantic analysis,L0,Retained,Explicit,High,Scope of This Fix,60,66,"Both L0 stages detect a duplicate module name and reuse L1's single-warning code, message, and source location.",Silently accept duplicate imports | Emit one ambiguity warning per imported symbol | Make duplicate imports fatal,"Redundancy is useful to flag, but it does not make the program semantically ambiguous.",docs/specs/compiler/diagnostic-code-catalog.md | l0/docs/reference/grammar.md,docs/decisions/0005-diagnostic-code-catalog.md,DEA-CANON-0427,Covered as part of a broader ADR,ADR not warranted for this narrow diagnostic contract,Yes,
DEA-DEC-0439,Plan,l0/work/plans/bug-fixes/closed/2026-06-05-duplicate-open-import-diagnostic-parity-noref.md,D02,2026-06-05,Opening the same module repeatedly is semantically idempotent: the resolver skips the redundant merge and leaves the first import's visible symbols usable.,Semantic analysis,Language semantics,L0,Retained,Explicit,High,Scope of This Fix,60,66,"Duplicate detection occurs before export merging, and the repeated open is skipped instead of turning identical symbols into ambiguity.",Merge the exports again and diagnose each collision | Remove duplicated names from the visible set | Treat repeated opens as fatal,Reopening the same module introduces no second semantic origin and therefore must not corrupt name resolution.,l0/docs/reference/grammar.md | l0/docs/decisions/0006-module-system-and-imports.md,l0/docs/decisions/0006-module-system-and-imports.md,DEA-CANON-0428,ADR not warranted,A narrow resolver idempotence correction belongs in module-system reference documentation and tests.,Yes,Duplicate-open idempotence is durable but too narrow and obvious to justify an ADR.
DEA-DEC-0440,Plan,work/plans/bug-fixes/closed/2026-06-07-stray-keyword-diagnostics-and-stmt-recovery-noref.md,D01,2026-06-07,"An orphaned parent-owned statement keyword is diagnosed as unmatched (`else` without `if`, `cleanup` without `with`) rather than as a generic expression error.",Diagnostics and recovery,Frontend architecture,Shared L0/L1,Retained,Explicit,High,Diagnostics,60,69,The plan assigns shared parent-specific diagnostics only after the owning statement parser has had the chance to consume the keyword.,Keep generic unexpected-expression diagnostics | Treat the keyword as a top-level recovery token,The parser has enough structural knowledge to report the actual unmatched construct consistently across stages.,docs/specs/compiler/diagnostic-code-catalog.md,docs/decisions/0005-diagnostic-code-catalog.md,DEA-CANON-0429,Covered as part of a broader ADR,ADR not warranted beyond the shared catalog,Yes,
DEA-DEC-0441,Plan,work/plans/bug-fixes/closed/2026-06-07-stray-keyword-diagnostics-and-stmt-recovery-noref.md,D02,2026-06-07,A failed statement parse is synchronized and resumed inside its current block instead of unwinding the function and restarting top-level parsing mid-body.,Diagnostics and recovery,Frontend architecture,Shared L0/L1,Retained,Explicit,High,Changes / B2,83,94,"The self-hosted block parser null-checks each statement, invokes statement synchronization, and continues with forward-progress guards.",Abort the entire block on the first statement error | Propagate failure to top-level recovery,Block-local recovery prevents unrelated valid body statements from being misdiagnosed as top-level tokens.,l0/docs/reference/architecture.md | l1/docs/reference/architecture.md,,DEA-CANON-0025,Not covered,Candidate P1 ADR: shared parser recovery and phase-boundary contract,Yes,
DEA-DEC-0442,Plan,work/plans/features/closed/2026-06-07-case-default-arm-wildcard-phase1-noref.md,D01,2026-06-07,"The canonical case default-arm spelling is `_ => Stmt`, aligning case with match.",Language syntax,Diagnostics and recovery,Shared L0/L1,Retained,Explicit,High,Summary,29,33,Phase 1 selects the wildcard plus match-arrow spelling as canonical and deliberately gives it an arrow.,Continue using else as the canonical default | Introduce a new default keyword | Require a block-only default arm,The spelling removes dangling-else ambiguity and reuses the existing match wildcard/token vocabulary.,docs/decisions/0007-case-default-arm-wildcard.md | l0/docs/reference/grammar.md | l1/docs/reference/grammar.md,docs/decisions/0007-case-default-arm-wildcard.md,DEA-CANON-0430,Directly covered,Covered,Yes,
DEA-DEC-0443,Plan,work/plans/features/closed/2026-06-07-case-default-arm-wildcard-phase1-noref.md,D02,2026-06-07,"During Phase 1, the legacy `else` case default remains accepted but emits warning PAR-0242.",Language syntax,Diagnostics and recovery,Shared L0/L1,Retained,Explicit,High,Summary / Diagnostics,29,44,The migration preserves legacy parsing as a warning-producing compatibility path rather than removing it immediately.,Remove else in one flag-day change | Accept else indefinitely without warning,The staged migration keeps existing code compiling while making the replacement visible.,docs/decisions/0007-case-default-arm-wildcard.md | l0/docs/reference/grammar.md | docs/specs/compiler/diagnostic-code-catalog.md,docs/decisions/0007-case-default-arm-wildcard.md,DEA-CANON-0431,Directly covered,Covered,Yes,
DEA-DEC-0444,Plan,work/plans/features/closed/2026-06-07-case-default-arm-wildcard-phase1-noref.md,D03,2026-06-07,"While the legacy case-default `else` remains, an unbraced value-arm `if` followed by ambiguous `else` is rejected with PAR-0243.",Diagnostics and recovery,Language syntax,Shared L0/L1,Retained,Explicit,High,Summary / Diagnostics,29,47,"The one grammar configuration that could silently change meaning becomes a hard error, with bracing or `_ =>` as repairs.",Always bind else to the nearest if without a diagnostic | Always treat it as the case default | Disallow unbraced if arm bodies,Ambiguity must not silently select a different program meaning during the compatibility phase.,docs/decisions/0007-case-default-arm-wildcard.md | l0/docs/reference/grammar.md | docs/specs/compiler/diagnostic-code-catalog.md,docs/decisions/0007-case-default-arm-wildcard.md,DEA-CANON-0432,Directly covered,Covered,Yes,
DEA-DEC-0445,Plan,l1/work/plans/bug-fixes/closed/2026-06-08-stage1-case-builtin-literal-support-noref.md,D01,2026-06-08,L1 case arm values use the same type-comparability model as `==` rather than requiring exact literal/scrutinee type equality.,Language semantics,Type system,L1,Retained,Explicit,High,Summary / Scope of This Fix,38,41,Case dispatch adopts equality comparability while retaining compile-time safety.,Require exact type equality | Apply implicit assignment conversion rules | Permit arbitrary comparable expressions,"A case literal denotes a value comparison, so ordinary equality is the coherent semantic oracle.",l1/docs/reference/design-decisions.md | l1/docs/reference/grammar.md,l1/docs/decisions/0004-wide-integer-types.md | l1/docs/decisions/0005-floating-point-semantics.md,DEA-CANON-0433,Partially covered,Candidate P1 ADR: L1 case value comparability and lowering,Yes,
DEA-DEC-0446,Plan,l1/work/plans/bug-fixes/closed/2026-06-08-stage1-case-builtin-literal-support-noref.md,D02,2026-06-08,"L1 case scrutinees support builtin integer families, float, double, bool, and string, with corresponding literal arm families; other type families remain excluded.",Type system,Language syntax | Language semantics,L1,Retained,Explicit,High,Scope of This Fix,53,72,The parser adds real literals and semantic checking defines the accepted builtin scrutinee/literal domains.,"Keep int/byte/bool/string only | Permit enums, pointers, nullable, aggregates, and arbitrary expressions",The selected families have existing value-equality semantics that can be lowered without new pattern machinery.,l1/docs/reference/grammar.md | l1/docs/reference/design-decisions.md,l1/docs/decisions/0004-wide-integer-types.md | l1/docs/decisions/0005-floating-point-semantics.md,DEA-CANON-0434,Partially covered,Candidate P1 ADR: L1 case value comparability and lowering,Yes,
DEA-DEC-0447,Plan,l1/work/plans/bug-fixes/closed/2026-06-08-stage1-case-builtin-literal-support-noref.md,D03,2026-06-08,A well-formed integer case arm outside the scrutinee's value domain remains valid but emits an always-false warning instead of an error.,Language semantics,Diagnostics and recovery,L1,Retained,Explicit,High,Scope of This Fix / Approach,57,73,"The classifier separates possible, always-false, and incomparable arms and gives impossible integer values warning-only semantics.",Reject out-of-domain values as errors | Silently accept without warning | Narrow or wrap the arm value,The arm is well-typed but cannot match; a warning communicates that fact without turning it into a compatibility-breaking error.,l1/docs/reference/design-decisions.md | docs/specs/compiler/diagnostic-code-catalog.md,l1/docs/decisions/0004-wide-integer-types.md,DEA-CANON-0435,Not covered,Candidate P1 ADR: L1 case value comparability and lowering,Yes,
DEA-DEC-0448,Plan,l1/work/plans/bug-fixes/closed/2026-06-08-stage1-case-builtin-literal-support-noref.md,D04,2026-06-08,"The backend uses C switch only when every arm is a safe C case label semantically identical to L1 equality; converted, real, string, or always-false cases lower as equality chains.",Backend and C emission,Language semantics | Portability,L1 Stage 1,Retained,Explicit,High,Approach / Preserve safe lowering,113,126,Unsafe or conversion-dependent dispatch avoids C case labels and uses if/else equality lowering.,Always lower case as C switch | Always lower every case as if/else | Emit narrowing casts in case labels,"Backend selection must preserve Dea equality and avoid C overflow, undefined behavior, or runtime checked arithmetic in labels.",l1/docs/reference/c-backend-design.md | l1/docs/reference/design-decisions.md,l1/docs/decisions/0005-floating-point-semantics.md,DEA-CANON-0436,Not covered,Candidate P1 ADR: L1 case value comparability and lowering,Yes,
DEA-DEC-0449,Plan,l1/work/plans/bug-fixes/closed/2026-06-08-stage1-case-builtin-literal-support-noref.md,D05,2026-06-08,"The body of an always-false case arm is still type-checked, so local source errors are not hidden by reachability classification.",Semantic analysis,Diagnostics and recovery | Language semantics,L1 Stage 1,Retained,Explicit,High,Approach / Add case-literal classification,110,111,Always-false arms remain syntactically valid and their bodies receive ordinary type checking.,Skip semantic checking for unreachable arm bodies | Reject the arm before checking its body | Downgrade all body errors to warnings,"Compile-time unreachability affects flow, not the requirement that every source branch be well typed.",l1/docs/reference/design-decisions.md | docs/specs/compiler/diagnostic-code-catalog.md,,DEA-CANON-0437,Not covered,Candidate P1 ADR: L1 case value comparability and lowering,Yes,
DEA-DEC-0450,Plan,l1/work/plans/features/closed/2026-06-08-case-else-removal-l1-phase2-noref.md,D01,2026-06-08,"L1 Phase 2 accepts only `_ =>` as a case default; `else` is an unmatched else (PAR-0123), and transitional PAR-0242/PAR-0243 behavior is removed.",Language syntax,Diagnostics and recovery,L1,Retained,Explicit,High,Proposed Changes / Grammar,53,72,"The L1 parser deletes the else-default branch and dangling-else guard, leaving the terminal wildcard-only grammar.",Retain the deprecated spelling indefinitely | Remove wildcard and return to else | Require braced case arms,"Once `_ =>` is the sole default token sequence, the dangling-else ambiguity disappears entirely.",docs/decisions/0007-case-default-arm-wildcard.md | l1/docs/reference/grammar.md | docs/specs/compiler/diagnostic-code-catalog.md,docs/decisions/0007-case-default-arm-wildcard.md,DEA-CANON-0438,Directly covered,Covered,Yes,
DEA-DEC-0451,Plan,l1/work/plans/features/closed/2026-06-08-case-else-removal-l1-phase2-noref.md,D02,2026-06-08,"An unreleased language level may intentionally advance a grammar migration before L0, with diagnostic-parity skips documenting the forward-only divergence from the L0 oracle.",Bootstrap and self-hosting,Bootstrap and self-hosting | Diagnostics and recovery,Shared L0/L1,Retained,Explicit,High,Context / Why this is safe before the L0 plan,35,47,L1 lands Phase 2 first and records PAR-0242/PAR-0243 as intentional skipped oracle cases while L0 remains checked.,Require lockstep grammar migrations across all levels | Treat every oracle divergence as a parity failure,Level independence permits forward evolution while explicit skips distinguish intended divergence from accidental drift.,docs/decisions/0007-case-default-arm-wildcard.md | docs/decisions/0001-two-stage-architecture.md,docs/decisions/0007-case-default-arm-wildcard.md | docs/decisions/0001-two-stage-architecture.md,DEA-CANON-0439,Partially covered,Candidate P1 ADR: intentional cross-level divergence and parity-exception policy,Yes,Intentional parity exceptions govern oracle relationships and cross-level bootstrap evolution.
DEA-DEC-0452,Plan,work/plans/bug-fixes/closed/2026-06-08-shared-invalid-loop-control-unreachable-warning-noref.md,D01,2026-06-08,Invalid break or continue outside a loop reports its placement error but does not make the following statement unreachable; valid loop control still does.,Semantic analysis,Diagnostics and recovery | Language semantics,Shared L0/L1,Retained,Explicit,High,Scope of This Fix,80,89,"Reachability state changes only after placement validation succeeds, including inside with headers and inline cleanup.",Treat any syntactic break/continue as terminating flow even when invalid | Suppress all reachability warnings after errors,An invalid control transfer has no semantic target and therefore cannot justify a derived unreachable-state fact.,l0/docs/reference/ownership.md | l1/docs/reference/ownership.md,,DEA-CANON-0440,ADR not warranted,Keep in analyzer tests and reference flow notes,Yes,
DEA-DEC-0453,Plan,work/plans/bug-fixes/closed/2026-06-08-shared-parser-recovery-noref.md,D01,2026-06-08,An opening brace is a statement synchronization boundary and must not be consumed while recovering from the preceding malformed statement.,Diagnostics and recovery,Frontend architecture,Shared L0/L1,Retained,Explicit,High,Scope of This Fix,54,58,"All frontends stop statement synchronization at `{`, preserving the matching block structure.",Skip `{` while searching for a semicolon or keyword | Abort the enclosing block on the preceding error,Consuming an opening brace unbalances nesting and causes cascading top-level diagnostics.,l0/docs/reference/architecture.md | l1/docs/reference/architecture.md,,DEA-CANON-0441,Not covered,Candidate P1 ADR: shared parser recovery and phase-boundary contract,Yes,
DEA-DEC-0454,Plan,l0/work/plans/bug-fixes/closed/2026-06-09-stage1-non-ascii-identifier-rejection-noref.md,D01,2026-06-09,"Canonical Dea source text is UTF-8; invalid UTF-8 is rejected during source decoding, and optional BOM stripping remains a level-local compiler-contract detail.",Language syntax,Portability,Dea-wide,Retained,Explicit,High,Current State / Non-Goals,41,47,The plan identifies UTF-8 decoding plus optional BOM stripping as the existing source contract and deliberately preserves it.,Treat source as arbitrary bytes | Adopt a locale-dependent encoding | Require or forbid BOM globally,A single portable encoding separates decoding validity from grammar vocabulary.,docs/decisions/0008-source-text-encoding-and-ascii-language-vocabulary.md | docs/specs/language/source-text-and-language-vocabulary.md,docs/decisions/0008-source-text-encoding-and-ascii-language-vocabulary.md,DEA-CANON-0442,Directly covered,Covered,Yes,
DEA-DEC-0455,Plan,l0/work/plans/bug-fixes/closed/2026-06-09-stage1-non-ascii-identifier-rejection-noref.md,D02,2026-06-09,Unicode text is permitted in comments and string literal payloads even though the language vocabulary is restricted.,Language syntax,,Dea-wide,Retained,Explicit,High,Summary / Scope of This Fix,38,39,The Stage 1 correction preserves UTF-8 source and Unicode content inside comments and strings.,Restrict all source characters to ASCII | Allow Unicode only through escapes,Natural-language text and data do not require Unicode-sensitive identifier semantics.,docs/decisions/0008-source-text-encoding-and-ascii-language-vocabulary.md | docs/specs/language/source-text-and-language-vocabulary.md,docs/decisions/0008-source-text-encoding-and-ascii-language-vocabulary.md,DEA-CANON-0443,Directly covered,Covered,Yes,
DEA-DEC-0456,Plan,l0/work/plans/bug-fixes/closed/2026-06-09-stage1-non-ascii-identifier-rejection-noref.md,D03,2026-06-09,"Identifiers, module-name components, keywords, builtin type names, and other grammar-defined vocabulary are ASCII-only.",Language syntax,Portability,Dea-wide,Retained,Explicit,High,Scope of This Fix / Non-Goals,54,60,Explicit ASCII predicates replace host-language Unicode identifier classes while Unicode comment/string text stays valid.,Unicode identifiers and module names | Host-language-specific Unicode character classes,ASCII vocabulary keeps token classification and module identity deterministic across bootstrap implementations.,docs/decisions/0008-source-text-encoding-and-ascii-language-vocabulary.md | docs/specs/language/source-text-and-language-vocabulary.md | l0/docs/reference/grammar.md | l1/docs/reference/grammar.md,docs/decisions/0008-source-text-encoding-and-ascii-language-vocabulary.md,DEA-CANON-0444,Directly covered,Covered,Yes,
DEA-DEC-0457,Plan,work/plans/bug-fixes/closed/2026-06-09-shared-lex-0040-recovery-noref.md,D01,2026-06-09,Invalid source characters are consumed as recoverable lexical errors and scanning continues so one pass can identify later invalid characters.,Diagnostics and recovery,Frontend architecture,Shared L0/L1,Retained,Explicit,High,Summary,59,65,"All lexer implementations loop, consume an invalid character, record LEX-0040, and resume at the next valid token.",Abort tokenization at the first invalid character | Use recursive recovery,Iterative recovery reports multiple lexical faults without recursion limits.,docs/decisions/0009-logical-lexer-error-recovery-tokens-and-codepoint-columns.md | docs/specs/compiler/diagnostic-code-catalog.md,docs/decisions/0009-logical-lexer-error-recovery-tokens-and-codepoint-columns.md,DEA-CANON-0024,Covered as part of a broader ADR,Covered by the successor recovery ADR,Yes,
DEA-DEC-0458,Plan,work/plans/bug-fixes/closed/2026-06-09-shared-lex-0040-recovery-noref.md,D02,2026-06-09,Recovered tokenization initially stops at a pre-parser phase gate whenever any lexer error exists.,Frontend architecture,Diagnostics and recovery,Shared L0/L1,Superseded,Explicit,High,Summary,54,67,The first recovery design returns accumulated lexer errors and deliberately does not enter parsing.,Carry lexer recovery information into the parser | Parse the raw recovered stream without a token-level error contract,The initial gate avoided misleading parser cascades from an underspecified recovered stream.,docs/decisions/0009-logical-lexer-error-recovery-tokens-and-codepoint-columns.md,docs/decisions/0009-logical-lexer-error-recovery-tokens-and-codepoint-columns.md,DEA-CANON-0445,Directly covered,Historical predecessor documented in ADR-0009,Yes,
DEA-DEC-0459,Plan,work/plans/bug-fixes/closed/2026-06-09-shared-stop-parsing-at-eof-block-close-noref.md,D01,2026-06-09,"The first missing statement-block close at EOF puts the parser in a terminal aborted state, emits PAR-0091 once, stops every recovery loop, and still returns its partial module.",Diagnostics and recovery,Frontend architecture,Shared L0/L1,Retained,Explicit,High,Scope of This Fix / Mechanism,80,107,"A shared parser-state flag makes EOF terminal across block, synchronization, and top-level loops while preserving partial results.",Emit one missing-close diagnostic per unclosed nesting level | Deduplicate PAR-0091 after parsing | Throw a stage-specific fatal exception,"Once EOF prevents a block close, nested recovery cannot gain new source information and should not repeat the same error.",l0/docs/reference/architecture.md | l1/docs/reference/architecture.md | docs/specs/compiler/diagnostic-code-catalog.md,,DEA-CANON-0446,ADR not warranted,Keep as a documented parser recovery invariant,Yes,
DEA-DEC-0460,Plan,work/plans/refactors/closed/2026-06-10-shared-lexer-error-recovery-tokens-and-codepoint-columns-noref.md,D01,2026-06-10,"Recoverable lexer diagnostics are deferred into dedicated wrapper tokens carrying their code, message, and full source span.",Frontend architecture,Diagnostics and recovery,Shared L0/L1,Retained,Explicit,High,Summary,78,81,The lexer encapsulates recoverable errors in token-stream objects instead of emitting them immediately.,Emit diagnostics directly from the lexer | Use an out-of-band side list disconnected from token positions,Token-attached diagnostics preserve exact physical spans and a parser-visible recovery point.,docs/decisions/0009-logical-lexer-error-recovery-tokens-and-codepoint-columns.md | l0/docs/specs/compiler/stage1-contract.md | l1/docs/reference/architecture.md,docs/decisions/0009-logical-lexer-error-recovery-tokens-and-codepoint-columns.md,DEA-CANON-0026,Directly covered,Covered,Yes,
DEA-DEC-0461,Plan,work/plans/refactors/closed/2026-06-10-shared-lexer-error-recovery-tokens-and-codepoint-columns-noref.md,D02,2026-06-10,Lexer recovery parity is defined as a shared logical-token contract; each frontend may use a different physical wrapper layout.,Frontend architecture,Diagnostics and recovery | Bootstrap and self-hosting,Shared L0/L1,Retained,Explicit,High,Summary,82,85,Python may group diagnostics on one wrapper while native stages may queue multiple wrappers ending in one recovered logical token.,Require byte-identical token data structures across stages | Allow each frontend to expose unrelated recovery behavior,Observable parser recovery can remain equivalent without forcing host-language-inappropriate representation.,docs/decisions/0009-logical-lexer-error-recovery-tokens-and-codepoint-columns.md | l0/docs/reference/architecture.md | l1/docs/reference/architecture.md,docs/decisions/0009-logical-lexer-error-recovery-tokens-and-codepoint-columns.md,DEA-CANON-0447,Directly covered,Covered,Yes,
DEA-DEC-0462,Plan,work/plans/refactors/closed/2026-06-10-shared-lexer-error-recovery-tokens-and-codepoint-columns-noref.md,D03,2026-06-10,"Parser token access is logical: it emits each wrapped lexer diagnostic exactly once despite backtracking, skips wrappers without recovery, and exposes the recovered token when present.",Diagnostics and recovery,Frontend architecture,Shared L0/L1,Retained,Explicit,High,Summary,86,88,Wrapper interpretation is centralized at parser token access with idempotent emission.,Make each parse routine handle wrapper tokens | Permit duplicate emissions on backtracking | Expose wrappers as ordinary grammar tokens,One logical-token chokepoint keeps recovery transparent to grammar code and stable under lookahead.,docs/decisions/0009-logical-lexer-error-recovery-tokens-and-codepoint-columns.md | l0/docs/specs/compiler/stage1-contract.md,docs/decisions/0009-logical-lexer-error-recovery-tokens-and-codepoint-columns.md,DEA-CANON-0448,Directly covered,Covered,Yes,
DEA-DEC-0463,Plan,work/plans/refactors/closed/2026-06-10-shared-lexer-error-recovery-tokens-and-codepoint-columns-noref.md,D04,2026-06-10,The parser always runs after recoverable lexing errors; only later semantic and code-generation phases remain gated by accumulated errors.,Frontend architecture,Diagnostics and recovery,Shared L0/L1,Retained,Explicit,High,Summary,89,90,The post-lexing barrier is removed while downstream error gates remain.,Stop before parsing on every lexer error | Continue through semantic analysis using placeholders,Parsing malformed files preserves AST shape and later syntax diagnostics for editor workflows without permitting erroneous code generation.,docs/decisions/0009-logical-lexer-error-recovery-tokens-and-codepoint-columns.md | l0/docs/reference/architecture.md | l1/docs/reference/architecture.md,docs/decisions/0009-logical-lexer-error-recovery-tokens-and-codepoint-columns.md,DEA-CANON-0445,Directly covered,Covered,Yes,
DEA-DEC-0464,Plan,work/plans/refactors/closed/2026-06-10-shared-lexer-error-recovery-tokens-and-codepoint-columns-noref.md,D05,2026-06-10,Malformed recoverable literal and numeric diagnostics preserve a reasonable parser-visible placeholder or valid-prefix token through the wrapper stream.,Diagnostics and recovery,Frontend architecture,Shared L0/L1,Retained,Explicit,High,Diagnostic Routing,103,117,"String, byte, integer, real, and escape faults use code-specific recovered token shapes rather than discarding the whole literal position.",Skip every malformed literal entirely | Abort parsing on literal errors | Invent one universal placeholder token,A token in the expected grammatical family preserves useful parse shape while later phases remain blocked.,docs/decisions/0009-logical-lexer-error-recovery-tokens-and-codepoint-columns.md | docs/specs/compiler/diagnostic-code-catalog.md,docs/decisions/0009-logical-lexer-error-recovery-tokens-and-codepoint-columns.md,DEA-CANON-0449,Directly covered,Covered,Yes,
DEA-DEC-0465,Plan,work/plans/refactors/closed/2026-06-10-shared-lexer-error-recovery-tokens-and-codepoint-columns-noref.md,D06,2026-06-10,LEX-0040 groups one contiguous invalid-character run in a no-recovery wrapper that the parser skips logically.,Diagnostics and recovery,Frontend architecture,Shared L0/L1,Retained,Explicit,High,Diagnostic Routing,103,108,"Invalid characters have no meaningful grammar token, so a whole contiguous run is represented once and skipped.",Emit one wrapper per byte or code point | Synthesize an identifier or punctuation token,Grouping avoids diagnostic noise while refusing to fabricate a misleading grammar token.,docs/decisions/0009-logical-lexer-error-recovery-tokens-and-codepoint-columns.md | docs/specs/compiler/diagnostic-code-catalog.md,docs/decisions/0009-logical-lexer-error-recovery-tokens-and-codepoint-columns.md,DEA-CANON-0450,Directly covered,Covered,Yes,
DEA-DEC-0466,Plan,work/plans/refactors/closed/2026-06-10-shared-lexer-error-recovery-tokens-and-codepoint-columns-noref.md,D07,2026-06-10,An unterminated block comment remains an unrecoverable trivia error with no parser-visible recovery token.,Diagnostics and recovery,Frontend architecture,Shared L0/L1,Retained,Explicit,High,Diagnostic Routing,110,112,LEX-0070 stays on its direct no-recovery path because a block comment is trivia and consumes to EOF.,Wrap it as a recovered comment token | Synthesize a comment terminator,There is no following meaningful token position to recover once the unterminated comment consumes the remaining file.,docs/decisions/0009-logical-lexer-error-recovery-tokens-and-codepoint-columns.md | docs/specs/compiler/diagnostic-code-catalog.md,docs/decisions/0009-logical-lexer-error-recovery-tokens-and-codepoint-columns.md,DEA-CANON-0451,Directly covered,Covered,Yes,
DEA-DEC-0467,Plan,work/plans/refactors/closed/2026-06-10-shared-lexer-error-recovery-tokens-and-codepoint-columns-noref.md,D08,2026-06-10,Native lexer diagnostic columns count Unicode code points while source offsets remain byte-based; display width is out of scope.,Diagnostics and recovery,Portability,Shared L0/L1,Retained,Explicit,High,Summary / Non-Goals,91,92,"Native byte lexers advance columns only on non-continuation UTF-8 bytes, matching the Python oracle.",Count UTF-8 bytes | Count grapheme clusters | Count terminal display cells,Code-point columns give deterministic cross-stage positions while retaining efficient byte offsets.,docs/decisions/0009-logical-lexer-error-recovery-tokens-and-codepoint-columns.md | docs/specs/language/source-text-and-language-vocabulary.md,docs/decisions/0009-logical-lexer-error-recovery-tokens-and-codepoint-columns.md,DEA-CANON-0259,Directly covered,Covered,Yes,
DEA-DEC-0468,Plan,work/plans/refactors/closed/2026-06-10-shared-lexer-error-recovery-tokens-and-codepoint-columns-noref.md,D09,2026-06-10,Token-dump modes expose physical lexer-error wrappers and their recovery tokens but do not emit the deferred diagnostics.,CLI and distribution,Diagnostics and recovery | Frontend architecture,Shared L0/L1,Retained,Explicit,High,Implementation Approach / L0 Stage 1,123,129,"The token dump renders wrapper structure while diagnostic emission remains owned by the parser, which dump mode does not run.",Render only logical recovered tokens | Emit diagnostics as a side effect of token dumping,The inspection surface shows the physical token model without violating single-emission routing.,docs/decisions/0009-logical-lexer-error-recovery-tokens-and-codepoint-columns.md | l0/docs/specs/compiler/stage1-contract.md,docs/decisions/0009-logical-lexer-error-recovery-tokens-and-codepoint-columns.md,DEA-CANON-0452,Directly covered,Covered,Yes,
DEA-DEC-0469,Plan,l1/work/plans/features/closed/2026-04-24-module-interface-emission-noref.md,D01,2026-06-13,The .l1m module-interface artifact is deterministic human-readable text rather than a binary arena dump.,CLI and distribution,,L1,Retained,Explicit,High,Defaults Chosen,60,63,The interface is a language-facing textual artifact.,Binary serialized compiler state,,l1/docs/specs/compiler/module-interface-format.md,l1/docs/decisions/0014-module-interface-artifact.md,DEA-CANON-0453,Directly covered,Covered,Yes,
DEA-DEC-0470,Plan,l1/work/plans/features/closed/2026-04-24-module-interface-emission-noref.md,D02,2026-06-13,Every .l1m file begins with module interface <name>;.,CLI and distribution,,L1,Retained,Explicit,High,Defaults Chosen,62,64,The artifact carries an explicit canonical module identity header.,,,l1/docs/specs/compiler/module-interface-format.md,l1/docs/decisions/0014-module-interface-artifact.md,DEA-CANON-0454,Directly covered,Covered,Yes,
DEA-DEC-0471,Plan,l1/work/plans/features/closed/2026-04-24-module-interface-emission-noref.md,D03,2026-06-13,The .l1m grammar reserves a fingerprint string field while hash semantics are defined separately.,CLI and distribution,,L1,Retained,Explicit,High,Defaults Chosen,63,65,Artifact shape and fingerprint policy are separate architectural responsibilities.,,,l1/docs/specs/compiler/module-interface-format.md,l1/docs/decisions/0014-module-interface-artifact.md | l1/docs/decisions/0019-whole-module-interface-fingerprints.md,DEA-CANON-0455,Directly covered,Covered,Yes,
DEA-DEC-0472,Plan,l1/work/plans/features/closed/2026-04-24-module-interface-emission-noref.md,D04,2026-06-13,Exported transparent structs and enums are serialized structurally so importers can reconstruct layout.,ABI and linking,,L1,Retained,Explicit,High,Defaults Chosen,66,66,The initial interface artifact carries public nominal layout.,Opaque names only,,l1/docs/specs/compiler/module-interface-format.md,l1/docs/decisions/0014-module-interface-artifact.md,DEA-CANON-0456,Directly covered,Covered,Yes,
DEA-DEC-0473,Plan,l1/work/plans/features/closed/2026-04-24-module-interface-emission-noref.md,D05,2026-06-13,Exported functions appear in .l1m as declarations ending in semicolons and never include bodies.,CLI and distribution,,L1,Retained,Explicit,High,Defaults Chosen,67,67,Interfaces expose callable signatures but no implementation.,,,l1/docs/specs/compiler/module-interface-format.md,l1/docs/decisions/0014-module-interface-artifact.md,DEA-CANON-0457,Directly covered,Covered,Yes,
DEA-DEC-0474,Plan,l1/work/plans/features/closed/2026-04-24-module-interface-emission-noref.md,D06,2026-06-13,Exported const declarations inline literal values in .l1m.,CLI and distribution,,L1,Retained,Explicit,High,Defaults Chosen,68,68,Compile-time constant values are part of the consumer-visible interface.,Type-only const records,,l1/docs/specs/compiler/module-interface-format.md,l1/docs/decisions/0014-module-interface-artifact.md,DEA-CANON-0458,Directly covered,Covered,Yes,
DEA-DEC-0475,Plan,l1/work/plans/features/closed/2026-04-24-module-interface-emission-noref.md,D07,2026-06-13,Exported let declarations carry types but not initializer values in .l1m.,CLI and distribution,,L1,Retained,Explicit,High,Defaults Chosen,68,68,Runtime storage is exposed by type only.,Serialize let initializer expressions,,l1/docs/specs/compiler/module-interface-format.md,l1/docs/decisions/0014-module-interface-artifact.md,DEA-CANON-0459,Directly covered,Covered,Yes,
DEA-DEC-0476,Plan,l1/work/plans/features/closed/2026-04-24-module-interface-emission-noref.md,D08,2026-06-13,Interface emission order is canonical and independent of source declaration order.,CLI and distribution,,L1,Retained,Explicit,High,Defaults Chosen,69,69,Equivalent semantic surfaces produce deterministic text.,Preserve source declaration order,,l1/docs/specs/compiler/module-interface-format.md,l1/docs/decisions/0014-module-interface-artifact.md,DEA-CANON-0460,Directly covered,Covered,Yes,
DEA-DEC-0477,Plan,l1/work/plans/features/closed/2026-04-24-module-interface-emission-noref.md,D09,2026-06-13,The source export manifest is omitted from .l1m; only the effective exported declarations are serialized.,CLI and distribution,,L1,Retained,Explicit,High,Defaults Chosen,70,73,Different source manifest spellings with the same public surface produce byte-identical interface text.,Serialize export syntax verbatim,,l1/docs/specs/compiler/module-interface-format.md,l1/docs/decisions/0014-module-interface-artifact.md,DEA-CANON-0461,Directly covered,Covered,Yes,
DEA-DEC-0478,Plan,l1/work/plans/features/closed/2026-04-24-module-interface-emission-noref.md,D10,2026-06-13,Stage 1 parses .l1m in a constrained mode that accepts only interface constructs.,Frontend architecture,,L1 Stage 1,Retained,Explicit,High,Phase 3: Interface parsing,101,105,Interface replay does not reuse unrestricted source parsing.,Parse interfaces as ordinary source modules,,l1/docs/specs/compiler/module-interface-format.md,l1/docs/decisions/0014-module-interface-artifact.md,DEA-CANON-0462,Directly covered,Covered,Yes,
DEA-DEC-0479,Plan,l1/work/plans/features/closed/2026-04-24-separate-compilation-driver-surface-noref.md,D01,2026-06-13,-c <module> and --compile <module> are the stable compile-only CLI spellings.,CLI and distribution,,Shared L0/L1,Retained,Explicit,High,Defaults Chosen,72,75,All current compiler stages reserve the conventional compile-only mode spelling.,Retain -c as host-C selection,,docs/specs/compiler/cli-contract.md,docs/decisions/0003-shared-cli-contract.md | l1/docs/decisions/0018-canonical-artifact-association-and-module-graph.md,DEA-CANON-0463,Directly covered,Covered,Yes,
DEA-DEC-0480,Plan,l1/work/plans/features/closed/2026-04-24-separate-compilation-driver-surface-noref.md,D02,2026-06-13,-I <dir> and --interface-path <dir> define the interface search path for compile-involving flows.,CLI and distribution,,Shared L0/L1,Retained,Explicit,High,Defaults Chosen,74,78,The conventional include-style short option is reassigned to module interfaces.,Use -I for runtime headers | Long option only,,docs/specs/compiler/cli-contract.md,docs/decisions/0003-shared-cli-contract.md | l1/docs/decisions/0018-canonical-artifact-association-and-module-graph.md,DEA-CANON-0464,Directly covered,Covered,Yes,
DEA-DEC-0481,Plan,l1/work/plans/features/closed/2026-04-24-separate-compilation-driver-surface-noref.md,D03,2026-06-13,Runtime include and library paths keep long options but move their short aliases from -I/-L to -Ri/-Rl.,CLI and distribution,,Shared L0/L1,Retained,Explicit,High,Defaults Chosen,75,80,The coordinated L0/L1 migration frees conventional linker and interface option spellings.,Keep historical -I and -L meanings,,docs/specs/compiler/cli-contract.md,docs/decisions/0003-shared-cli-contract.md,DEA-CANON-0465,Directly covered,Covered,Yes,
DEA-DEC-0482,Plan,l1/work/plans/features/closed/2026-04-24-separate-compilation-driver-surface-noref.md,D04,2026-06-13,"Dea-specific controls use semantic short namespaces, while conventional -g, -S, -L, and -l stay reserved until their normal capabilities land.",CLI and distribution,,Shared L0/L1,Retained,Explicit,High,Defaults Chosen,79,80,The CLI avoids assigning conventional compiler/linker flags unrelated meanings.,Reuse conventional flags for Dea-specific controls,,docs/specs/compiler/cli-contract.md,docs/decisions/0003-shared-cli-contract.md,DEA-CANON-0466,Directly covered,Covered,Yes,
DEA-DEC-0483,Plan,l1/work/plans/features/closed/2026-04-24-separate-compilation-driver-surface-noref.md,D05,2026-06-13,The compiler driver owns import-closure and build-graph computation rather than delegating it to scripts.,Frontend architecture,,L1 Stage 1,Retained,Explicit,High,Defaults Chosen,81,84,Dependency orchestration remains a compiler responsibility.,External build scripts compute module closure,,l1/docs/reference/architecture.md,l1/docs/decisions/0018-canonical-artifact-association-and-module-graph.md,DEA-CANON-0467,Directly covered,Covered,Yes,
DEA-DEC-0484,Plan,l1/work/plans/features/closed/2026-04-24-separate-compilation-driver-surface-noref.md,D06,2026-06-13,Semantic analysis and C generation can consume a supplied direct-provider .l1m without loading provider source.,Frontend architecture,,L1 Stage 1,Retained,Embedded,High,Phase 1: Direct `.l1m` import plumbing (completed),95,106,Direct interface replay establishes the source-independent consumer pipeline.,Always reparse provider source,,l1/docs/specs/compiler/module-interface-format.md | l1/docs/reference/architecture.md,l1/docs/decisions/0014-module-interface-artifact.md | l1/docs/decisions/0018-canonical-artifact-association-and-module-graph.md,DEA-CANON-0468,Directly covered,Covered,Yes,
DEA-DEC-0485,Plan,l1/work/plans/features/closed/2026-04-24-separate-compilation-driver-surface-noref.md,D07,2026-06-13,Interface replay preserves transparent nominal layout and keeps opaque imported nominals layout-hidden and pointer-only.,Type system,,L1,Retained,Explicit,High,Phase 1: Direct `.l1m` import plumbing (completed),97,106,Consumer capabilities follow the visibility state encoded by the provider interface.,Materialize all provider layouts | Treat every nominal as opaque,,l1/docs/specs/compiler/module-interface-format.md,l1/docs/decisions/0013-opaque-type-exports-and-layout-hiding-visibility.md,DEA-CANON-0469,Directly covered,Covered,Yes,
DEA-DEC-0486,Plan,l1/work/plans/features/closed/2026-04-24-separate-compilation-driver-surface-noref.md,D08,2026-06-13,Only interfaces selected by source imports are activated for semantic replay.,Frontend architecture,,L1 Stage 1,Retained,Embedded,High,Phase 1: Direct `.l1m` import plumbing (completed),116,120,Supplied-but-unimported interfaces do not inject symbols.,Activate every supplied interface,,l1/docs/reference/architecture.md,l1/docs/decisions/0018-canonical-artifact-association-and-module-graph.md,DEA-CANON-0470,Covered as part of a broader ADR,Covered,Yes,
DEA-DEC-0487,Plan,l1/work/plans/features/closed/2026-04-24-separate-compilation-driver-surface-noref.md,D09,2026-06-13,Dropping an imported opaque pointee is rejected because hidden owned fields require provider-side cleanup.,Ownership and memory safety,,L1,Retained,Embedded,High,Phase 1 review follow-up (completed 2026-07-13),131,137,Layout hiding also hides the information required for consumer-side destruction.,Generate incomplete consumer cleanup,,l1/docs/specs/compiler/module-interface-format.md,l1/docs/decisions/0013-opaque-type-exports-and-layout-hiding-visibility.md,DEA-CANON-0471,Directly covered,Covered,Yes,
DEA-DEC-0488,Plan,l1/work/plans/features/closed/2026-04-24-separate-compilation-driver-surface-noref.md,D10,2026-06-13,Source resolution searches system roots before project roots and preserves declaration order within each group.,Frontend architecture,,L1 Stage 1,Retained,Embedded,High,Phase 2: CLI option and mode design (completed 2026-07-16),175,179,Search precedence is deterministic across root classes and stable within a class.,Project roots before system roots | Filesystem order,,l1/docs/reference/architecture.md,l1/docs/decisions/0018-canonical-artifact-association-and-module-graph.md,DEA-CANON-0472,Covered as part of a broader ADR,Covered,Yes,The cited lines distinguish ordered -I storage from the existing system-before-project source resolver. The frozen summary incorrectly labeled the latter as interface-search precedence.
DEA-DEC-0489,Plan,l1/work/plans/features/closed/2026-06-13-opaque-type-exports-and-layout-hiding-noref.md,D01,2026-06-13,L1 opacity is a derived state of layout-hiding field visibility rather than a distinct type-system primitive.,Type system,Language semantics | ABI and linking,L1,Retained,Explicit,High,Summary,31,35,The plan adopts the ADR's layout-hiding model and derives opacity from the no-visible-fields endpoint.,Make opaque a separate type-system kind | Use name hiding only while exposing layout | Gate opaque handles behind unsafe,Deriving opacity from visibility makes interface projection and allowed operations follow one rule.,l1/docs/decisions/0013-opaque-type-exports-and-layout-hiding-visibility.md | l1/docs/specs/compiler/module-visibility-and-imports.md,l1/docs/decisions/0013-opaque-type-exports-and-layout-hiding-visibility.md | l1/docs/decisions/0009-module-visibility-exports-imports.md,DEA-CANON-0473,Directly covered,Covered,Yes,
DEA-DEC-0490,Plan,l1/work/plans/features/closed/2026-06-13-opaque-type-exports-and-layout-hiding-noref.md,D02,2026-06-13,"A public pointer type `U*` may cross an exported surface only when `U`'s nominal name is explicitly exported, opaque or transparent.",Type system,ABI and linking | Language semantics,L1,Retained,Explicit,High,Goal,51,57,The exported-surface rule accepts pointers at an opaque frontier but rejects pointers to unexported names.,Allow inference-only pointers to unexported types | Require pointees to be fully transparent,"A consumer can name and carry an opaque handle without needing its layout, but no undeclared type may leak into an interface.",l1/docs/decisions/0013-opaque-type-exports-and-layout-hiding-visibility.md | l1/docs/specs/compiler/module-visibility-and-imports.md,l1/docs/decisions/0013-opaque-type-exports-and-layout-hiding-visibility.md,DEA-CANON-0474,Directly covered,Covered,Yes,
DEA-DEC-0491,Plan,l1/work/plans/features/closed/2026-06-13-opaque-type-exports-and-layout-hiding-noref.md,D03,2026-06-13,A type used by value in an exported signature or visible aggregate field must be transparent; opaque and unexported by-value types are rejected.,Type system,ABI and linking | Language semantics,L1,Retained,Explicit,High,Goal,51,57,The exported-surface rule independently distinguishes layout-requiring by-value use from pointer use.,Permit sized opaque by-value use | Emit private layout implicitly | Allow unsafe by-value opaque use,Separate compilation cannot represent or manipulate a by-value type whose layout is absent from the interface.,l1/docs/decisions/0013-opaque-type-exports-and-layout-hiding-visibility.md | l1/docs/specs/compiler/module-visibility-and-imports.md,l1/docs/decisions/0013-opaque-type-exports-and-layout-hiding-visibility.md,DEA-CANON-0475,Directly covered,Covered,Yes,
DEA-DEC-0492,Plan,l1/work/plans/features/closed/2026-06-13-opaque-type-exports-and-layout-hiding-noref.md,D04,2026-06-13,"Transparent aggregate exports require a transparent by-value layout closure, while pointer fields stop traversal at an exported nominal frontier.",Type system,ABI and linking | Semantic analysis,L1,Retained,Explicit,High,Implementation Phases / Exported-surface typing rule,69,74,The checker follows by-value field edges and stops at pointer pointees after verifying name visibility.,Check only direct field names | Recursively require pointer pointees to be transparent | Allow unexported intermediaries,One-level enforcement composes transitively and makes every emitted transparent layout self-contained.,l1/docs/decisions/0013-opaque-type-exports-and-layout-hiding-visibility.md | l1/docs/specs/compiler/module-visibility-and-imports.md,l1/docs/decisions/0013-opaque-type-exports-and-layout-hiding-visibility.md,DEA-CANON-0476,Directly covered,Covered,Yes,
DEA-DEC-0493,Plan,l1/work/plans/features/closed/2026-06-13-opaque-type-exports-and-layout-hiding-noref.md,D05,2026-06-13,An `.l1m` interface projects opaque types as explicit name-only declarations and transparent types as full definitions.,ABI and linking,Type system | CLI and distribution,L1,Retained,Explicit,High,Implementation Phases / Interface projection,76,88,Opaque structs/enums round-trip as bodyless opaque declarations; ordinary bodyless nominal declarations are invalid.,Omit opaque names entirely | Emit full hidden layouts | Use an out-of-band interface visibility table only,The interface is self-contained while exposing exactly the layout authorized by the export surface.,l1/docs/decisions/0013-opaque-type-exports-and-layout-hiding-visibility.md | l1/docs/specs/compiler/module-interface-format.md,l1/docs/decisions/0013-opaque-type-exports-and-layout-hiding-visibility.md | l1/docs/decisions/0014-module-interface-artifact.md,DEA-CANON-0477,Directly covered,Covered,Yes,
DEA-DEC-0494,Plan,l1/work/plans/features/closed/2026-06-13-opaque-type-exports-and-layout-hiding-noref.md,D06,2026-06-13,The implemented visibility model supports only transparent and fully opaque endpoints; mixed or partial field visibility is rejected pending a later offset-versus-accessor decision.,Type system,ABI and linking,L1,Retained,Explicit,High,Goal / Non-Goals,58,60,The plan explicitly rejects the partially visible middle rung rather than silently assigning it an ABI.,Expose selected field offsets | Generate accessor thunks | Support declaration-site field visibility immediately,Partial visibility would prematurely fix ABI layout/accessor policy that the endpoint model does not need.,l1/docs/decisions/0013-opaque-type-exports-and-layout-hiding-visibility.md | l1/docs/specs/compiler/module-visibility-and-imports.md,l1/docs/decisions/0013-opaque-type-exports-and-layout-hiding-visibility.md,DEA-CANON-0478,Directly covered,Covered,Yes,
DEA-DEC-0495,Plan,l1/work/plans/features/closed/2026-06-13-opaque-type-exports-and-layout-hiding-noref.md,D07,2026-06-13,Enum visibility is all-or-none: per-variant visibility is not part of the opaque-export model.,Type system,ABI and linking | Language semantics,L1,Retained,Explicit,High,Non-Goals,107,113,The plan deliberately keeps enums at transparent-all-variants or opaque-no-variants endpoints.,Export selected variants | Hide payload layout while exposing tags,"Variants determine enum layout and construction/matching surface, so the first model keeps them coherent as a unit.",l1/docs/decisions/0013-opaque-type-exports-and-layout-hiding-visibility.md | l1/docs/specs/compiler/module-visibility-and-imports.md,l1/docs/decisions/0013-opaque-type-exports-and-layout-hiding-visibility.md,DEA-CANON-0479,Directly covered,Covered,Yes,
DEA-DEC-0496,Plan,l1/work/plans/features/closed/2026-06-13-opaque-type-exports-and-layout-hiding-noref.md,D08,2026-06-13,"The grouped source form `export opaque { T, ... }` exports nominal names while hiding all of their fields or variants.",Language syntax,Type system | ABI and linking,L1,Retained,Explicit,High,Summary / Goal,31,35,The plan selects grouped export-opaque syntax as sugar for the fully layout-hidden visibility endpoint.,Attach opaque to each type declaration | Use `export T hiding { ... }` | Infer opacity from pointer-only use,The grouped manifest spelling makes name export deliberate while preserving ordinary transparent `export T` behavior.,l1/docs/decisions/0013-opaque-type-exports-and-layout-hiding-visibility.md | l1/docs/specs/compiler/module-visibility-and-imports.md,l1/docs/decisions/0013-opaque-type-exports-and-layout-hiding-visibility.md,DEA-CANON-0480,Directly covered,Covered,Yes,
DEA-DEC-0497,Plan,l1/work/plans/features/closed/2026-06-13-opaque-type-exports-and-layout-hiding-noref.md,D09,2026-06-13,"Importers may name, hold, pass, and return pointers to an opaque nominal, but operations requiring its hidden layout—field access, dereference, construction, allocation, or by-value use—are rejected.",Language semantics,Type system | ABI and linking,L1,Retained,Explicit,High,Completion Notes / Verification Criteria,103,120,"Opaque pointer round trips work across modules, while imported field access, construction, allocation, and by-value use fail.",Make opaque names entirely unusable to consumers | Permit unsafe layout access | Expose size and alignment as a sized-opaque middle state,Opaque pointers support safe handle APIs without exposing or inventing a consumer-side representation.,l1/docs/decisions/0013-opaque-type-exports-and-layout-hiding-visibility.md | l1/docs/specs/compiler/module-visibility-and-imports.md,l1/docs/decisions/0013-opaque-type-exports-and-layout-hiding-visibility.md,DEA-CANON-0481,Directly covered,Covered,Yes,
DEA-DEC-0498,Plan,l1/work/plans/features/closed/2026-06-17-stage1-const-value-grammar-contexts-noref.md,D01,2026-06-17,Fixed-array-bound source syntax accepts integer literals plus visible local or qualified `const` references.,Language syntax,Type system | Semantic analysis,L1,Retained,Explicit,High,Constant-expression contexts,105,120,The direct array-bound grammar grows from integer literals to identifiers and qualified identifiers naming visible constants.,Require integer literals only | Accept arbitrary expressions directly in the bound grammar | Accept only unqualified constant names,Named bounds improve maintainability while the existing positive-int semantic constraint continues to determine array layout.,l1/docs/decisions/0016-compile-time-constant-value-contexts.md | l1/docs/decisions/0011-fixed-size-array-policy.md | l1/docs/reference/grammar.md,l1/docs/decisions/0016-compile-time-constant-value-contexts.md | l1/docs/decisions/0011-fixed-size-array-policy.md,DEA-CANON-0386,Directly covered,Covered,Yes,
DEA-DEC-0499,Plan,l1/work/plans/features/closed/2026-06-17-stage1-const-value-grammar-contexts-noref.md,D02,2026-06-17,Case-arm value syntax accepts the existing literals plus visible local or qualified `const` references.,Language syntax,Language semantics | Type system,L1,Retained,Explicit,High,Constant-expression contexts,105,120,The direct case-value grammar grows to identifiers and qualified identifiers while existing semantic comparability rules remain in force.,Keep literal-only case arms | Accept arbitrary runtime expressions | Accept only unqualified constant names,Named constants compose with equality-based case semantics without admitting runtime-dependent arm expressions.,l1/docs/decisions/0016-compile-time-constant-value-contexts.md | l1/docs/reference/grammar.md | l1/docs/reference/design-decisions.md,l1/docs/decisions/0016-compile-time-constant-value-contexts.md,DEA-CANON-0482,Directly covered,Covered,Yes,
DEA-DEC-0500,Plan,l1/work/plans/features/closed/2026-06-17-stage1-const-value-grammar-contexts-noref.md,D03,2026-06-17,"L1 defines separate constant-expression domains for array bounds, case arms, const initializers, and serialized interface constants instead of one universal constexpr rule.",Language semantics,Type system | ABI and linking,L1,Retained,Explicit,High,Constant-expression contexts,105,114,The design explicitly assigns different accepted value domains to four constant contexts.,Use one undifferentiated constexpr grammar and semantic domain | Permit everything accepted by const initializers in every constant context,"Each consumer has distinct layout, comparability, and serialization constraints.",l1/docs/decisions/0016-compile-time-constant-value-contexts.md | l1/docs/reference/design-decisions.md,l1/docs/decisions/0016-compile-time-constant-value-contexts.md,DEA-CANON-0483,Directly covered,Covered,Yes,
DEA-DEC-0501,Plan,l1/work/plans/features/closed/2026-06-17-stage1-const-value-grammar-contexts-noref.md,D04,2026-06-17,One reusable semantic `ConstValue` evaluator resolves literals and visible local or qualified const references for every constant-value consumer.,Semantic analysis,Type system | Frontend architecture,L1 Stage 1,Retained,Explicit,High,Const evaluator,185,200,A shared evaluator entry point recursively resolves the literal and const-reference subset instead of duplicating logic by context.,Implement context-specific literal/name evaluators | Let each backend interpret const syntax independently | Forbid const-to-const references,One evaluator gives all consumers consistent values and creates an extensible boundary for later operators.,l1/docs/decisions/0016-compile-time-constant-value-contexts.md | l1/docs/reference/architecture.md,l1/docs/decisions/0016-compile-time-constant-value-contexts.md,DEA-CANON-0484,Directly covered,Covered,Yes,
DEA-DEC-0502,Plan,l1/work/plans/features/closed/2026-06-17-stage1-const-value-grammar-contexts-noref.md,D05,2026-06-17,"Array bounds are resolved to concrete numeric lengths before semantic types, generated ABI, and `.l1m` signatures; symbolic bound names are not preserved there.",ABI and linking,Type system | Backend and C emission,L1,Retained,Explicit,High,Interface/Import Considerations,370,375,"Interfaces emit a resolved numeric length such as string[25], not the source constant name string[NUM_LANG].",Preserve symbolic bound expressions in interfaces | Defer bound resolution until C emission | Represent variable-length ABI arrays,"Concrete lengths keep type identity, layout, and separately compiled interfaces deterministic.",l1/docs/decisions/0011-fixed-size-array-policy.md | l1/docs/decisions/0016-compile-time-constant-value-contexts.md | l1/docs/specs/compiler/module-interface-format.md,l1/docs/decisions/0011-fixed-size-array-policy.md | l1/docs/decisions/0016-compile-time-constant-value-contexts.md,DEA-CANON-0485,Directly covered,Covered,Yes,
DEA-DEC-0503,Plan,l1/work/plans/features/closed/2026-06-17-stage1-const-value-grammar-contexts-noref.md,D06,2026-06-17,"Duplicate case-arm detection compares evaluated constant values, so distinct constant names denoting the same value conflict.",Language semantics,Semantic analysis | Diagnostics and recovery,L1,Retained,Explicit,High,Semantic case-arm checking,228,235,The checker extends duplicate-arm rejection to const-evaluated values rather than comparing source spelling or symbol identity.,Treat different constant names as distinct arms | Detect duplicates only among literals | Permit duplicates and select the first arm,"Case dispatch depends on runtime value equality, not the provenance or spelling of the arm value.",l1/docs/decisions/0016-compile-time-constant-value-contexts.md | l1/docs/reference/design-decisions.md,l1/docs/decisions/0016-compile-time-constant-value-contexts.md,DEA-CANON-0486,Directly covered,Covered,Yes,
DEA-DEC-0504,Plan,l1/work/plans/features/closed/2026-06-17-stage1-const-value-grammar-contexts-noref.md,D07,2026-06-17,Direct or indirect cycles among compile-time const references are rejected with a semantic cycle diagnostic.,Semantic analysis,Language semantics | Diagnostics and recovery,L1,Retained,Explicit,High,Const evaluator,197,205,Recursive const-reference evaluation tracks active definitions and treats A-to-B-to-A recursion as SIG-0201 rather than a value.,Forbid every const-to-const reference | Accept cycles with an implementation-defined value | Fail with the generic non-constant diagnostic only,Recursive references need a deterministic invalid-program rule and must not recurse indefinitely in the compiler.,l1/docs/decisions/0016-compile-time-constant-value-contexts.md | docs/specs/compiler/diagnostic-code-catalog.md,l1/docs/decisions/0016-compile-time-constant-value-contexts.md,DEA-CANON-0487,Directly covered,Covered,Yes,
DEA-DEC-0505,Plan,l1/work/plans/features/closed/2026-06-18-stage1-const-scalar-casts-noref.md,D01,2026-06-18,Compile-time casts cover every L1 integer family and require exact target-range validity; out-of-range values are rejected rather than wrapped.,Language semantics,Type system | Diagnostics and recovery,L1,Retained,Explicit,High,Defaults Chosen,47,50,The selected integer targets span tiny through ulong and use TYP-0700 instead of wraparound.,Permit only int casts | Use modular narrowing semantics | Forbid casts in const expressions,Compile-time conversion must agree with checked integer semantics and produce one exact target value.,l1/docs/decisions/0016-compile-time-constant-value-contexts.md | l1/docs/reference/design-decisions.md,l1/docs/decisions/0016-compile-time-constant-value-contexts.md | l1/docs/decisions/0004-wide-integer-types.md,DEA-CANON-0488,Directly covered,Covered,Yes,
DEA-DEC-0506,Plan,l1/work/plans/features/closed/2026-06-18-stage1-const-scalar-casts-noref.md,D02,2026-06-18,Compile-time real casts support only `float` to/from `double`; integer-to-real and real-to-integer casts remain outside the const-expression subset.,Language semantics,Type system,L1,Retained,Explicit,High,Defaults Chosen,51,52,The real conversion domain is deliberately limited to float/double conversion and excludes integer/real crossings.,Support every runtime numeric cast at compile time | Support no real casts | Permit only widening float-to-double casts,The narrow subset reuses established real-literal representation without settling broader compile-time numeric conversion policy.,l1/docs/decisions/0016-compile-time-constant-value-contexts.md | l1/docs/decisions/0005-floating-point-semantics.md,l1/docs/decisions/0016-compile-time-constant-value-contexts.md | l1/docs/decisions/0005-floating-point-semantics.md,DEA-CANON-0489,Directly covered,Covered,Yes,
DEA-DEC-0507,Plan,l1/work/plans/features/closed/2026-06-18-stage1-const-scalar-casts-noref.md,D03,2026-06-18,Compile-time bool and string casts are identity-only.,Language semantics,Type system,L1,Retained,Explicit,High,Defaults Chosen,53,53,The selected scalar subset permits bool-to-bool and string-to-string casts but no conversion between those families.,Permit truthiness conversions to bool | Permit compile-time stringification | Exclude bool and string casts entirely,Identity casts preserve type-directed source forms without inventing new compile-time conversions.,l1/docs/decisions/0016-compile-time-constant-value-contexts.md | l1/docs/reference/design-decisions.md,l1/docs/decisions/0016-compile-time-constant-value-contexts.md,DEA-CANON-0490,Directly covered,Covered,Yes,
DEA-DEC-0508,Plan,l1/work/plans/features/closed/2026-06-18-stage1-const-scalar-casts-noref.md,D04,2026-06-18,Exported cast constants serialize in `.l1m` as folded target-typed literals rather than preserving cast expression syntax.,ABI and linking,Backend and C emission | CLI and distribution,L1,Retained,Explicit,High,Defaults Chosen,54,54,"The interface artifact records the result value and target type, not the source cast AST.",Preserve cast expressions in module interfaces | Reject exported constants initialized by casts | Serialize compiler-private constant bytecode,Value serialization keeps interface consumers independent of evaluator syntax and implementation details.,l1/docs/decisions/0016-compile-time-constant-value-contexts.md | l1/docs/specs/compiler/module-interface-format.md,l1/docs/decisions/0016-compile-time-constant-value-contexts.md | l1/docs/decisions/0014-module-interface-artifact.md,DEA-CANON-0491,Directly covered,Covered,Yes,
DEA-DEC-0509,Plan,l1/work/plans/features/closed/2026-06-18-stage1-const-scalar-casts-noref.md,D05,2026-06-18,"Nullable, pointer, and aggregate casts are excluded from L1's compile-time constant-expression subset.",Type system,Language semantics,L1,Retained,Explicit,High,Defaults Chosen,51,52,"The cast tranche explicitly leaves nullable, pointer, and aggregate conversions for future work.",Mirror every runtime cast in constant evaluation | Admit null-pointer constants only | Allow aggregate reinterpretation during compilation,"The first const-cast surface remains scalar and avoids defining compile-time pointer identity, nullability, or aggregate conversion semantics.",l1/docs/decisions/0016-compile-time-constant-value-contexts.md | l1/docs/reference/design-decisions.md,l1/docs/decisions/0016-compile-time-constant-value-contexts.md,DEA-CANON-0492,Directly covered,Covered,Yes,
DEA-DEC-0510,Plan,work/plans/bug-fixes/closed/2026-06-22-shared-for-header-and-statement-flow-safety-noref.md,D01,2026-06-22,"For initialization and update headers retain ordinary abrupt simple statements—return, break, continue, and drop—rather than being restricted to non-abrupt BasicStmt forms.",Language syntax,Language semantics,Shared L0/L1,Retained,Explicit,High,Summary / Semantics / Non-Goals,39,62,The final grammar keeps non-declaration simple statements in both header positions and explicitly rejects the proposed ban on abrupt statements.,Restrict headers to assignment and expression statements | Allow only expressions in update position,The language keeps one coherent simple-statement surface and defines control-flow behavior instead of banning it.,l0/docs/reference/grammar.md | l1/docs/reference/grammar.md,,DEA-CANON-0493,Not covered,"Candidate P0 ADR: for-header control flow, liveness, and cleanup semantics",Yes,
DEA-DEC-0511,Plan,work/plans/bug-fixes/closed/2026-06-22-shared-for-header-and-statement-flow-safety-noref.md,D02,2026-06-22,"A for initialization may declare a local, but the update clause rejects declarations: `let` uses PAR-0145 and L1 local `const` uses PAR-0263.",Language syntax,Diagnostics and recovery,Shared L0/L1,Retained,Explicit,High,Semantics,57,62,The plan preserves update-only declaration rejection while leaving the initialization on the broader SimpleStmt grammar.,Permit declarations in both header positions | Reject declarations in both header positions,Initialization creates loop-scoped bindings; repeated update execution does not create a new declaration scope each iteration.,l0/docs/reference/grammar.md | l1/docs/reference/grammar.md | docs/specs/compiler/diagnostic-code-catalog.md,,DEA-CANON-0494,Not covered,"Candidate P0 ADR: for-header control flow, liveness, and cleanup semantics",Yes,
DEA-DEC-0512,Plan,work/plans/bug-fixes/closed/2026-06-22-shared-for-header-and-statement-flow-safety-noref.md,D03,2026-06-22,"Break and continue executed in a for initialization or update clause target the enclosing loop context, not the loop whose header is still being executed; absent an enclosing loop they are invalid.",Language semantics,Semantic analysis | Backend and C emission,Shared L0/L1,Retained,Explicit,High,Semantics,55,59,Both header execution points are explicitly outside the inner loop's active control context.,Target the for loop being initialized or updated | Ban loop control in headers,The inner loop cannot receive control before initialization or after update has already entered its own continuation path.,l0/docs/reference/grammar.md | l1/docs/reference/grammar.md | l0/docs/reference/ownership.md | l1/docs/reference/ownership.md,,DEA-CANON-0495,Not covered,"Candidate P0 ADR: for-header control flow, liveness, and cleanup semantics",Yes,
DEA-DEC-0513,Plan,work/plans/bug-fixes/closed/2026-06-22-shared-for-header-and-statement-flow-safety-noref.md,D04,2026-06-22,For executes initialization once before the inner loop is active; update runs after body fallthrough or an inner-body continue and before the next condition check.,Language semantics,Backend and C emission,Shared L0/L1,Retained,Explicit,High,Semantics,57,61,The plan fixes the runtime order and the destination of body-level continue.,Check the condition before initialization | Skip update after continue | Run update after the next condition,A single explicit ordering eliminates self-looping update-continue behavior and stage divergence.,l0/docs/reference/grammar.md | l1/docs/reference/grammar.md,,DEA-CANON-0496,Not covered,"Candidate P0 ADR: for-header control flow, liveness, and cleanup semantics",Yes,
DEA-DEC-0514,Plan,work/plans/bug-fixes/closed/2026-06-22-shared-for-header-and-statement-flow-safety-noref.md,D05,2026-06-22,For-loop definite liveness assumes the body may execute zero times; a binding is usable only if alive on every path reaching the use.,Ownership and memory safety,Semantic analysis,Shared L0/L1,Retained,Explicit,High,Semantics,63,64,The plan selects conservative all-path liveness with a zero-iteration path.,Assume one iteration for liveness | Treat any backedge assignment as reviving a binding after the loop,"A condition may be false initially, so body-only effects cannot establish post-loop safety.",l0/docs/reference/ownership.md | l1/docs/reference/ownership.md,,DEA-CANON-0497,Not covered,Candidate P0 ADR: definite drop-liveness and loop fixed points,Yes,
DEA-DEC-0515,Plan,work/plans/bug-fixes/closed/2026-06-22-shared-for-header-and-statement-flow-safety-noref.md,D06,2026-06-22,Assignment to a dropped bare local revives the binding only after the right-hand side has been validated and evaluated.,Ownership and memory safety,Semantic analysis | Language semantics,Shared L0/L1,Retained,Explicit,High,Implementation,68,72,Bare-target revival is delayed so `p = p` cannot use the destination's newly revived state to validate its own RHS.,Revive at assignment entry | Never allow reassignment to revive a dropped local,"Fresh assignment can restore liveness, but the old dead value cannot be read to construct that assignment.",l0/docs/reference/ownership.md | l1/docs/reference/ownership.md,docs/decisions/0002-arc-ownership-model.md,DEA-CANON-0498,Partially covered,Candidate P0 ADR: definite drop-liveness and loop fixed points,Yes,
DEA-DEC-0516,Plan,work/plans/bug-fixes/closed/2026-06-22-shared-for-header-and-statement-flow-safety-noref.md,D07,2026-06-22,"A definite return from for initialization contributes to function definite-return analysis, but returns in the body or update do not because the loop may execute zero times.",Semantic analysis,Language semantics,Shared L0/L1,Retained,Explicit,High,Implementation,76,77,The plan propagates guaranteed initialization returns but refuses to treat zero-iteration regions as guaranteed.,Ignore every header return in definite-return analysis | Treat body/update returns as guaranteed,"Initialization always executes, while body and update execution depend on the condition and control path.",l0/docs/reference/grammar.md | l1/docs/reference/grammar.md,,DEA-CANON-0499,Not covered,"Candidate P0 ADR: for-header control flow, liveness, and cleanup semantics",Yes,
DEA-DEC-0517,Plan,work/plans/bug-fixes/closed/2026-06-22-shared-for-header-and-statement-flow-safety-noref.md,D08,2026-06-22,"Definite-return analysis recognizes returns from established `with` header, inline-cleanup, cleanup-block, and body forms while honoring cleanup's ability to replace a pending exit.",Semantic analysis,Language semantics | Ownership and memory safety,Shared L0/L1,Retained,Explicit,High,Semantics / Implementation,65,77,The analyzer propagates definite returns from all established with forms according to the existing pending-exit and cleanup-precedence semantics.,Ignore returns originating in with headers or cleanup | Always preserve the pending exit even when cleanup exits abruptly | Treat any syntactic return inside with as definite,Definite-return facts must reflect the actual cleanup-mediated control transfer rather than the source position of a return statement.,l0/docs/decisions/0010-with-statement-cleanup.md | l0/docs/reference/ownership.md | l1/docs/reference/ownership.md,l0/docs/decisions/0010-with-statement-cleanup.md,DEA-CANON-0500,Partially covered,"Candidate P0 ADR: shared for-header flow, liveness, and cleanup semantics",Yes,
DEA-DEC-0518,Plan,l1/work/plans/features/closed/2026-06-24-stage1-scalar-const-expression-flow-noref.md,D01,2026-06-24,"Compile-time arithmetic and unary negation are limited to checked Dea 32-bit `int` payloads; bigint, real, string, aggregate, pointer, and nullable arithmetic remain unsupported.",Language semantics,Type system,L1,Retained,Explicit,High,Defaults Chosen,64,68,The arithmetic tranche deliberately selects checked 32-bit int operations and defers every broader value family.,Use arbitrary-precision compile-time arithmetic | Fold every runtime numeric operator | Keep const initializers literal-and-cast only,A bounded evaluator can mirror existing int runtime rules without prematurely defining general constexpr behavior.,l1/docs/decisions/0016-compile-time-constant-value-contexts.md | l1/docs/reference/design-decisions.md,l1/docs/decisions/0016-compile-time-constant-value-contexts.md,DEA-CANON-0501,Directly covered,Covered,Yes,
DEA-DEC-0519,Plan,l1/work/plans/features/closed/2026-06-24-stage1-scalar-const-expression-flow-noref.md,D02,2026-06-24,"Compile-time bitwise and shift operators accept only non-negative 32-bit `int` payloads, and bitwise complement remains bounded by the same domain.",Language semantics,Type system,L1,Retained,Explicit,High,Defaults Chosen,69,70,"Bitwise &, |, ^, shifts, and complement use a deliberately narrower non-negative bounded-int policy.",Apply signed two's-complement bitwise semantics | Use arbitrary-precision bitwise values | Exclude all bitwise const folding,The restriction avoids host-dependent signed representations and unbounded complement values.,l1/docs/decisions/0016-compile-time-constant-value-contexts.md | l1/docs/reference/design-decisions.md,l1/docs/decisions/0016-compile-time-constant-value-contexts.md,DEA-CANON-0502,Directly covered,Covered,Yes,
DEA-DEC-0520,Plan,l1/work/plans/features/closed/2026-06-24-stage1-scalar-const-expression-flow-noref.md,D03,2026-06-24,"Compile-time `&&` and `||` use short-circuit evaluation, so an unreachable non-constant or invalid operand does not invalidate the constant initializer.",Language semantics,Semantic analysis | Diagnostics and recovery,L1,Retained,Explicit,High,Defaults Chosen,71,72,The evaluator deliberately skips unreachable boolean operands and diagnoses only reachable invalid ones.,Eagerly evaluate both operands | Reject boolean operators in const initializers | Suppress errors in all operands after one constant side,Compile-time evaluation must preserve the language's runtime short-circuit semantics.,l1/docs/decisions/0016-compile-time-constant-value-contexts.md | l1/docs/reference/design-decisions.md,l1/docs/decisions/0016-compile-time-constant-value-contexts.md,DEA-CANON-0503,Directly covered,Covered,Yes,
DEA-DEC-0521,Plan,l1/work/plans/features/closed/2026-06-24-stage1-scalar-const-expression-flow-noref.md,D04,2026-06-24,The scalar constant subset folds unary logical not over supported boolean values.,Language semantics,Type system,L1,Retained,Explicit,High,Completion Notes,49,52,Unary ! is one of the shipped constant-expression operators.,Limit constant booleans to literals | Defer unary logical operations | Treat ! as runtime-only,Logical negation lets compile-time booleans compose without expanding into general constexpr execution.,l1/docs/decisions/0016-compile-time-constant-value-contexts.md | l1/docs/reference/design-decisions.md,l1/docs/decisions/0016-compile-time-constant-value-contexts.md,DEA-CANON-0504,Directly covered,Covered,Yes,
DEA-DEC-0522,Plan,l1/work/plans/features/closed/2026-06-24-stage1-scalar-const-expression-flow-noref.md,D05,2026-06-24,"Overflow, invalid shifts, divide/modulo by zero, unsupported value families, and reachable non-constant operands make a const expression non-evaluable and diagnostic-producing rather than causing a compiler failure.",Diagnostics and recovery,Language semantics | Semantic analysis,L1 Stage 1,Retained,Explicit,High,Completion Notes,53,54,"Invalid and unsupported operations remain ordinary non-evaluable constant inputs, never internal compiler failures.",Adopt host arithmetic behavior | Treat invalid constant operations as compiler panics | Wrap overflow and continue,User source errors need deterministic language diagnostics and must not escape into implementation failure modes.,l1/docs/decisions/0016-compile-time-constant-value-contexts.md | docs/specs/compiler/diagnostic-code-catalog.md,l1/docs/decisions/0016-compile-time-constant-value-contexts.md | docs/decisions/0005-diagnostic-code-catalog.md,DEA-CANON-0505,Covered as part of a broader ADR,Covered,Yes,
DEA-DEC-0523,Plan,l1/work/plans/features/closed/2026-06-24-stage1-scalar-const-expression-flow-noref.md,D06,2026-06-24,Accepted scalar const expressions serialize in `.l1m` as folded literals; source expression syntax is not preserved.,ABI and linking,Backend and C emission,L1,Retained,Explicit,High,Defaults Chosen,73,74,Module interfaces consume the evaluator's folded value instead of carrying expression syntax.,Serialize expression trees in interfaces | Reject exported constants with nonliteral source initializers | Serialize compiler-private evaluator bytecode,Canonical literal output gives separately compiled consumers a stable value contract without embedding evaluator semantics in artifacts.,l1/docs/decisions/0016-compile-time-constant-value-contexts.md | l1/docs/specs/compiler/module-interface-format.md,l1/docs/decisions/0016-compile-time-constant-value-contexts.md | l1/docs/decisions/0014-module-interface-artifact.md,DEA-CANON-0506,Directly covered,Covered,Yes,
DEA-DEC-0524,Plan,l1/work/plans/features/closed/2026-06-24-stage1-scalar-const-expression-flow-noref.md,D07,2026-06-24,"A visible top-level const bool determines `if`, `while`, and `for` liveness, but a shadowing local binding keeps the condition dynamic.",Semantic analysis,Language semantics | Ownership and memory safety,L1 Stage 1,Retained,Explicit,High,Completion Notes,57,58,Flow analysis consumes known top-level const booleans while respecting lexical shadowing as a runtime value.,Ignore named constants in liveness | Treat any same-spelled local as the top-level constant | Fold only literal conditions,"Flow facts follow resolved symbols and values, not token spelling, and improve definite-return and ownership analysis.",l1/docs/decisions/0016-compile-time-constant-value-contexts.md | l1/docs/reference/design-decisions.md,l1/docs/decisions/0016-compile-time-constant-value-contexts.md,DEA-CANON-0507,Directly covered,Covered,Yes,
DEA-DEC-0525,Plan,l1/work/plans/features/closed/2026-06-24-stage1-scalar-const-expression-flow-noref.md,D08,2026-06-24,Branches proven dead by constant-boolean flow still undergo ordinary type checking; only impossible liveness paths are removed.,Semantic analysis,Diagnostics and recovery | Language semantics,L1 Stage 1,Retained,Explicit,High,Completion Notes,59,60,Constant flow suppresses impossible reachability effects but does not turn dead branches into unchecked source.,Skip all semantic analysis of dead branches | Report all liveness effects as though both branches execute | Reject dead branches outright,Static validity remains independent of runtime reachability while ownership and definite-return facts use known control flow.,l1/docs/decisions/0016-compile-time-constant-value-contexts.md | l1/docs/reference/design-decisions.md,l1/docs/decisions/0016-compile-time-constant-value-contexts.md,DEA-CANON-0508,Directly covered,Covered,Yes,
DEA-DEC-0526,Plan,l1/work/plans/features/closed/2026-06-24-stage1-scalar-const-expression-flow-noref.md,D09,2026-06-24,The scalar constant subset folds equality and ordering comparisons over supported scalar values.,Language semantics,Type system,L1,Retained,Explicit,High,Completion Notes,49,52,Scalar equality and comparison are independently included in the shipped bounded evaluator.,Fold equality but not ordering | Defer all comparison folding | Allow comparison of unsupported aggregate or pointer values,Comparison-produced booleans let named constants participate coherently in flow analysis and other constant contexts.,l1/docs/decisions/0016-compile-time-constant-value-contexts.md | l1/docs/reference/design-decisions.md,l1/docs/decisions/0016-compile-time-constant-value-contexts.md,DEA-CANON-0509,Directly covered,Covered,Yes,
DEA-DEC-0527,Plan,l1/work/plans/features/closed/2026-06-30-runtime-pointer-access-validation-noref.md,D01,2026-06-30,L1 keeps the per-site pointer-check fast path `static inline` in its public runtime header while exporting slow-path and string-tracking helpers through both normal and traced archive manifests.,ABI and linking,Runtime | Ownership and memory safety,L1 Stage 1,Retained,Explicit,High,Implementation,34,36,"The hot cache lookup remains header-inline, while miss handling and tracking helpers are archive symbols in both runtime variants.",Put every check behind an archive call | Inline the entire tracker implementation in the public header | Expose helpers only in the normal archive,This split preserves call-site caching performance and L1's archive-based runtime ABI across traced and untraced builds.,docs/decisions/0010-checked-runtime-pointer-access-validation.md | l1/compiler/shared/runtime/include/dea_rt.h | l1/docs/reference/architecture.md,docs/decisions/0010-checked-runtime-pointer-access-validation.md,DEA-CANON-0510,Covered as part of a broader ADR,Covered,Yes,
DEA-DEC-0528,Plan,work/plans/features/closed/2026-06-30-shared-editor-support-noref.md,D01,2026-06-30,L0 and L1 editor tooling is maintained in one shared repository package under `editors/`.,Repository and process architecture,CLI and distribution,Repository/tooling,Retained,Explicit,High,Defaults Chosen,76,80,The plan selects one editors tree for both language levels instead of separate packages.,Separate repositories per level | Separate in-repository packages with duplicated infrastructure,The language levels share enough syntax and tooling infrastructure that one package avoids drift and duplication.,editors/README.md,docs/decisions/0004-monorepo-directory-structure.md,DEA-CANON-0511,Partially covered,Candidate P2 ADR: editor integration architecture and public identities,Yes,
DEA-DEC-0529,Plan,work/plans/features/closed/2026-06-30-shared-editor-support-noref.md,D02,2026-06-30,"The baseline editor stack is syntax and navigation tooling—TextMate, Tree-sitter, Vim/Emacs fallbacks, and Ctags—while LSP and semantic services are deferred.",Repository and process architecture,CLI and distribution,Repository/tooling,Retained,Explicit,High,Summary,43,55,"The first supported stack is native grammar/index support; diagnostics, completion, hover, navigation semantics, and compiler JSON belong to a later plan.",Start with an LSP | Piggyback on C highlighting only | Ship only a VS Code grammar,Useful cross-editor support can ship without prematurely defining a compiler service protocol.,editors/README.md,,DEA-CANON-0512,Not covered,Candidate P2 ADR: editor integration architecture and public identities,Yes,
DEA-DEC-0530,Plan,work/plans/features/closed/2026-06-30-shared-editor-support-noref.md,D03,2026-06-30,"The single Tree-sitter grammar is named `dea`, parses the error-tolerant L1 syntactic superset, and relies on separate host mappings for L0 versus L1.",Repository and process architecture,Language syntax,Repository/tooling,Retained,Explicit,High,Defaults Chosen,81,85,Tree-sitter uses L1 as the richer structural grammar while level identities remain distinct outside the parser.,Maintain separate L0 and L1 parsers | Parse only the L0 common subset | Make the structural grammar reject incomplete input,One superset parser supports both levels and interactive editing without duplicating closely related grammar implementations.,editors/tree-sitter-dea/README.md | editors/tree-sitter-dea/grammar.js,,DEA-CANON-0513,Not covered,Candidate P2 ADR: editor integration architecture and public identities,Yes,
DEA-DEC-0531,Plan,work/plans/features/closed/2026-06-30-shared-editor-support-noref.md,D04,2026-06-30,"The compiler remains the semantic authority; editor grammars must be conservative, error-tolerant structural tools rather than semantic validators.",Frontend architecture,Semantic analysis | Language syntax,Repository/tooling,Retained,Explicit,High,Defaults Chosen,89,90,Editor grammars structure incomplete code and intentionally do not encode type checking or level-specific semantic rejection.,Treat Tree-sitter acceptance as language validity | Duplicate compiler semantic checks in editor regexes,Only compiler phases have the context and normative contracts needed to validate Dea semantics.,editors/README.md,,DEA-CANON-0514,Not covered,Candidate P2 ADR: editor integration architecture and public identities,Yes,This settles the authority boundary between compiler frontend semantics and permissive editor parsers.
DEA-DEC-0532,Plan,work/plans/features/closed/2026-06-30-shared-editor-support-noref.md,D05,2026-06-30,"Editor hosts expose L0 and L1 as distinct language identities, scopes, filetypes, and extension mappings even though their tooling package is shared.",CLI and distribution,Repository and process architecture,Repository/tooling,Retained,Explicit,High,Defaults Chosen / Public Interfaces,76,80,"The shared package assigns separate dea-l0/dea-l1 IDs, source scopes, Vim filetypes, and .l0/.l1 mappings.",Expose one undifferentiated Dea language identity | Ship independent packages to obtain distinct identities | Treat L1 files as L0 plus syntax errors,Host-visible separation preserves correct level-specific keyword and extension behavior without duplicating the package.,editors/README.md | editors/vscode-dea/package.json,,DEA-CANON-0515,Not covered,Candidate P2 ADR: editor integration architecture and public identities,Yes,
DEA-DEC-0533,Plan,work/plans/features/closed/2026-06-30-shared-runtime-pointer-access-validation-noref.md,D01,2026-06-30,"Generated Dea pointer dereferences, pointer field accesses, pointer indexing, and generated drop cleanup are runtime-validated by default before storage is touched.",Ownership and memory safety,Runtime | Backend and C emission,Shared L0/L1,Retained,Explicit,High,Summary,38,44,"Invalid accesses become Dea runtime diagnostics instead of C undefined behavior, with checked builds as the default.",Trust all generated C pointer operations | Require a borrow checker before permitting pointers | Make validation opt-in,Runtime checking closes aliasing gaps that the current static drop-liveness analysis cannot see.,docs/decisions/0010-checked-runtime-pointer-access-validation.md | l0/docs/reference/ownership.md | l1/docs/reference/ownership.md,docs/decisions/0010-checked-runtime-pointer-access-validation.md,DEA-CANON-0378,Directly covered,Covered,Yes,
DEA-DEC-0534,Plan,work/plans/features/closed/2026-06-30-shared-runtime-pointer-access-validation-noref.md,D02,2026-06-30,"Pointer validation is backed by allocation records carrying base, extent, alignment, generation, state, memory kind, source sites, and a reserved type identity.",Runtime,Ownership and memory safety,Shared L0/L1,Retained,Explicit,High,Shared Design,46,50,The address-only tracker is replaced by a provenance-rich allocation record model.,Track only live base addresses | Embed metadata immediately beside every allocation | Tag pointer values,"Spatial, temporal, provenance, and diagnostic checks need more than address membership.",docs/decisions/0010-checked-runtime-pointer-access-validation.md | l0/docs/reference/ownership.md | l1/docs/reference/ownership.md,docs/decisions/0010-checked-runtime-pointer-access-validation.md,DEA-CANON-0516,Directly covered,Covered,Yes,
DEA-DEC-0535,Plan,work/plans/features/closed/2026-06-30-shared-runtime-pointer-access-validation-noref.md,D03,2026-06-30,"Allocation records reserve a type-id field, but runtime type-compatibility enforcement is deferred to a future type-identity initiative.",Ownership and memory safety,Runtime | Type system,Shared L0/L1,Deferred,Explicit,High,Shared Design,48,51,The tracker stores type_id without using it in the shipped access checks.,Enforce runtime pointee type identity immediately | Omit any type identity hook permanently,The access-validation tranche can deliver spatial and bounded temporal safety without preempting a broader type-identity design.,docs/decisions/0010-checked-runtime-pointer-access-validation.md,docs/decisions/0010-checked-runtime-pointer-access-validation.md,DEA-CANON-0517,Directly covered,Covered as an explicit deferral,Yes,
DEA-DEC-0536,Plan,work/plans/features/closed/2026-06-30-shared-runtime-pointer-access-validation-noref.md,D04,2026-06-30,"The checked tracker covers `new` plus raw allocation, reallocation, free, and drop entry points rather than validating only generated object allocation.",Runtime,Ownership and memory safety,Shared L0/L1,Retained,Explicit,High,Shared Design,52,55,"new, rt_alloc, rt_calloc, rt_realloc, rt_free, and drop all participate in tracker state and validation.",Track only new/drop | Track only generated dereferences and ignore raw allocation APIs,Pointers from stdlib containers and raw memory helpers must share the same validity model as object pointers.,docs/decisions/0010-checked-runtime-pointer-access-validation.md | l0/docs/reference/standard-library.md | l1/docs/reference/standard-library.md,docs/decisions/0010-checked-runtime-pointer-access-validation.md,DEA-CANON-0518,Directly covered,Covered,Yes,
DEA-DEC-0537,Plan,work/plans/features/closed/2026-06-30-shared-runtime-pointer-access-validation-noref.md,D05,2026-06-30,"Generated drop is a begin/finish protocol: exact-base validity is established before owned-field cleanup, and the allocation is quarantined only after cleanup completes.",Ownership and memory safety,Runtime | Backend and C emission,Shared L0/L1,Retained,Explicit,High,Shared Design,52,55,Drop validation and state transition bracket compiler-generated field cleanup.,Mark memory freed before field cleanup | Validate only in the final free helper | Let generated cleanup dereference before validating the base,"Invalid casts and stale drops must fail before cleanup dereferences fields, while valid owned fields remain live during cleanup.",docs/decisions/0010-checked-runtime-pointer-access-validation.md | l0/docs/reference/ownership.md | l1/docs/reference/ownership.md,docs/decisions/0010-checked-runtime-pointer-access-validation.md,DEA-CANON-0519,Directly covered,Covered,Yes,
DEA-DEC-0538,Plan,work/plans/features/closed/2026-06-30-shared-runtime-pointer-access-validation-noref.md,D06,2026-06-30,"Released blocks remain in a bounded quarantine; temporal-error detection is guaranteed only while a record remains retained, with pointer tagging excluded.",Ownership and memory safety,Runtime,Shared L0/L1,Retained,Explicit,High,Shared Design,54,57,The design chooses bounded historical retention and explicitly disclaims complete detection after eviction/address reuse.,Unbounded tombstones | Immediate record removal | Generation-tagged pointer values,A bounded quarantine catches common stale aliases without changing pointer representation or leaking unbounded memory.,docs/decisions/0010-checked-runtime-pointer-access-validation.md | l0/docs/reference/ownership.md | l1/docs/reference/ownership.md,docs/decisions/0010-checked-runtime-pointer-access-validation.md,DEA-CANON-0520,Directly covered,Covered,Yes,
DEA-DEC-0539,Plan,work/plans/features/closed/2026-06-30-shared-runtime-pointer-access-validation-noref.md,D07,2026-06-30,"Memory tracing remains lifecycle-oriented: allocation/free/new/drop events stay visible, but successful access checks, derived validation, and quarantine eviction do not emit trace lines.",Runtime,Diagnostics and recovery,Shared L0/L1,Retained,Explicit,High,Shared Design,58,61,Pointer validation deliberately preserves the existing trace surface instead of adding per-access noise.,Trace every checked pointer access | Hide drop lifecycle behind the checker | Create a separate access-trace stream,Existing ownership traces remain stable and useful without overwhelming output on hot paths.,docs/decisions/0010-checked-runtime-pointer-access-validation.md | l0/docs/reference/ownership.md | l1/docs/reference/ownership.md,docs/decisions/0010-checked-runtime-pointer-access-validation.md,DEA-CANON-0521,Covered as part of a broader ADR,Covered,Yes,
DEA-DEC-0540,Plan,work/plans/features/closed/2026-06-30-shared-runtime-pointer-access-validation-noref.md,D08,2026-06-30,Every generated checked-access site owns a static cache of its last allocation record and generation; misses use the full tracker and refill it.,Backend and C emission,Runtime | Ownership and memory safety,Shared L0/L1,Retained,Explicit,High,Tracker Performance Design,74,76,A site-local generation/range fast path avoids hashing on repeated accesses.,Full tracker lookup on every access | One global last-record cache | Whole-program static check elision only,Per-site locality keeps checked mode practical without weakening validation.,docs/decisions/0010-checked-runtime-pointer-access-validation.md | l0/docs/reference/c-backend-design.md | l1/docs/reference/c-backend-design.md,docs/decisions/0010-checked-runtime-pointer-access-validation.md,DEA-CANON-0522,Directly covered,Covered,Yes,
DEA-DEC-0541,Plan,work/plans/features/closed/2026-06-30-shared-runtime-pointer-access-validation-noref.md,D09,2026-06-30,Runtime helpers that derive interior pointers validate them against the owning allocation range instead of registering a separate derived-pointer record per call.,Runtime,Ownership and memory safety,Shared L0/L1,Retained,Explicit,High,Tracker Performance Design,77,79,Derived validity follows the owner record's range and temporal state.,Register each derived pointer as its own allocation record | Leave helper-derived pointers unchecked,Owner-based validation preserves temporal detection without unbounded metadata churn for indexing helpers.,docs/decisions/0010-checked-runtime-pointer-access-validation.md,docs/decisions/0010-checked-runtime-pointer-access-validation.md,DEA-CANON-0523,Directly covered,Covered,Yes,
DEA-DEC-0542,Plan,work/plans/features/closed/2026-06-30-shared-runtime-pointer-access-validation-noref.md,D10,2026-06-30,"Heap string blocks are initially registered eagerly at allocation, while static string spans are registered lazily when raw bytes are exposed.",Runtime,Ownership and memory safety,Shared L0/L1,Superseded,Explicit,High,String Storage Registration,81,85,The first implementation distinguishes eager heap-ARC tracking from lazy static-span tracking.,Register both kinds lazily at exposure | Track every static literal at program startup | Never validate string byte pointers,Eager heap registration initially tied tracker lifetime directly to ARC allocation/release.,docs/decisions/0010-checked-runtime-pointer-access-validation.md,docs/decisions/0010-checked-runtime-pointer-access-validation.md,DEA-CANON-0524,Directly covered,Historical predecessor retained in ADR plan history,Yes,
DEA-DEC-0543,Plan,work/plans/features/closed/2026-06-30-shared-runtime-pointer-access-validation-noref.md,D11,2026-06-30,Heap and static string storage exposed as raw bytes is tracked read-only: checked reads succeed and checked writes fail before mutation.,Ownership and memory safety,Runtime,Shared L0/L1,Retained,Explicit,High,String Storage Registration,83,87,Both ARC-managed and static string spans reject write-mode checked access.,Permit raw mutation of string bytes | Return copied mutable buffers | Disallow any raw byte view,Raw views remain compatible with immutable string value semantics.,docs/decisions/0010-checked-runtime-pointer-access-validation.md | l0/docs/reference/ownership.md | l1/docs/reference/ownership.md,docs/decisions/0010-checked-runtime-pointer-access-validation.md,DEA-CANON-0525,Directly covered,Covered,Yes,
DEA-DEC-0544,Plan,work/plans/features/closed/2026-06-30-shared-runtime-pointer-access-validation-noref.md,D12,2026-06-30,"ARC-managed and static tracked storage cannot be released through drop, rt_free, or rt_realloc.",Ownership and memory safety,Runtime,Shared L0/L1,Retained,Explicit,High,String Storage Registration,87,89,Runtime-managed record kinds reject ownership operations from raw/object allocation families.,Allow raw free of ARC string storage | Treat every tracked allocation family as interchangeable,The operation that owns a lifetime must remain the only operation authorized to end it.,docs/decisions/0010-checked-runtime-pointer-access-validation.md | l0/docs/reference/ownership.md | l1/docs/reference/ownership.md,docs/decisions/0010-checked-runtime-pointer-access-validation.md,DEA-CANON-0526,Directly covered,Covered,Yes,
DEA-DEC-0545,Plan,work/plans/features/closed/2026-06-30-shared-runtime-pointer-access-validation-noref.md,D13,2026-06-30,"Checked validation is the default, but compile-time unchecked defines remove validation, tracking, and quarantine without changing generated C shape.",Runtime,Ownership and memory safety | Backend and C emission,Shared L0/L1,Retained,Explicit,High,Checked And Release Builds,91,99,L0_RT_UNCHECKED and DEA_RT_UNCHECKED select an explicit performance opt-out at C/runtime build time.,Always require checks | Generate different C in checked and release modes | Make unchecked the default,The release escape hatch preserves raw-pointer performance while keeping one backend output contract.,docs/decisions/0010-checked-runtime-pointer-access-validation.md | l0/docs/reference/design-decisions.md | l1/docs/reference/design-decisions.md,docs/decisions/0010-checked-runtime-pointer-access-validation.md,DEA-CANON-0527,Directly covered,Covered,Yes,
DEA-DEC-0546,Plan,work/plans/features/closed/2026-06-30-shared-runtime-pointer-access-validation-noref.md,D14,2026-06-30,"Pointer-safety semantics are shared across levels, but each level may retain its existing runtime layout, naming, and header-versus-archive boundary.",Runtime,Bootstrap and self-hosting | ABI and linking,Shared L0/L1,Retained,Explicit,High,Metadata / Porting rule,17,19,The shared contract is ported mechanically without forcing already-divergent runtime representations to converge.,Require one physically identical runtime implementation | Permit semantic divergence between level runtimes,L0's header runtime and L1's archive runtime can expose the same safety behavior through appropriate local ABI shapes.,docs/decisions/0010-checked-runtime-pointer-access-validation.md | l0/docs/reference/architecture.md | l1/docs/reference/architecture.md,docs/decisions/0010-checked-runtime-pointer-access-validation.md,DEA-CANON-0528,Directly covered,Covered,Yes,
DEA-DEC-0547,Plan,work/plans/bug-fixes/closed/2026-07-02-shared-c-compiler-invocation-order-noref.md,D01,2026-07-02,Output and link-facing flags follow the generated C input so object and archive link order stays stable.,ABI and linking,,Shared L0/L1,Retained,Explicit,High,Scope of This Fix,66,70,"All levels keep output and linker flags, including runtime and sys.real libraries, after the generated input.",Move all flags before the input,,docs/specs/compiler/cli-contract.md | l0/docs/specs/compiler/cli-contract.md,,DEA-CANON-0529,ADR not warranted,Not warranted,Yes,
DEA-DEC-0548,Plan,work/plans/bug-fixes/closed/2026-07-03-shared-alloc-tracker-churn-rehash-noref.md,D01,2026-07-03,Allocation-tracker and quarantine constants are compile-time override points in both runtimes.,Runtime,,Shared L0/L1,Retained,Explicit,High,Summary,45,48,Four tracker/quarantine constants gain guarded definitions so builds can tune them.,,,l0/docs/reference/design-decisions.md | l1/docs/reference/design-decisions.md,docs/decisions/0010-checked-runtime-pointer-access-validation.md,DEA-CANON-0530,Covered as part of a broader ADR,Covered,Yes,
DEA-DEC-0549,Plan,work/plans/bug-fixes/closed/2026-07-03-shared-alloc-tracker-churn-rehash-noref.md,D02,2026-07-03,The prebuilt L1 archive runtime reads quarantine byte and record overrides once at first tracker use.,Runtime,,L1,Retained,Explicit,High,Summary,45,48,"Because an archive cannot be rebuilt per application, L1 accepts one-time environment overrides.",Require archive recompilation | Read the environment on every operation,,l0/docs/reference/design-decisions.md | l1/docs/reference/design-decisions.md,docs/decisions/0010-checked-runtime-pointer-access-validation.md,DEA-CANON-0531,Directly covered,Covered,Yes,
DEA-DEC-0550,Plan,work/plans/features/closed/2026-07-03-shared-lazy-arc-string-registration-noref.md,D01,2026-07-03,Heap strings enter the pointer tracker lazily at first raw-byte exposure rather than at allocation.,Runtime,,Shared L0/L1,Retained,Explicit,High,Shared Design,45,53,String allocation stops registering eagerly; rt_string_bytes_ptr performs idempotent registration and release tolerates never-registered storage.,Register every heap string eagerly,,l0/docs/reference/design-decisions.md | l1/docs/reference/design-decisions.md,docs/decisions/0010-checked-runtime-pointer-access-validation.md,DEA-CANON-0532,Directly covered,Covered,Yes,
DEA-DEC-0551,Plan,work/plans/features/closed/2026-07-03-shared-lazy-arc-string-registration-noref.md,D02,2026-07-03,"The first lazy-registration design tracked the whole string allocation at its header base, making the exposed bytes an interior pointer.",Runtime,,Shared L0/L1,Superseded,Explicit,High,Shared Design,47,50,The plan selected the heap block base and header-plus-bytes extent so the returned byte pointer resolved through interior containment.,Track the exposed byte pointer as the exact base,,l0/docs/reference/design-decisions.md | l1/docs/reference/design-decisions.md,docs/decisions/0010-checked-runtime-pointer-access-validation.md,DEA-CANON-0533,Partially covered,Covered,Yes,
DEA-DEC-0552,Plan,work/plans/features/closed/2026-07-04-shared-unchecked-build-surface-noref.md,D01,2026-07-04,"`--unchecked` is a first-class mode flag for build, run, and generated-C operations.",CLI and distribution,,Shared L0/L1,Retained,Explicit,High,Shared Design,55,59,"The driver surface admits unchecked only in build, run, and gen.",Keep unchecked accessible only through raw C defines,,docs/specs/compiler/cli-contract.md | l0/docs/specs/compiler/cli-contract.md,docs/decisions/0010-checked-runtime-pointer-access-validation.md,DEA-CANON-0534,Directly covered,Covered,Yes,
DEA-DEC-0553,Plan,work/plans/features/closed/2026-07-04-shared-unchecked-build-surface-noref.md,D02,2026-07-04,"Unchecked mode is mutually exclusive with ARC or memory tracing, and no traced-unchecked runtime variant exists.",Runtime,,Shared L0/L1,Retained,Explicit,High,Shared Design,57,59,"Trace modes require checked-runtime invariants, so unchecked and tracing cannot be combined.",Ship a traced-unchecked variant,,l0/docs/reference/design-decisions.md | l1/docs/reference/design-decisions.md,docs/decisions/0010-checked-runtime-pointer-access-validation.md,DEA-CANON-0535,Directly covered,Covered,Yes,
DEA-DEC-0554,Plan,work/plans/features/closed/2026-07-04-shared-unchecked-build-surface-noref.md,D03,2026-07-04,L1 links a dedicated unchecked runtime archive or TinyCC object set that matches the generated unchecked prelude.,Runtime,,L1,Retained,Explicit,High,Shared Design,60,68,Mode defines remove inline checks; the L1 driver selects libdea_rt_unchecked.a or its TinyCC object variant.,Use one runtime archive for both checked and unchecked generated code,,l0/docs/reference/design-decisions.md | l1/docs/reference/design-decisions.md,docs/decisions/0010-checked-runtime-pointer-access-validation.md,DEA-CANON-0536,Directly covered,Covered,Yes,
DEA-DEC-0555,Plan,work/plans/features/closed/2026-07-04-shared-unchecked-build-surface-noref.md,D04,2026-07-04,The unchecked runtime preserves the full public runtime symbol surface as pass-through stubs so mixed generated-code/runtime variants remain link-compatible.,ABI and linking,,L1,Retained,Explicit,High,Shared Design,72,73,Checked generated code can link an unchecked archive and unchecked generated code can link a checked archive.,Remove check symbols from the unchecked ABI,,l0/docs/reference/design-decisions.md | l1/docs/reference/design-decisions.md,docs/decisions/0010-checked-runtime-pointer-access-validation.md,DEA-CANON-0537,Covered as part of a broader ADR,Covered,Yes,
DEA-DEC-0556,Plan,work/plans/features/closed/2026-07-05-shared-compiler-runtime-quarantine-default-noref.md,D01,2026-07-05,"Native compiler executables initially remained fully checked but used a 256-record quarantine, while generated programs and L1 archives retained the 4096 default.",Runtime,,Shared L0/L1,Superseded,Explicit,High,Summary,40,45,The compiler-only profile changed retention but not full checked validation.,Use the same 4096-record default everywhere | Use unchecked compiler executables,,l0/docs/reference/design-decisions.md | l1/docs/reference/design-decisions.md,docs/decisions/0010-checked-runtime-pointer-access-validation.md,DEA-CANON-0538,Partially covered,Covered,Yes,
DEA-DEC-0557,Plan,work/plans/features/closed/2026-07-05-shared-compiler-runtime-quarantine-default-noref.md,D02,2026-07-05,Explicit C defines and runtime tuning variables take precedence over compiler-build quarantine defaults.,Repository and process architecture,,Repository/tooling,Retained,Explicit,High,Implementation,47,54,The helper preserves explicit user control and applies its compiler default only when no higher-priority setting exists.,,,l0/docs/reference/design-decisions.md | l1/docs/reference/design-decisions.md,docs/decisions/0010-checked-runtime-pointer-access-validation.md,DEA-CANON-0539,Covered as part of a broader ADR,Covered,Yes,
DEA-DEC-0558,Plan,work/plans/features/closed/2026-07-05-shared-compiler-runtime-quarantine-default-noref.md,D03,2026-07-05,`unsafe func` is a source-level proof boundary independent of optional checked-runtime validation.,Language semantics,,L1,Retained,Explicit,High,Implementation,53,56,"Checked builds may dynamically validate unsafe pointer operations, while unchecked builds lower them directly; neither changes the source contract.",Define unsafe solely as a runtime-mode switch,,l1/docs/reference/design-decisions.md,l1/docs/decisions/0010-unsafe-marker-and-raw-pointer-indexing.md,DEA-CANON-0540,Directly covered,Covered,Yes,
DEA-DEC-0559,Plan,work/plans/features/closed/2026-07-08-shared-runtime-check-basic-mode-noref.md,D01,2026-07-08,"`--check-basic` is a first-class checked mode for build, run, and generated-C operations.",CLI and distribution,,Shared L0/L1,Retained,Explicit,High,Shared Design,72,76,"All three compilers accept the mode in build, run, and gen and emit the level-specific basic define.",Expose basic checks only through raw C defines,,docs/specs/compiler/cli-contract.md | l0/docs/specs/compiler/cli-contract.md,docs/decisions/0010-checked-runtime-pointer-access-validation.md,DEA-CANON-0541,Directly covered,Covered,Yes,
DEA-DEC-0560,Plan,work/plans/features/closed/2026-07-08-shared-runtime-check-basic-mode-noref.md,D02,2026-07-08,"Basic mode is mutually exclusive with unchecked and trace modes, with no traced-basic archive.",Runtime,,Shared L0/L1,Retained,Explicit,High,Shared Design,74,82,"The mode matrix rejects basic plus unchecked or tracing, and runtime macros reject basic plus unchecked.",Ship traced-basic | Permit conflicting mode defines,,l0/docs/reference/design-decisions.md | l1/docs/reference/design-decisions.md,docs/decisions/0010-checked-runtime-pointer-access-validation.md,DEA-CANON-0542,Directly covered,Covered,Yes,
DEA-DEC-0561,Plan,work/plans/features/closed/2026-07-08-shared-runtime-check-basic-mode-noref.md,D03,2026-07-08,"Basic checked mode retains exact-base validation, quarantine, generation caches, read-only exact-base protection, and alignment checks while omitting treap containment and spatial checks for hash misses.",Runtime,,Shared L0/L1,Retained,Explicit,High,Runtime Semantics,84,95,Hash hits preserve full checked behavior; misses receive only alignment/overflow handling and interior pointers are not contained through the treap.,Full checked treap validation | Completely unchecked access,,l0/docs/reference/design-decisions.md | l1/docs/reference/design-decisions.md,docs/decisions/0010-checked-runtime-pointer-access-validation.md,DEA-CANON-0543,Directly covered,Covered,Yes,
DEA-DEC-0562,Plan,work/plans/features/closed/2026-07-08-shared-runtime-check-basic-mode-noref.md,D04,2026-07-08,"L0 realizes basic checks through a generated prelude define, while L1 selects a dedicated basic archive or TinyCC object variant.",Runtime,,Shared L0/L1,Retained,Explicit,High,Shared Design,76,79,The two runtime shapes implement one shared mode through level-appropriate build boundaries.,,,l0/docs/reference/design-decisions.md | l1/docs/reference/design-decisions.md,docs/decisions/0010-checked-runtime-pointer-access-validation.md,DEA-CANON-0544,Directly covered,Covered,Yes,
DEA-DEC-0563,Plan,l0/work/plans/bug-fixes/closed/2026-07-11-darwin-arm64-triple-bootstrap-uuid-normalization-noref.md,D01,2026-07-11,"Darwin arm64 compiler executables retain UUID and ad-hoc signature commands, while only non-executable comparison copies neutralize UUID payloads.",Portability,,L0 Stage 2,Retained,Explicit,High,Scope of This Fix,42,50,Executable loader metadata is preserved; normalization is confined to byte-comparison copies.,Disable UUID/signature generation on arm64 | Ignore native bootstrap identity,,l0/compiler/stage2_l0/README.md,,DEA-CANON-0545,ADR not warranted,Not warranted,Yes,
DEA-DEC-0564,Plan,work/plans/bug-fixes/closed/2026-07-11-shared-checked-runtime-review-gaps-noref.md,D01,2026-07-11,"Tracked allocations carry distinct raw, new, ARC, static, and foreign provenance; drop accepts only new storage, while free and realloc accept only raw storage.",Ownership and memory safety,,Shared L0/L1,Retained,Explicit,High,Runtime Contract,77,80,The runtime splits allocation families and makes their release operations non-interchangeable.,Treat raw and new allocations as one releasable kind,,l0/docs/reference/design-decisions.md | l1/docs/reference/design-decisions.md | l0/docs/reference/ownership.md | l1/docs/reference/ownership.md,docs/decisions/0010-checked-runtime-pointer-access-validation.md,DEA-CANON-0546,Directly covered,Covered,Yes,
DEA-DEC-0565,Plan,work/plans/bug-fixes/closed/2026-07-11-shared-checked-runtime-review-gaps-noref.md,D02,2026-07-11,Generated drop uses a sized begin/finish ABI that validates expected pointee size and alignment before cleanup; no unsized compatibility entry point remains.,ABI and linking,,Shared L0/L1,Retained,Explicit,High,Runtime Contract,81,90,The unreleased ABI changes atomically to a sized begin/finish protocol and removes obsolete unsized helpers.,Keep an unsized compatibility wrapper | Validate only base provenance,,l0/docs/reference/design-decisions.md | l1/docs/reference/design-decisions.md | l0/docs/reference/ownership.md | l1/docs/reference/ownership.md,docs/decisions/0010-checked-runtime-pointer-access-validation.md,DEA-CANON-0547,Directly covered,Covered,Yes,
DEA-DEC-0566,Plan,work/plans/bug-fixes/closed/2026-07-11-shared-checked-runtime-review-gaps-noref.md,D03,2026-07-11,Heap-string tracking is based at the exact exposed byte pointer so basic-mode writes see a read-only exact-base record.,Runtime,,Shared L0/L1,Retained,Explicit,High,Runtime Contract,81,85,The plan replaces header-base interior tracking with byte-base exact tracking.,Track the allocation header base and rely on interior lookup,,l0/docs/reference/design-decisions.md | l1/docs/reference/design-decisions.md,docs/decisions/0010-checked-runtime-pointer-access-validation.md,DEA-CANON-0533,Directly covered,Covered,Yes,
DEA-DEC-0567,Plan,work/plans/bug-fixes/closed/2026-07-11-shared-checked-runtime-review-gaps-noref.md,D04,2026-07-11,Foreign memory enters checked pointer validation only through explicit register and unregister operations that record lifetime and extent without transferring ownership.,Runtime,,Shared L0/L1,Retained,Explicit,High,Runtime Contract,83,87,rt_register_foreign supplies extent/read-only state; unregister invalidates tracking without freeing the payload.,Treat all unregistered extern pointers as permanently valid | Transfer ownership to the Dea runtime,,l0/docs/reference/design-decisions.md | l1/docs/reference/design-decisions.md,docs/decisions/0010-checked-runtime-pointer-access-validation.md,DEA-CANON-0548,Directly covered,Covered,Yes,
DEA-DEC-0568,Plan,work/plans/bug-fixes/closed/2026-07-11-shared-checked-runtime-review-gaps-noref.md,D05,2026-07-11,"Identical live foreign registrations are idempotent, conflicting registrations panic, and unregistration never frees foreign storage.",Runtime,,Shared L0/L1,Retained,Explicit,High,Runtime Contract,84,85,"The foreign registration API defines repeat, conflict, and release semantics explicitly.",,,l0/docs/reference/design-decisions.md | l1/docs/reference/design-decisions.md,docs/decisions/0010-checked-runtime-pointer-access-validation.md,DEA-CANON-0549,Directly covered,Covered,Yes,
DEA-DEC-0569,Plan,work/plans/bug-fixes/closed/2026-07-11-shared-checked-runtime-review-gaps-noref.md,D06,2026-07-11,Unchecked mode validates foreign-registration arguments but intentionally records no tracker state.,Runtime,,Shared L0/L1,Retained,Explicit,High,Runtime Contract,86,87,Unchecked remains an explicit validation opt-out while retaining basic API argument checks.,Track foreign lifetimes even in unchecked mode | Skip registration argument validation,,l0/docs/reference/design-decisions.md | l1/docs/reference/design-decisions.md,docs/decisions/0010-checked-runtime-pointer-access-validation.md,DEA-CANON-0550,Directly covered,Covered,Yes,
DEA-DEC-0570,Plan,work/plans/bug-fixes/closed/2026-07-11-shared-ci-platform-portability-regressions-noref.md,D01,2026-07-11,"Darwin arm64 bootstrap executables retain Mach-O UUID and ad-hoc signature load commands, while Intel Darwin keeps the existing linker normalization.",Portability,,L0 Stage 2,Retained,Explicit,High,Scope of This Fix,44,48,Architecture-specific bootstrap behavior preserves Apple Silicon loader requirements without discarding Intel reproducibility.,Disable UUID/signatures on every Darwin architecture,,l0/compiler/stage2_l0/README.md,,DEA-CANON-0551,ADR not warranted,Not warranted,Yes,
DEA-DEC-0571,Plan,l0/work/plans/tools/closed/2026-07-13-release-1-1-0-preparation-noref.md,D01,2026-07-13,Stable L0 release tags use the l0-vX.Y.Z namespace.,CLI and distribution,,L0,Retained,Explicit,High,Release policy and version metadata,68,68,The stable workflow accepts only l0-vX.Y.Z tags.,Use unscoped vX.Y.Z tags | Continue date-based stable tags | Share the snapshot/prerelease tag namespace,The level-prefixed namespace identifies the published language level and separates stable releases from snapshots.,l0/docs/releases/README.md,,DEA-CANON-0552,Not covered,P2 ADR candidate: L0 stable release artifact contract,Yes,The source row combined the independently choosable stable-tag namespace and curated release-notes/body contract.
DEA-DEC-0572,Plan,l0/work/plans/tools/closed/2026-07-13-release-1-1-0-preparation-noref.md,D02,2026-07-13,Every stable L0 tag has a matching versioned release-notes file that is used unchanged as the GitHub release body.,CLI and distribution,,L0,Retained,Explicit,High,Release policy and version metadata,69,70,"The workflow derives the notes file from the tag, rejects a mismatch, and publishes the curated file unchanged.",Generate release bodies from the Git log | Infer notes from the previous tag | Maintain a separate unversioned release body,One reviewed versioned document remains the authoritative release narrative before and after publication.,l0/docs/releases/README.md,,DEA-CANON-0553,Not covered,P2 ADR candidate: L0 stable release artifact contract,Yes,The source row combined the independently choosable stable-tag namespace and curated release-notes/body contract.
DEA-DEC-0573,Plan,l0/work/plans/tools/closed/2026-07-13-release-1-1-0-preparation-noref.md,D03,2026-07-13,The public `googlielmo/dea-lang` repository is the sole L0 release target; the private monorepo receives no duplicate GitHub release.,CLI and distribution,,L0,Retained,Explicit,High,Summary,33,35,Public release history and artifacts live only in the public repository.,Publish parallel releases in the private monorepo,,l0/docs/releases/README.md,,DEA-CANON-0554,Not covered,P2 ADR candidate: L0 stable release artifact contract,Yes,The sole public release destination is part of the public distribution contract.
DEA-DEC-0574,Plan,l0/work/plans/tools/closed/2026-07-13-release-1-1-0-preparation-noref.md,D04,2026-07-13,Removal of deprecated case-default else from L0 is deferred to L0 2.0.,Language syntax,,L0,Deferred,Explicit,High,Defaults Chosen,37,43,The 1.1 release does not remove the warning-bearing legacy spelling; the next breaking major version owns removal.,Remove the spelling in 1.1 | Retain it indefinitely,,l0/docs/reference/grammar.md,docs/decisions/0007-case-default-arm-wildcard.md,DEA-CANON-0555,Covered as part of a broader ADR,Covered by the accepted case-default migration ADR; the release plan supplies the L0 2.0 deferral date.,Yes,ADR-0007 records the level-specific transition and retained L0 Phase 1 behavior. Current L0 1.x warning-bearing compatibility is recorded by the earlier retained event; this event records only the independently chosen deferred removal milestone.
DEA-DEC-0575,Plan,work/plans/tools/closed/2026-07-13-remote-publication-authorization-guardrails-noref.md,D01,2026-07-13,"Repository review and organization requests are read-only, while a draft request authorizes only the named draft.",Repository and process architecture,,Repository/tooling,Retained,Explicit,High,Defaults Chosen,62,66,"The policy gives analysis verbs and draft creation narrow, non-publication authority.",Treat plans or review requests as implicit mutation authority,,CLAUDE.md | AGENTS.md,,DEA-CANON-0556,ADR not warranted,Not warranted,Yes,
DEA-DEC-0576,Plan,work/plans/tools/closed/2026-07-13-remote-publication-authorization-guardrails-noref.md,D02,2026-07-13,A local implementation or commit never authorizes a push; every push requires an explicit user request.,Repository and process architecture,,Repository/tooling,Retained,Explicit,High,Defaults Chosen,64,68,Local finalization and remote mutation are separate authorization tiers.,Treat a commit request as push authority,,CLAUDE.md | AGENTS.md,,DEA-CANON-0557,ADR not warranted,Not warranted,Yes,
DEA-DEC-0577,Plan,work/plans/tools/closed/2026-07-13-remote-publication-authorization-guardrails-noref.md,D03,2026-07-13,"Public, cross-repository, workflow-dispatching, and deployment-triggering writes require fresh confirmation immediately before execution with exact target and downstream effects.",Repository and process architecture,,Repository/tooling,Retained,Explicit,High,Defaults Chosen,68,70,High-risk remote writes add a just-in-time disclosure and confirmation gate.,Reuse earlier broad approval,,CLAUDE.md | AGENTS.md,,DEA-CANON-0558,ADR not warranted,Not warranted,Yes,
DEA-DEC-0578,Plan,work/plans/tools/closed/2026-07-13-remote-publication-authorization-guardrails-noref.md,D04,2026-07-13,A public branch push is permitted only to the exact designated branch already configured as the checked-out branch's upstream; refspec and upstream overrides cannot bypass the gate.,Repository and process architecture,,Repository/tooling,Retained,Explicit,High,Defaults Chosen,71,73,The public destination must be repository-designated and already tracked.,Permit ad-hoc HEAD refspecs | Change upstream as part of publication,,CLAUDE.md | AGENTS.md,,DEA-CANON-0559,ADR not warranted,Not warranted,Yes,
DEA-DEC-0579,Plan,work/plans/tools/closed/2026-07-13-remote-publication-authorization-guardrails-noref.md,D05,2026-07-13,Creating a release tag requires an explicit request naming both tag and target.,Repository and process architecture,,Repository/tooling,Retained,Explicit,High,Defaults Chosen,74,76,A plan mentioning a tag does not satisfy the separate tag-creation gate.,Treat implementation of a release plan as tag authority,,CLAUDE.md | AGENTS.md,,DEA-CANON-0560,ADR not warranted,Not warranted,Yes,
DEA-DEC-0580,Plan,work/plans/tools/closed/2026-07-13-remote-publication-authorization-guardrails-noref.md,D06,2026-07-13,Pushing a release tag has its own fresh confirmation gate listing the remote and every known automatic publication effect.,Repository and process architecture,,Repository/tooling,Retained,Explicit,High,Defaults Chosen,74,76,Tag creation and tag publication are two independently authorized operations.,Let tag-creation approval include publication,,CLAUDE.md | AGENTS.md,,DEA-CANON-0561,ADR not warranted,Not warranted,Yes,
DEA-DEC-0581,Plan,work/plans/tools/closed/2026-07-13-remote-publication-authorization-guardrails-noref.md,D07,2026-07-13,"Plans, sandbox approvals, tool approvals, CI, and agent review grant no remote or publication authority.",Repository and process architecture,,Repository/tooling,Retained,Explicit,High,Defaults Chosen,79,80,Technical capability and successful validation cannot satisfy a user authorization gate.,,,CLAUDE.md | AGENTS.md,,DEA-CANON-0562,ADR not warranted,Not warranted,Yes,
DEA-DEC-0582,Plan,work/plans/tools/closed/2026-07-13-remote-publication-authorization-guardrails-noref.md,D08,2026-07-13,Each external repository owns its publication workflow; Dea guidance for blog work is advisory and recommends exact-copy review plus explicit authorization.,Repository and process architecture,,Repository/tooling,Retained,Explicit,High,Defaults Chosen,77,78,Dea does not claim enforcement authority over independently owned repositories.,,,CLAUDE.md | AGENTS.md,,DEA-CANON-0154,ADR not warranted,Not warranted,Yes,
DEA-DEC-0583,Plan,l0/work/plans/bug-fixes/closed/2026-07-14-stage1-cli-diagnostic-channel-fidelity-noref.md,D01,2026-07-14,"Normative Stage 1 compiler diagnostics use a direct, context-free stderr channel independent of operational log thresholds and formatting.",Diagnostics and recovery,,L0 Stage 1,Retained,Explicit,High,Root Cause,56,64,Compiler diagnostics and operational logging are distinct output contracts; diagnostic rendering cannot acquire timestamps or logger severity prefixes.,Use the configurable logger as a general stderr writer,,l0/docs/specs/compiler/diagnostic-format.md | docs/specs/compiler/diagnostic-code-catalog.md,,DEA-CANON-0563,ADR not warranted,Not warranted,Yes,
DEA-DEC-0584,Plan,work/plans/tools/closed/2026-07-14-shared-tiered-test-validation-noref.md,D01,2026-07-14,`test` is the stable normal validation tier and excludes only the dedicated broad trace sweep; focused trace regressions remain included.,Repository and process architecture,,Repository/tooling,Retained,Explicit,High,Defaults Chosen,55,58,"Root, L0, and L1 expose a normal aggregate without the standalone broad trace runner.",Make every local validation run the broad trace sweep,,CLAUDE.md | l0/CLAUDE.md | l1/CLAUDE.md,,DEA-CANON-0564,ADR not warranted,Not warranted,Yes,
DEA-DEC-0585,Plan,work/plans/tools/closed/2026-07-14-shared-tiered-test-validation-noref.md,D02,2026-07-14,"`test-all` is mandatory for trace-sensitive, runtime, memory, ownership, ARC, pointer-validation, emitted-lifetime, mixed, or uncertain changes.",Repository and process architecture,,Repository/tooling,Retained,Explicit,High,Defaults Chosen,59,60,"Trace risk, including uncertainty, selects the full aggregate.",Select the tier solely by file type,,CLAUDE.md | l0/CLAUDE.md | l1/CLAUDE.md,,DEA-CANON-0565,ADR not warranted,Not warranted,Yes,
DEA-DEC-0586,Plan,work/plans/features/closed/2026-07-16-shared-compiler-runtime-check-basic-default-noref.md,D01,2026-07-16,"Native L0 Stage 2 and L1 Stage 1 compiler executables default to basic checks plus a 256-record quarantine, while generated programs and the default L1 archive remain fully checked.",Runtime,,Shared L0/L1,Retained,Explicit,High,Summary,69,72,The compiler-only profile changes to basic plus q256 without weakening generated-program defaults.,Full checks plus q256 | Unchecked compiler executables,,l0/docs/reference/design-decisions.md | l1/docs/reference/design-decisions.md,docs/decisions/0010-checked-runtime-pointer-access-validation.md,DEA-CANON-0538,Directly covered,Covered,Yes,
DEA-DEC-0587,Plan,work/plans/features/closed/2026-07-16-shared-compiler-runtime-check-basic-default-noref.md,D02,2026-07-16,"L1 exposes level-named controls for the L0 runtime embedded in its Stage 1 compiler, separate from generated-program flags and L1 runtime-archive controls.",Repository and process architecture,,Repository/tooling,Retained,Explicit,High,Defaults and Public Make Interface,87,99,"Compiler construction, generated program C options, and runtime archives have distinct variable namespaces.",Require callers to inject underlying L0 defines through L0_CFLAGS,,l0/docs/reference/design-decisions.md | l1/docs/reference/design-decisions.md,docs/decisions/0010-checked-runtime-pointer-access-validation.md,DEA-CANON-0566,Covered as part of a broader ADR,Covered,Yes,
DEA-DEC-0588,Plan,work/plans/features/closed/2026-07-16-shared-compiler-runtime-check-basic-default-noref.md,D03,2026-07-16,"Compiler runtime-mode selection gives explicit raw mode defines highest priority, then explicit unchecked/basic variables, with empty mode variables selecting full checks.",Repository and process architecture,,Repository/tooling,Retained,Explicit,High,Defaults and Public Make Interface,103,110,"The helper preserves raw flags, resolves level-named selectors, and makes an explicit empty setting the full-check opt-in.",,,l0/docs/reference/design-decisions.md | l1/docs/reference/design-decisions.md,docs/decisions/0010-checked-runtime-pointer-access-validation.md,DEA-CANON-0539,Covered as part of a broader ADR,Covered,Yes,
DEA-DEC-0589,Plan,work/plans/features/closed/2026-07-16-shared-compiler-runtime-check-basic-default-noref.md,D04,2026-07-16,Compiler quarantine limits are selected independently from runtime mode and each explicit limit can override or disable only its corresponding default.,Repository and process architecture,,Repository/tooling,Retained,Explicit,High,Defaults and Public Make Interface,111,119,Byte/count precedence is independent of full/basic/unchecked mode selection.,,,l0/docs/reference/design-decisions.md | l1/docs/reference/design-decisions.md,docs/decisions/0010-checked-runtime-pointer-access-validation.md,DEA-CANON-0567,Covered as part of a broader ADR,Covered,Yes,
DEA-DEC-0590,Plan,l1/work/plans/features/closed/2026-07-17-interface-fingerprint-canonicalization-and-verification-noref.md,D01,2026-07-17,"Interface compatibility is one fingerprint of the canonical effective exported surface, replacing declaration-level hashes.",ABI and linking,,L1,Retained,Explicit,High,Summary,62,74,The completed tranche chooses a single whole-module compatibility value and removes declaration suffix hashes.,Per-symbol hashes | Hash verbatim interface text,,l1/docs/specs/compiler/module-interface-format.md | l1/docs/specs/compiler/abi.md,l1/docs/decisions/0019-whole-module-interface-fingerprints.md,DEA-CANON-0568,Directly covered,Covered,Yes,
DEA-DEC-0591,Plan,l1/work/plans/features/closed/2026-07-17-interface-fingerprint-canonicalization-and-verification-noref.md,D02,2026-07-17,"LBI fingerprint version 1 uses SipHash-1-3 with public fixed key `DeaL1-fp-v1-key!`, distinct from randomized runtime hashing.",ABI and linking,,L1,Retained,Explicit,High,"Algorithm, key, and encoding",142,149,The algorithm and 16-byte ASCII key are fixed ABI inputs for accidental staleness/corruption detection.,Random per-process key | Cryptographic signature,,l1/docs/specs/compiler/abi.md,l1/docs/decisions/0019-whole-module-interface-fingerprints.md,DEA-CANON-0569,Directly covered,Covered,Yes,
DEA-DEC-0592,Plan,l1/work/plans/features/closed/2026-07-17-interface-fingerprint-canonicalization-and-verification-noref.md,D03,2026-07-17,"Fingerprint input is a versioned, length-framed UTF-8 byte stream with LF separators, no NUL terminator, and no dependence on rendered prose or host layout.",ABI and linking,,L1,Retained,Explicit,High,Canonical fingerprint input,165,183,The canonicalizer serializes explicit records under the l1-interface-fingerprint-v1 domain.,Hash emitted prose | Use platform line endings or in-memory layout,,l1/docs/specs/compiler/abi.md,l1/docs/decisions/0019-whole-module-interface-fingerprints.md,DEA-CANON-0570,Directly covered,Covered,Yes,
DEA-DEC-0593,Plan,l1/work/plans/features/closed/2026-07-17-interface-fingerprint-canonicalization-and-verification-noref.md,D04,2026-07-17,"The textual fingerprint is mandatory `sip13:` plus exactly 16 lowercase hexadecimal digits, with no implicit tag or alternate spelling.",ABI and linking,,L1,Retained,Explicit,High,"Algorithm, key, and encoding",150,159,The tagged envelope has exact syntax and distinguishes malformed values from unsupported algorithms.,Untagged hexadecimal | Uppercase or variable-width digest,,l1/docs/specs/compiler/module-interface-format.md | l1/docs/specs/compiler/abi.md,l1/docs/decisions/0019-whole-module-interface-fingerprints.md,DEA-CANON-0571,Directly covered,Covered,Yes,
DEA-DEC-0594,Plan,l1/work/plans/features/closed/2026-07-17-interface-fingerprint-canonicalization-and-verification-noref.md,D05,2026-07-17,"The fingerprint includes exported structs, enums, aliases, functions, consts, and lets, exposing full transparent layouts but only opacity marker and name for opaque nominals.",ABI and linking,,L1,Retained,Explicit,High,Canonical fingerprint input,167,192,"Only effective exported declarations participate; module location, dependencies, private implementation, metadata, compiler, time, and host facts are excluded.",Hash private implementation details | Hash opaque hidden layouts,,l1/docs/specs/compiler/abi.md,l1/docs/decisions/0019-whole-module-interface-fingerprints.md,DEA-CANON-0572,Directly covered,Covered,Yes,
DEA-DEC-0595,Plan,l1/work/plans/features/closed/2026-07-17-interface-fingerprint-canonicalization-and-verification-noref.md,D06,2026-07-17,"Top-level declaration groups and names are canonically sorted, while field, parameter, variant, and other nested semantic orders are preserved.",ABI and linking,,L1,Retained,Explicit,High,Canonical fingerprint input,167,183,"Source declaration order does not affect group ordering, but semantically meaningful nested order remains in records.",Preserve all source order | Sort semantically ordered members,,l1/docs/specs/compiler/abi.md,l1/docs/decisions/0019-whole-module-interface-fingerprints.md,DEA-CANON-0573,Covered as part of a broader ADR,Covered,Yes,
DEA-DEC-0596,Plan,l1/work/plans/features/closed/2026-07-17-interface-fingerprint-canonicalization-and-verification-noref.md,D07,2026-07-17,String literals enter fingerprints through one decoded canonical value: scalar escapes become UTF-8 while octal escapes retain raw-byte meaning.,ABI and linking,,L1 Stage 1,Retained,Explicit,High,Implementation Constraints and Techniques,98,102,Producer literal folding consumes the lexer's decoded value rather than a second escape decoder.,Hash source spelling | Decode octal escapes as Unicode scalars,,l1/docs/specs/compiler/abi.md,l1/docs/decisions/0019-whole-module-interface-fingerprints.md,DEA-CANON-0574,Covered as part of a broader ADR,Covered,Yes,
DEA-DEC-0597,Plan,l1/work/plans/features/closed/2026-07-17-interface-fingerprint-canonicalization-and-verification-noref.md,D08,2026-07-17,"Integer literals enter fingerprints by checked canonical numeric value rather than source base, separators, or spelling.",ABI and linking,,L1 Stage 1,Retained,Explicit,High,Implementation Constraints and Techniques,103,108,"Canonicalization bounds typed values, normalizes decimal text, and converts binary/octal/hex payloads deterministically.",Hash literal token spelling,,l1/docs/specs/compiler/abi.md,l1/docs/decisions/0019-whole-module-interface-fingerprints.md,DEA-CANON-0575,Covered as part of a broader ADR,Covered,Yes,
DEA-DEC-0598,Plan,l1/work/plans/features/closed/2026-07-17-interface-fingerprint-canonicalization-and-verification-noref.md,D09,2026-07-17,"Dependency records retain their syntax but store the provider module's whole fingerprint, and declaration records contain no hash fields or suffixes.",ABI and linking,,L1,Retained,Explicit,High,`.l1m` grammar migration,194,203,The model removes per-declaration hashes and renames dependency values to provider_fingerprint.,Keep both module and declaration hashes,,l1/docs/specs/compiler/module-interface-format.md,l1/docs/decisions/0019-whole-module-interface-fingerprints.md,DEA-CANON-0576,Directly covered,Covered,Yes,
DEA-DEC-0599,Plan,l1/work/plans/features/closed/2026-07-17-interface-fingerprint-canonicalization-and-verification-noref.md,D10,2026-07-17,"A module's dependency manifest is excluded from its own fingerprint, so private import changes do not invalidate unchanged downstream public surfaces.",ABI and linking,,L1,Retained,Explicit,High,`.l1m` grammar migration,203,205,Provider expectations are compatibility inputs at linking but not part of the consumer's exported-surface digest.,Hash require/link manifests into the consumer fingerprint,,l1/docs/specs/compiler/abi.md,l1/docs/decisions/0019-whole-module-interface-fingerprints.md,DEA-CANON-0577,Directly covered,Covered,Yes,
DEA-DEC-0600,Plan,l1/work/plans/features/closed/2026-07-17-interface-fingerprint-canonicalization-and-verification-noref.md,D11,2026-07-17,"Consumers validate spelling, recompute the canonical fingerprint, and reject mismatches before normalization, graph registration, name resolution, or semantic replay.",Semantic analysis,,L1 Stage 1,Retained,Explicit,High,Producer and consumer verification,211,223,All filesystem and supplied-interface paths fail closed before semantic use.,Trust declared fingerprints | Verify after replay | Fall back to source on mismatch,,l1/docs/specs/compiler/module-interface-format.md | l1/docs/reference/architecture.md,l1/docs/decisions/0019-whole-module-interface-fingerprints.md,DEA-CANON-0578,Directly covered,Covered,Yes,
DEA-DEC-0601,Plan,l1/work/plans/features/closed/2026-07-17-interface-fingerprint-canonicalization-and-verification-noref.md,D12,2026-07-17,Version 1 accepts only tagged SipHash-1-3 fingerprints and provides no implicit algorithm or legacy placeholder fallback.,ABI and linking,,L1,Retained,Explicit,High,`.l1m` grammar migration,205,209,Malformed and unsupported algorithms receive distinct failures because operational separate compilation had not shipped.,Accept legacy empty or untagged values | Infer SipHash for bare hex,,l1/docs/specs/compiler/module-interface-format.md | l1/docs/specs/compiler/abi.md,l1/docs/decisions/0019-whole-module-interface-fingerprints.md,DEA-CANON-0579,Directly covered,Covered,Yes,
DEA-DEC-0602,Plan,l1/work/plans/features/closed/2026-07-17-per-module-backend-and-lifecycle-entrypoints-noref.md,D01,2026-07-17,The compiler retains the legacy whole-program generator beside one named per-module generator during the separate-compilation transition.,Backend and C emission,,L1 Stage 1,Retained,Explicit,High,Backend Interface,90,116,Callers choose one supported output kind rather than independently toggling emission booleans into hybrid states.,Replace build/run atomically before the module ABI exists | Expose combinable emission flags,,l1/docs/reference/c-backend-design.md,l1/docs/decisions/0020-per-module-backend-and-lifecycle-abi.md,DEA-CANON-0580,Directly covered,Covered,Yes,
DEA-DEC-0603,Plan,l1/work/plans/features/closed/2026-07-17-per-module-backend-and-lifecycle-entrypoints-noref.md,D02,2026-07-17,Per-module output defines exactly one source-backed target module and emits only declarations and required visible type layouts for imported providers.,Backend and C emission,,L1 Stage 1,Retained,Explicit,High,Backend Interface,99,106,Imported definitions cannot leak into the translation unit; transparent required layouts may be reproduced and opaque layouts remain hidden.,Emit the whole source closure into every C unit,,l1/docs/reference/c-backend-design.md,l1/docs/decisions/0020-per-module-backend-and-lifecycle-abi.md,DEA-CANON-0581,Directly covered,Covered,Yes,
DEA-DEC-0604,Plan,l1/work/plans/features/closed/2026-07-17-per-module-backend-and-lifecycle-entrypoints-noref.md,D03,2026-07-17,Compiler-generated per-module lifecycle and entry symbols have external linkage independent of the source export manifest.,ABI and linking,,L1,Retained,Explicit,High,Backend Interface,104,110,Source export policy controls source symbols but not reserved lifecycle ABI infrastructure.,Make lifecycle symbols follow the source export manifest,,l1/docs/specs/compiler/abi.md | l1/docs/reference/c-backend-design.md,l1/docs/decisions/0020-per-module-backend-and-lifecycle-abi.md,DEA-CANON-0582,Directly covered,Covered,Yes,The event's export-external/non-export-static clauses repeat B03-D207 and B03-D208. Only infrastructure linkage is a new atomic choice.
DEA-DEC-0605,Plan,l1/work/plans/features/closed/2026-07-17-per-module-backend-and-lifecycle-entrypoints-noref.md,D04,2026-07-17,Every module defines an external one-shot `void I4init(void)` that initializes only its own deferred top-level lets and never its dependencies.,ABI and linking,,L1,Retained,Explicit,High,`I4init`,120,129,The function exists even when empty; the wrapper owns exactly-once dependency ordering.,Emit init only when work exists | Have each module recursively initialize imports,,l1/docs/specs/compiler/abi.md | l1/docs/reference/c-backend-design.md,l1/docs/decisions/0020-per-module-backend-and-lifecycle-abi.md,DEA-CANON-0583,Directly covered,Covered,Yes,
DEA-DEC-0606,Plan,l1/work/plans/features/closed/2026-07-17-per-module-backend-and-lifecycle-entrypoints-noref.md,D05,2026-07-17,Every module defines an external one-shot `void I4fini(void)` that cleans only its own ARC-managed top-level lets and never its dependencies.,ABI and linking,,L1,Retained,Explicit,High,`I4fini`,131,138,The function exists even when empty; reverse ordering and exactly-once invocation belong to the wrapper.,Use one global finalizer | Have modules recursively finalize imports,,l1/docs/specs/compiler/abi.md | l1/docs/reference/c-backend-design.md,l1/docs/decisions/0020-per-module-backend-and-lifecycle-abi.md,DEA-CANON-0584,Directly covered,Covered,Yes,
DEA-DEC-0607,Plan,l1/work/plans/features/closed/2026-07-17-per-module-backend-and-lifecycle-entrypoints-noref.md,D06,2026-07-17,"A source-backed module emits external `I5entry` only when it defines a resolved zero-parameter non-extern `main`, even when that source main is non-exported.",ABI and linking,,L1,Retained,Explicit,High,`I5entry`,140,147,The bridge is translation-unit-local access to a possibly static source main; extern declarations alone are ineligible.,Require main to be exported | Treat extern main declarations as entry candidates,,l1/docs/specs/compiler/abi.md,l1/docs/decisions/0020-per-module-backend-and-lifecycle-abi.md,DEA-CANON-0585,Directly covered,Covered,Yes,
DEA-DEC-0608,Plan,l1/work/plans/features/closed/2026-07-17-per-module-backend-and-lifecycle-entrypoints-noref.md,D07,2026-07-17,"`I5entry` always returns C `int`: L1 int passes through, bool maps true to 0 and false to 1, and other result types normalize to 0.",ABI and linking,,L1,Retained,Explicit,High,`I5entry`,148,150,The module bridge preserves the existing process-wrapper result normalization.,Expose source result types in the C entry ABI | Reject non-int main results,,l1/docs/specs/compiler/abi.md,l1/docs/decisions/0020-per-module-backend-and-lifecycle-abi.md,DEA-CANON-0586,Directly covered,Covered,Yes,
DEA-DEC-0609,Plan,l1/work/plans/features/closed/2026-07-17-per-module-backend-and-lifecycle-entrypoints-noref.md,D08,2026-07-17,"Per-module output contains no process-level C `main`, dependency lifecycle calls, or argument initialization; a later wrapper owns the complete process sequence.",Backend and C emission,,L1,Retained,Explicit,High,Backend Interface,109,116,Module translation units provide local ABI entry points but do not orchestrate a process.,Emit a process wrapper in every entry module | Make I5entry orchestrate lifecycle,,l1/docs/reference/c-backend-design.md,l1/docs/decisions/0020-per-module-backend-and-lifecycle-abi.md,DEA-CANON-0587,Directly covered,Covered,Yes,
DEA-DEC-0610,Plan,l1/work/plans/features/closed/2026-07-17-separate-compilation-artifact-layout-and-module-graph-noref.md,D01,2026-07-17,"A canonical dotted module name maps to a slash-separated relative stem with sibling `.c`, `.o`, and `.l1m` artifacts.",CLI and distribution,,L1,Retained,Explicit,High,Canonical artifact association,96,102,Replacing dots with path separators yields one three-file artifact association under a caller-selected root.,Use source paths as artifact stems | Place artifact kinds in separate trees,,l1/docs/specs/compiler/module-interface-format.md | l1/docs/reference/architecture.md,l1/docs/decisions/0018-canonical-artifact-association-and-module-graph.md,DEA-CANON-0588,Directly covered,Covered,Yes,
DEA-DEC-0611,Plan,l1/work/plans/features/closed/2026-07-17-separate-compilation-artifact-layout-and-module-graph-noref.md,D02,2026-07-17,"An explicit compile-only output must be a regular `.o` path, and replacing only its final suffix selects the `.c` and `.l1m` companions.",CLI and distribution,,L1,Retained,Explicit,High,Canonical artifact association,102,106,Extensionless and directory outputs are rejected rather than guessed.,Accept a directory | Infer artifact kind from an extensionless path,,l1/docs/reference/architecture.md,l1/docs/decisions/0018-canonical-artifact-association-and-module-graph.md,DEA-CANON-0589,Directly covered,Covered,Yes,
DEA-DEC-0612,Plan,l1/work/plans/features/closed/2026-07-17-separate-compilation-artifact-layout-and-module-graph-noref.md,D03,2026-07-17,"Separate-compilation artifact identity depends only on canonical module identity, never source-path spelling, search roots, or import aliases.",ABI and linking,,L1,Retained,Explicit,High,Canonical artifact association,107,110,Filesystem and local naming choices cannot create competing artifact identities.,Include source-root or alias spelling in identity,,l1/docs/reference/architecture.md,l1/docs/decisions/0018-canonical-artifact-association-and-module-graph.md,DEA-CANON-0590,Directly covered,Covered,Yes,
DEA-DEC-0613,Plan,l1/work/plans/features/closed/2026-07-17-separate-compilation-artifact-layout-and-module-graph-noref.md,D04,2026-07-17,The requested compilation target is always source-backed; an interface can satisfy imports but cannot replace the module being compiled.,Frontend architecture,,L1 Stage 1,Retained,Explicit,High,Source and interface precedence,112,116,Entry selection keeps the target implementation in source even if a matching interface exists.,Compile a selected target interface,,l1/docs/reference/architecture.md,l1/docs/decisions/0018-canonical-artifact-association-and-module-graph.md,DEA-CANON-0591,Covered as part of a broader ADR,Covered,Yes,
DEA-DEC-0614,Plan,l1/work/plans/features/closed/2026-07-17-separate-compilation-artifact-layout-and-module-graph-noref.md,D05,2026-07-17,"Imported interfaces are searched in explicit `-I` root order, and the first existing dotted-path `.l1m` candidate wins over source and lower-priority interfaces.",Frontend architecture,,L1 Stage 1,Retained,Explicit,High,Source and interface precedence,116,118,"Interface discovery is deterministic, interface-first, and first-root-wins.",Prefer source | Treat multiple matches as ambiguity,,l1/docs/specs/compiler/module-interface-format.md | l1/docs/reference/architecture.md,l1/docs/decisions/0018-canonical-artifact-association-and-module-graph.md,DEA-CANON-0592,Directly covered,Covered,Yes,
DEA-DEC-0615,Plan,l1/work/plans/features/closed/2026-07-17-separate-compilation-artifact-layout-and-module-graph-noref.md,D06,2026-07-17,"A selected interface is authoritative: unreadable, malformed, invalid-UTF-8, or identity-mismatched interfaces fail without source fallback.",Frontend architecture,,L1 Stage 1,Retained,Explicit,High,Source and interface precedence,118,120,Selection commits to the artifact instead of hiding stale or corrupt interfaces behind available source.,Silently fall back to source on any interface failure,,l1/docs/specs/compiler/module-interface-format.md | l1/docs/reference/architecture.md,l1/docs/decisions/0018-canonical-artifact-association-and-module-graph.md,DEA-CANON-0593,Directly covered,Covered,Yes,
DEA-DEC-0616,Plan,l1/work/plans/features/closed/2026-07-17-separate-compilation-artifact-layout-and-module-graph-noref.md,D07,2026-07-17,Strict interface resolution reports a missing-interface error for every non-virtual imported module.,Frontend architecture,,L1 Stage 1,Retained,Explicit,High,Source and interface precedence,120,123,MRP_REQUIRE_INTERFACE is the compile-only policy and forbids source fallback.,Always allow source fallback,,l1/docs/reference/architecture.md,l1/docs/decisions/0018-canonical-artifact-association-and-module-graph.md,DEA-CANON-0594,Covered as part of a broader ADR,Covered,Yes,
DEA-DEC-0617,Plan,l1/work/plans/features/closed/2026-07-17-separate-compilation-artifact-layout-and-module-graph-noref.md,D08,2026-07-17,"When interface resolution permits source fallback and finds no interface, the resolver selects source under the existing source-root precedence and schedules it as a module-graph node.",Frontend architecture,,L1 Stage 1,Retained,Explicit,High,Source and interface precedence,123,125,MRP_ALLOW_SOURCE_FALLBACK is the build/run fan-out policy when no interface exists.,Project roots before system roots | Do not schedule fallback sources,,l1/docs/reference/architecture.md,l1/docs/decisions/0018-canonical-artifact-association-and-module-graph.md,DEA-CANON-0595,Covered as part of a broader ADR,Covered,Yes,The override isolates the new fallback/graph policy while treating root precedence as an existing rule reaffirmed from April.
DEA-DEC-0618,Plan,l1/work/plans/features/closed/2026-07-17-separate-compilation-artifact-layout-and-module-graph-noref.md,D09,2026-07-17,Compiler-synthesized prelude modules remain virtual and require no `.l1m` or object artifact.,Frontend architecture,,L1,Retained,Explicit,High,Source and interface precedence,125,126,Virtual compiler providers are exempt from real interface discovery.,Materialize interfaces for virtual modules,,l1/docs/reference/architecture.md,l1/docs/decisions/0018-canonical-artifact-association-and-module-graph.md,DEA-CANON-0596,Covered as part of a broader ADR,Covered,Yes,
DEA-DEC-0619,Plan,l1/work/plans/features/closed/2026-07-17-separate-compilation-artifact-layout-and-module-graph-noref.md,D10,2026-07-17,"One module-graph node represents one canonical module with exactly one selected source, interface, supplied-registry, or virtual origin.",Frontend architecture,,L1 Stage 1,Retained,Explicit,High,Module graph and dependency tiers,131,135,"Graph identity cannot merge conflicting origins, and public enumeration is canonical-name ordered.",Allow multiple simultaneous origins per module,,l1/docs/reference/architecture.md,l1/docs/decisions/0018-canonical-artifact-association-and-module-graph.md,DEA-CANON-0597,Directly covered,Covered,Yes,
DEA-DEC-0620,Plan,l1/work/plans/features/closed/2026-07-17-separate-compilation-artifact-layout-and-module-graph-noref.md,D11,2026-07-17,"Source nodes preserve direct imports in exact declaration order, including duplicates and imports used only for side effects.",Frontend architecture,,L1 Stage 1,Retained,Explicit,High,Module graph and dependency tiers,135,138,The ordered edge sequence is kept independently from deterministic symbol manifests for lifecycle use.,Sort/deduplicate all dependency views,,l1/docs/specs/compiler/module-interface-format.md | l1/docs/reference/architecture.md,l1/docs/decisions/0018-canonical-artifact-association-and-module-graph.md,DEA-CANON-0598,Directly covered,Covered,Yes,
DEA-DEC-0621,Plan,l1/work/plans/features/closed/2026-07-17-separate-compilation-artifact-layout-and-module-graph-noref.md,D12,2026-07-17,"Interface `require` denotes a public-surface semantic dependency, while `link` denotes an implementation-only graph obligation that exposes no provider names.",Semantic analysis,,L1,Retained,Explicit,High,Module graph and dependency tiers,139,143,The two dependency tiers have distinct semantic activation behavior.,Activate both tiers semantically | Collapse both tiers into one manifest,,l1/docs/specs/compiler/module-interface-format.md,l1/docs/decisions/0018-canonical-artifact-association-and-module-graph.md,DEA-CANON-0599,Directly covered,Covered,Yes,
DEA-DEC-0622,Plan,l1/work/plans/features/closed/2026-07-17-separate-compilation-artifact-layout-and-module-graph-noref.md,D13,2026-07-17,"The graph recursively closes over providers from both `require` and `link`, but activates only `require` providers for semantic replay.",Frontend architecture,,L1 Stage 1,Retained,Explicit,High,Module graph and dependency tiers,143,144,Implementation-only providers remain link-set obligations without entering the semantic environment.,Load only direct dependencies | Activate link-only providers,,l1/docs/specs/compiler/module-interface-format.md | l1/docs/reference/architecture.md,l1/docs/decisions/0018-canonical-artifact-association-and-module-graph.md,DEA-CANON-0470,Directly covered,Covered,Yes,
DEA-DEC-0623,Plan,l1/work/plans/features/closed/2026-07-17-separate-compilation-artifact-layout-and-module-graph-noref.md,D14,2026-07-17,"Emitted dependency manifests are sorted and deduplicated by provider symbol, and `require` dominates `link` for a symbol present in both.",ABI and linking,,L1,Retained,Explicit,High,Module graph and dependency tiers,145,146,Manifest determinism does not overwrite the separately retained direct-import order.,Emit duplicate require/link entries | Let link dominate,,l1/docs/specs/compiler/module-interface-format.md,l1/docs/decisions/0018-canonical-artifact-association-and-module-graph.md,DEA-CANON-0600,Covered as part of a broader ADR,Covered,Yes,
DEA-DEC-0624,Plan,l1/work/plans/features/closed/2026-07-17-separate-compilation-artifact-layout-and-module-graph-noref.md,D15,2026-07-17,Every dependency record naming one provider repeats that provider's whole-module fingerprint; no per-symbol compatibility hash is computed.,ABI and linking,,L1,Retained,Explicit,High,Module graph and dependency tiers,147,149,Dependency values are module-level expectations even though records retain provider-symbol syntax.,Compute independent per-symbol hashes,,l1/docs/specs/compiler/module-interface-format.md,l1/docs/decisions/0018-canonical-artifact-association-and-module-graph.md | l1/docs/decisions/0019-whole-module-interface-fingerprints.md,DEA-CANON-0601,Directly covered,Covered,Yes,
DEA-DEC-0625,Plan,l1/work/plans/features/closed/2026-07-17-separate-compilation-artifact-layout-and-module-graph-noref.md,D16,2026-07-17,Source and interface cycles share the complete canonical module-chain diagnostic policy; cache hits are not cycles and failed nodes never become resolved.,Frontend architecture,,L1 Stage 1,Retained,Explicit,High,Module graph and dependency tiers,151,154,"Resolution state distinguishes active recursion, cached success, and terminal failure.",,,l1/docs/reference/architecture.md,l1/docs/decisions/0018-canonical-artifact-association-and-module-graph.md,DEA-CANON-0602,Covered as part of a broader ADR,Covered,Yes,
DEA-DEC-0626,Plan,l1/work/plans/bug-fixes/closed/2026-07-20-stage1-module-interface-resolution-hardening-noref.md,D01,2026-07-20,"Semantic types are finalized after source signature resolution so nested wrappers, nominal kinds, and source/interface transparent aliases materialize against the complete provider set.",Semantic analysis,,L1 Stage 1,Retained,Embedded,Medium,Resolution,89,100,A ledger-neutral post-signature pass updates semantic consumers while preserving raw graph and projected interface spelling.,Fully materialize parser types before provider signatures exist,,l1/docs/reference/architecture.md,l1/docs/decisions/0014-module-interface-artifact.md,DEA-CANON-0603,Covered as part of a broader ADR,Covered,Yes,
DEA-DEC-0627,Plan,l1/work/plans/bug-fixes/closed/2026-07-20-stage1-module-interface-resolution-hardening-noref.md,D02,2026-07-20,"An interface public surface is valid only against its transitive semantic closure: interface nodes traverse `require`, source nodes traverse direct imports, and `link` never grants surface visibility.",Semantic analysis,,L1 Stage 1,Retained,Embedded,Medium,Resolution,102,104,The analyzer reports RES-0040 when a public type depends only on an implementation-tier link edge.,Use the broader link closure for public-surface typing,,l1/docs/specs/compiler/module-interface-format.md,l1/docs/decisions/0018-canonical-artifact-association-and-module-graph.md,DEA-CANON-0604,Covered as part of a broader ADR,Covered,Yes,
DEA-DEC-0628,Plan,l1/work/plans/features/closed/2026-07-17-object-metadata-emission-and-readers-noref.md,D01,2026-07-23,"Each separately compiled Dea object embeds enough module identity, interface, import, lifecycle, and entry metadata for standalone validation without reopening `.l1m` files.",ABI and linking,,L1,Retained,Explicit,High,Summary,42,55,Object files become the authoritative standalone-link inputs; metadata-free status is reserved for genuine foreign objects.,Reopen sidecar interfaces at link time | Rely on linker symbol failures,,l1/docs/specs/compiler/abi.md,l1/docs/decisions/0021-portable-object-metadata-and-inspection.md,DEA-CANON-0605,Directly covered,Covered,Yes,
DEA-DEC-0629,Plan,l1/work/plans/features/closed/2026-07-17-object-metadata-emission-and-readers-noref.md,D02,2026-07-23,Object metadata is emitted as two external C99 `const uint8_t` arrays named by reserved LBI terminals `I8metadata` and `I7imports`.,ABI and linking,,L1,Retained,Explicit,High,Metadata Symbols and Wire Format,99,106,Portable compiler-generated arrays carry identity and ordered-import records without custom object sections.,Custom object sections | Compiler-specific retention attributes,,l1/docs/specs/compiler/abi.md,l1/docs/decisions/0021-portable-object-metadata-and-inspection.md,DEA-CANON-0606,Directly covered,Covered,Yes,
DEA-DEC-0630,Plan,l1/work/plans/features/closed/2026-07-17-object-metadata-emission-and-readers-noref.md,D03,2026-07-23,"Both metadata records use a fixed 16-byte little-endian envelope with `DEAL1OBJ` magic, version, record kind, and payload length.",ABI and linking,,L1,Retained,Explicit,High,Metadata Symbols and Wire Format,107,115,The common binary header makes record kind and bounded payload size explicit.,Native-endian structs | Unversioned byte strings,,l1/docs/specs/compiler/abi.md,l1/docs/decisions/0021-portable-object-metadata-and-inspection.md,DEA-CANON-0607,Directly covered,Covered,Yes,
DEA-DEC-0631,Plan,l1/work/plans/features/closed/2026-07-17-object-metadata-emission-and-readers-noref.md,D04,2026-07-23,"The identity record contains module name, raw whole-module fingerprint, and the `HAS_ENTRY` flag.",ABI and linking,,L1,Retained,Explicit,High,Metadata Symbols and Wire Format,116,121,Version 1 records canonical producer identity and entry candidacy in one payload.,,,l1/docs/specs/compiler/abi.md,l1/docs/decisions/0021-portable-object-metadata-and-inspection.md,DEA-CANON-0608,Directly covered,Covered,Yes,
DEA-DEC-0632,Plan,l1/work/plans/features/closed/2026-07-17-object-metadata-emission-and-readers-noref.md,D05,2026-07-23,"The imports record contains each unique direct non-virtual provider once, in first source-import order, including side-effect-only imports.",ABI and linking,,L1,Retained,Explicit,High,Metadata Symbols and Wire Format,123,136,Object metadata preserves module-level provider order and expected fingerprints without per-symbol hashes.,Sort providers | Omit side-effect-only imports | Serialize per-symbol compatibility,,l1/docs/specs/compiler/abi.md,l1/docs/decisions/0021-portable-object-metadata-and-inspection.md,DEA-CANON-0609,Directly covered,Covered,Yes,
DEA-DEC-0633,Plan,l1/work/plans/features/closed/2026-07-17-object-metadata-emission-and-readers-noref.md,D06,2026-07-23,Metadata format version 1 stores raw SipHash-1-3 digests; supporting another fingerprint algorithm requires a new metadata version.,ABI and linking,,L1,Retained,Explicit,High,Metadata Symbols and Wire Format,127,130,The textual algorithm tag is omitted only because the record version fixes its interpretation.,Interpret the same version under a new default algorithm | Embed textual tagged values,,l1/docs/specs/compiler/abi.md,l1/docs/decisions/0021-portable-object-metadata-and-inspection.md,DEA-CANON-0610,Directly covered,Covered,Yes,
DEA-DEC-0634,Plan,l1/work/plans/features/closed/2026-07-17-object-metadata-emission-and-readers-noref.md,D07,2026-07-23,Both metadata arrays are retained by volatile byte reads from the always-present module `I4init` function.,ABI and linking,,L1,Retained,Explicit,High,Emission and Dead-Strip Anchor,142,151,A standard-C object reference prevents dead stripping without custom sections or attributes.,Custom section retention | Rely on unreferenced external arrays surviving,,l1/docs/specs/compiler/abi.md,l1/docs/decisions/0021-portable-object-metadata-and-inspection.md,DEA-CANON-0611,Directly covered,Covered,Yes,
DEA-DEC-0635,Plan,l1/work/plans/features/closed/2026-07-17-object-metadata-emission-and-readers-noref.md,D08,2026-07-23,"Object inspection returns exactly one metadata classification: valid Dea metadata, no Dea metadata, or malformed Dea metadata.",ABI and linking,,L1 Stage 1,Retained,Explicit,High,Object Inspection Interface,153,165,The format-neutral reader separates metadata state from container read failures.,Use a binary present/absent result,,l1/docs/reference/architecture.md,l1/docs/decisions/0021-portable-object-metadata-and-inspection.md,DEA-CANON-0612,Directly covered,Covered,Yes,
DEA-DEC-0636,Plan,l1/work/plans/features/closed/2026-07-17-object-metadata-emission-and-readers-noref.md,D09,2026-07-23,`NoDeaMetadata` requires a supported relocatable object with neither metadata symbols nor any external normalized `__dea` definition.,ABI and linking,,L1 Stage 1,Retained,Explicit,High,Object Inspection Interface,167,178,Any incomplete metadata or reserved-LBI evidence is malformed and cannot be reclassified by a foreign-object hint.,Treat any object lacking both arrays as foreign | Let caller hints override classification,,l1/docs/reference/architecture.md,l1/docs/decisions/0021-portable-object-metadata-and-inspection.md,DEA-CANON-0613,Directly covered,Covered,Yes,
DEA-DEC-0637,Plan,l1/work/plans/features/closed/2026-07-17-object-metadata-emission-and-readers-noref.md,D10,2026-07-23,"File access, unsupported-container, and corrupt-container failures remain object-read errors outside the metadata tri-state.",Diagnostics and recovery,,L1 Stage 1,Retained,Explicit,High,Object Inspection Interface,153,165,A container failure never collapses into metadata absence.,Treat unreadable or unsupported files as metadata-free,,l1/docs/reference/architecture.md,l1/docs/decisions/0021-portable-object-metadata-and-inspection.md,DEA-CANON-0614,Covered as part of a broader ADR,Covered,Yes,
DEA-DEC-0638,Plan,l1/work/plans/features/closed/2026-07-17-object-metadata-emission-and-readers-noref.md,D11,2026-07-23,"L1 inspects relocatable ELF, Mach-O, and PE/COFF files with bounded in-repository readers rather than invoking host tools.",Portability,,L1 Stage 1,Retained,Explicit,High,Bounded Format Readers,184,210,"Readers inspect only bounded section, symbol, and string data and do not load code, apply relocations, or invoke external commands.",Shell out to nm or objdump | Depend on platform SDK parsing libraries,,l1/docs/reference/architecture.md,l1/docs/decisions/0021-portable-object-metadata-and-inspection.md,DEA-CANON-0615,Directly covered,Covered,Yes,
DEA-DEC-0639,Plan,l1/work/plans/features/closed/2026-07-17-object-metadata-emission-and-readers-noref.md,D12,2026-07-23,"Object symbol normalization is format- and architecture-specific and removes only enumerated ABI prefixes, never fuzzy suffixes or arbitrary leading characters.",Portability,,L1 Stage 1,Retained,Explicit,High,Bounded Format Readers,186,202,"ELF, Mach-O, and COFF adapters apply narrowly defined underscore/hash rules for their supported targets.",Use fuzzy suffix matching | Strip all leading punctuation,,l1/docs/reference/architecture.md,l1/docs/decisions/0021-portable-object-metadata-and-inspection.md,DEA-CANON-0616,Covered as part of a broader ADR,Covered,Yes,
DEA-DEC-0640,Plan,l1/work/plans/features/closed/2026-07-17-object-metadata-emission-and-readers-noref.md,D13,2026-07-23,"Valid Dea metadata requires identity/import pairing, supported version and flags, canonical consistent identity, lifecycle symbols, and entry-flag agreement.",ABI and linking,,L1 Stage 1,Retained,Explicit,High,Object Inspection Interface,167,176,Intrinsic object ABI consistency is checked before a module object is accepted.,Validate only the byte records and defer symbol consistency,,l1/docs/specs/compiler/abi.md,l1/docs/decisions/0021-portable-object-metadata-and-inspection.md,DEA-CANON-0617,Directly covered,Covered,Yes,
DEA-DEC-0641,Plan,l1/work/plans/features/closed/2026-07-17-object-metadata-emission-and-readers-noref.md,D14,2026-07-23,"A metadata-free foreign object has no module identity, fingerprint obligation, dependency edge, lifecycle participation, or entry eligibility; process-level C `main` is reported separately.",ABI and linking,,L1,Retained,Explicit,High,Object Inspection Interface,180,182,Foreign relocatables remain outside the Dea module graph while exposing enough symbol evidence for later link policy.,Synthesize module identity for foreign objects | Allow foreign objects into lifecycle ordering,,l1/docs/reference/architecture.md,l1/docs/decisions/0021-portable-object-metadata-and-inspection.md,DEA-CANON-0618,Covered as part of a broader ADR,Covered,Yes,
