canonical_id,summary,primary_category,secondary_categories,scope,current_status,included_in_current_total,historical_event_ids,incoming_relationship_ids,outgoing_relationship_ids,affected_targets,current_docs,related_adrs,adr_coverage,adr_warranted,reviewer_notes
DEA-CANON-0001,Non-place ARC rvalues crossing borrowed-use boundaries are materialized as cleanup-owned temporaries and remain live through consumption.,Ownership and memory safety,Backend and C emission,L0 Stage 1,Retained,Yes,DEA-DEC-0001,,,L0 Stage 1 | Stage 1,l0/docs/reference/c-backend-design.md | l0/docs/reference/ownership.md,docs/decisions/0002-arc-ownership-model.md | l0/docs/decisions/0008-arc-ownership-model.md,Covered as part of a broader ADR,Yes,The canonical wording covers string-comparison helper calls without counting that mechanical application again.
DEA-CANON-0002,"A borrowed ARC parameter was promoted lazily to an owned binding on its first reassignment, without releasing the caller-owned old value, and ownership was registered in the declaring function scope.",Ownership and memory safety,Backend and C emission,L0 Stage 1,Superseded,No,DEA-DEC-0002,,DEA-REL-0021,L0 Stage 1 | Stage 1,l0/docs/reference/ownership.md,docs/decisions/0002-arc-ownership-model.md | l0/docs/decisions/0008-arc-ownership-model.md,Directly covered,Yes,One atomic historical event.
DEA-CANON-0003,"L0 Stage 1 is the behavioral oracle for the mechanical Stage 2 port across parser, semantic-analysis, diagnostic, and backend surfaces.",Bootstrap and self-hosting,Diagnostics and recovery | Frontend architecture,L0 Stage 2,Retained,Yes,DEA-DEC-0003,,,L0 Stage 2 | Stage 2,l0/docs/reference/architecture.md | l0/docs/specs/compiler/stage1-contract.md | l0/docs/specs/compiler/stage2-contract.md,docs/decisions/0001-two-stage-architecture.md,Directly covered,Yes,Generalizes the retained earliest event after removing later subsystem restatements.
DEA-CANON-0004,"Stage 2 uses a hybrid AST: declaration/shared metadata is pointer-owned, while expressions, statements, and patterns are arena-backed and connected by integer IDs.",Frontend architecture,Ownership and memory safety,L0 Stage 2,Retained,Yes,DEA-DEC-0004,,,L0 Stage 2 | Stage 2,l0/docs/reference/architecture.md,,Not covered,Yes,Included in the prioritized missing-ADR backlog.
DEA-CANON-0005,The parser is a syntax-only phase; semantic and type-checking logic stays outside it.,Frontend architecture,Semantic analysis,L0 Stage 2,Retained,Yes,DEA-DEC-0005,,,L0 Stage 2 | Stage 2,l0/docs/reference/architecture.md,,ADR not warranted,No,One atomic historical event.
DEA-CANON-0006,"A Stage 2 ParseResult owns its module and AST arenas, and the caller releases the aggregate with parse_result_free.",Frontend architecture,Ownership and memory safety,L0 Stage 2,Retained,Yes,DEA-DEC-0006,,,L0 Stage 2 | Stage 2,l0/docs/reference/architecture.md,,Not covered,Yes,Included in the prioritized missing-ADR backlog.
DEA-CANON-0007,Trace analysis fails only for definite runtime faults; suspicious or compatibility heuristics remain warnings.,Diagnostics and recovery,Repository and process architecture | Runtime,L0 Stage 2,Retained,Yes,DEA-DEC-0007,,,L0 Stage 2 | Stage 2,l0/docs/specs/runtime/trace.md,,ADR not warranted,No,One atomic historical event.
DEA-CANON-0008,"Inline `with` cleanup is registered after each successful header item, so a later `?` short-circuit runs only prior completed cleanups in LIFO order.",Language semantics,Backend and C emission | Ownership and memory safety,L0,Retained,Yes,DEA-DEC-0008,,,L0 | Stage 1,l0/docs/reference/grammar.md | l0/docs/reference/ownership.md,l0/docs/decisions/0010-with-statement-cleanup.md,Directly covered,Yes,One atomic historical event.
DEA-CANON-0009,A cleanup block may not reference a non-nullable `with` header binding that can be uninitialized on a `?` header-failure path.,Type system,Diagnostics and recovery | Language semantics,L0,Retained,Yes,DEA-DEC-0009,,,L0 | Stage 1,docs/specs/compiler/diagnostic-code-catalog.md | l0/docs/reference/grammar.md,l0/docs/decisions/0010-with-statement-cleanup.md,Covered as part of a broader ADR,Yes,One atomic historical event.
DEA-CANON-0010,"`module parser` remains the sole stable public import facade while expression, statement, declaration, and shared parser internals live in private submodules.",Frontend architecture,,L0 Stage 2,Retained,Yes,DEA-DEC-0010,,,L0 Stage 2 | Stage 2,l0/docs/reference/architecture.md,,ADR not warranted,No,One atomic historical event.
DEA-CANON-0011,"The Stage 2 parser public result is diagnostics-only, with a collector and helper queries instead of a public single-error enum.",Frontend architecture,Diagnostics and recovery,L0 Stage 2,Retained,Yes,DEA-DEC-0011 | DEA-DEC-0026,DEA-REL-0001,DEA-REL-0001,L0 Stage 2 | Stage 2,l0/docs/reference/architecture.md,,ADR not warranted,No,Groups 2 historical events.
DEA-CANON-0012,Compiler operating modes are selected by flags only across the current shared CLI.,CLI and distribution,Bootstrap and self-hosting,Dea-wide,Retained,Yes,DEA-DEC-0012 | DEA-DEC-0021,,,L0 Stage 1 | L0 Stage 2 | Stage 1 | Stage 2,docs/specs/compiler/cli-contract.md | l0/docs/specs/compiler/cli-contract.md,docs/decisions/0003-shared-cli-contract.md,Directly covered,Yes,This merges the original global-mode choice with the Stage 2 flags-only event and follows removal of the transitional Stage 1 shim.
DEA-CANON-0013,`--build` is the compiler's default mode when no primary mode flag is supplied.,CLI and distribution,,L0 Stage 1,Retained,Yes,DEA-DEC-0013,,,L0 Stage 1 | Stage 1,docs/specs/compiler/cli-contract.md | l0/docs/specs/compiler/cli-contract.md,docs/decisions/0003-shared-cli-contract.md,Directly covered,Yes,One atomic historical event.
DEA-CANON-0014,Stage 1 initially retained a compatibility shim that rewrote the first recognized legacy command word into a mode flag.,CLI and distribution,,L0 Stage 1,Superseded,No,DEA-DEC-0014,,DEA-REL-0042,L0 Stage 1 | Stage 1,l0/docs/specs/compiler/cli-contract.md,docs/decisions/0003-shared-cli-contract.md,Directly covered,Yes,One atomic historical event.
DEA-CANON-0015,"Runtime arguments for `--run` must follow a `--` separator, and the separator is invalid outside run mode.",CLI and distribution,,L0,Retained,Yes,DEA-DEC-0015,,,L0 | Stage 1,docs/specs/compiler/cli-contract.md | l0/docs/specs/compiler/cli-contract.md,docs/decisions/0003-shared-cli-contract.md,Directly covered,Yes,One atomic historical event.
DEA-CANON-0016,A compiler invocation accepts exactly one source target; multi-target execution remains outside the current contract.,CLI and distribution,,L0,Retained,Yes,DEA-DEC-0016,,,L0 | Stage 1,docs/specs/compiler/cli-contract.md | l0/docs/specs/compiler/cli-contract.md,docs/decisions/0003-shared-cli-contract.md,Directly covered,Yes,One atomic historical event.
DEA-CANON-0017,The initial short-option allocation kept `-I` for `--runtime-include`.,CLI and distribution,,L0,Superseded,No,DEA-DEC-0017,,DEA-REL-0043,L0 | Stage 1,docs/specs/compiler/cli-contract.md | l0/docs/specs/compiler/cli-contract.md,docs/decisions/0003-shared-cli-contract.md,Directly covered,Yes,One atomic historical event.
DEA-CANON-0018,`--include-eof` is a long-only token-dump option.,CLI and distribution,,L0,Retained,Yes,DEA-DEC-0018,,,L0 | Stage 1,docs/specs/compiler/cli-contract.md | l0/docs/specs/compiler/cli-contract.md,docs/decisions/0003-shared-cli-contract.md,Covered as part of a broader ADR,Yes,One atomic historical event.
DEA-CANON-0019,Mode-scoped options are validated as fatal CLI errors when used with incompatible modes.,CLI and distribution,Diagnostics and recovery,L0,Retained,Yes,DEA-DEC-0019,,,L0 | Stage 1,docs/specs/compiler/cli-contract.md | l0/docs/specs/compiler/cli-contract.md,docs/decisions/0003-shared-cli-contract.md,Directly covered,Yes,One atomic historical event.
DEA-CANON-0020,"With `--run --keep-c`, generated C is retained as `./a.c` by default or as `<output>.c` when `-o` is supplied, while the executable remains temporary.",CLI and distribution,Backend and C emission,L0 Stage 1,Retained,Yes,DEA-DEC-0020,,,L0 Stage 1 | Stage 1,l0/docs/specs/compiler/cli-contract.md | l0/docs/specs/compiler/stage1-contract.md,docs/decisions/0003-shared-cli-contract.md,Covered as part of a broader ADR,Yes,One atomic historical event.
DEA-CANON-0021,"The L0 stdlib and C runtime are stage-independent assets under `compiler/shared`, consumed by both Stage 1 and Stage 2.",Repository and process architecture,Runtime | Standard library,L0,Retained,Yes,DEA-DEC-0022,,,L0 | Stage 1/2,l0/docs/reference/architecture.md | l0/docs/reference/standard-library.md,docs/decisions/0004-monorepo-directory-structure.md,Partially covered,Yes,One atomic historical event.
DEA-CANON-0022,"`L0_HOME` denotes the compiler root, from which the default stdlib and runtime include paths are derived under `shared/`.",CLI and distribution,Repository and process architecture,L0,Retained,Yes,DEA-DEC-0023,,,L0 | Stage 1/2,docs/specs/compiler/cli-contract.md | l0/docs/specs/compiler/cli-contract.md,docs/decisions/0003-shared-cli-contract.md,Covered as part of a broader ADR,Yes,One atomic historical event.
DEA-CANON-0023,L0 compiler stages use diagnostic collectors as the authoritative error channel across frontend phases rather than public exceptions or singleton error results.,Diagnostics and recovery,Frontend architecture,L0,Retained,Yes,DEA-DEC-0024 | DEA-DEC-0068,DEA-REL-0002,DEA-REL-0002,L0 Stage 1 | L0 Stage 2 | Stage 2,docs/specs/compiler/diagnostic-code-catalog.md | l0/docs/reference/architecture.md | l0/docs/specs/compiler/diagnostic-format.md,,Not covered,Yes,This canonical wording consolidates the Stage 2 lexer/parser adoption and the broader Stage 1 pipeline adoption. The shared current collector contract is an uncovered missing-ADR candidate; the earlier Stage 2-only event was correctly classified as too narrow to warrant its own ADR. Included in the prioritized missing-ADR backlog.
DEA-CANON-0024,Recoverable invalid source input is consumed and scanning continues instead of terminating lexing at the first error.,Diagnostics and recovery,Frontend architecture,Shared L0/L1,Retained,Yes,DEA-DEC-0025 | DEA-DEC-0457,DEA-REL-0004,DEA-REL-0004 | DEA-REL-0007,L0 Stage 2 | Shared | Shared L0/L1 | Stage 2,docs/decisions/0009-logical-lexer-error-recovery-tokens-and-codepoint-columns.md | docs/specs/compiler/diagnostic-code-catalog.md,docs/decisions/0009-logical-lexer-error-recovery-tokens-and-codepoint-columns.md,Covered as part of a broader ADR,Yes,The canonical rule follows the fail-fast supersession chain.
DEA-CANON-0025,"Dea parsers recover at declaration and block-local statement boundaries, preserve partial parse results, and do not unwind a malformed function into top-level parsing.",Diagnostics and recovery,Frontend architecture,Shared L0/L1,Retained,Yes,DEA-DEC-0027 | DEA-DEC-0069 | DEA-DEC-0441,DEA-REL-0005,DEA-REL-0005,L0 Stage 1 | L0 Stage 2 | Shared | Shared L0/L1 | Stage 2,l0/docs/reference/architecture.md | l0/docs/specs/compiler/diagnostic-format.md | l1/docs/reference/architecture.md,,Not covered,Yes,This is the shared current rule after the top-level-only Stage 2 limit was removed. Included in the prioritized missing-ADR backlog.
DEA-CANON-0026,"Recoverable lexer diagnostics cross into parsing as logical wrapper tokens carrying diagnostic data and an optional recovery token, replacing direct collector copying.",Frontend architecture,Diagnostics and recovery | Frontend architecture,Shared L0/L1,Retained,Yes,DEA-DEC-0028 | DEA-DEC-0460,DEA-REL-0006 | DEA-REL-0007,DEA-REL-0006,L0 Stage 2 | Shared | Shared L0/L1 | Stage 2,docs/decisions/0009-logical-lexer-error-recovery-tokens-and-codepoint-columns.md | l0/docs/specs/compiler/stage1-contract.md | l1/docs/reference/architecture.md,docs/decisions/0009-logical-lexer-error-recovery-tokens-and-codepoint-columns.md,Directly covered,Yes,The canonical wording includes the superseded direct-copy transport in one historical chain.
DEA-CANON-0027,Reusable containers and text infrastructure are public flat `std.*` modules shared by both L0 compiler stages rather than Stage 2-private `util.*` modules.,Standard library,Repository and process architecture,L0,Retained,Yes,DEA-DEC-0029,,,L0 | Stage 1/2,l0/docs/reference/standard-library.md,l0/docs/decisions/0015-stdlib-module-boundaries.md,Covered as part of a broader ADR,Yes,One atomic historical event.
DEA-CANON-0028,Compiler-specific diagnostic infrastructure remains private to Stage 2 as `util.diag` and is not promoted to `std.diag`.,Standard library,Diagnostics and recovery | Frontend architecture,L0 Stage 2,Retained,Yes,DEA-DEC-0030,,,L0 Stage 2 | Stage 1/2,l0/docs/reference/architecture.md | l0/docs/reference/standard-library.md,l0/docs/decisions/0015-stdlib-module-boundaries.md,Covered as part of a broader ADR,Yes,One atomic historical event.
DEA-CANON-0029,"The L0 stdlib dependency graph must remain acyclic, specifically avoiding mutual imports between `std.string` and `std.text`.",Standard library,Repository and process architecture,L0,Retained,Yes,DEA-DEC-0031,,,L0 | Stage 1/2,l0/docs/reference/standard-library.md,l0/docs/decisions/0015-stdlib-module-boundaries.md,Covered as part of a broader ADR,Yes,One atomic historical event.
DEA-CANON-0030,"Parsing and formatting conversions live in `std.text`, while low-level character, byte, and raw string helpers remain in `std.string`.",Standard library,,L0,Retained,Yes,DEA-DEC-0032 | DEA-DEC-0037,,,L0 | Shared L0 stdlib | Stage 1/2,l0/docs/reference/standard-library.md,l0/docs/decisions/0015-stdlib-module-boundaries.md,Directly covered,Yes,Groups 2 historical events.
DEA-CANON-0031,Unwrapping a place-owned `string?` with `opt as string` is non-consuming: the optional remains valid and the value is ownership-stabilized only when it crosses a real ownership boundary.,Ownership and memory safety,Backend and C emission | Language semantics,L0,Retained,Yes,DEA-DEC-0033,,,L0 | Stage 1,l0/docs/reference/ownership.md,docs/decisions/0002-arc-ownership-model.md | l0/docs/decisions/0007-nullability-and-casts.md | l0/docs/decisions/0008-arc-ownership-model.md,Covered as part of a broader ADR,Yes,One atomic historical event.
DEA-CANON-0032,"L0 I/O wrappers classify success and failure solely from each runtime call's direct return value, never from ambient `errno`.",Standard library,Runtime,L0,Retained,Yes,DEA-DEC-0034,,,L0 | Shared L0 stdlib,l0/docs/reference/standard-library.md,l0/docs/decisions/0015-stdlib-module-boundaries.md,ADR not warranted,No,One atomic historical event.
DEA-CANON-0033,Mixed `int`/`byte` relational and equality expressions remain valid numeric operations; the backend must lower them rather than reject them as a type mismatch.,Type system,Backend and C emission | Language semantics,L0,Retained,Yes,DEA-DEC-0035,,,L0 | Stage 1,l0/docs/reference/design-decisions.md,l0/docs/decisions/0003-integer-model.md | l0/docs/decisions/0013-comparison-operator-scope.md,Partially covered,Yes,One atomic historical event.
DEA-CANON-0034,Bindings declared in a `with` header remain in scope throughout all inline and block cleanup clauses.,Language semantics,Ownership and memory safety | Type system,L0,Retained,Yes,DEA-DEC-0036,,,L0 | Stage 1,l0/docs/reference/grammar.md | l0/docs/reference/ownership.md,l0/docs/decisions/0010-with-statement-cleanup.md,Covered as part of a broader ADR,Yes,One atomic historical event.
DEA-CANON-0035,The canonical boolean text representation is lowercase `true`/`false`; parsing is case-sensitive and returns null for every other spelling.,Standard library,Language semantics,L0,Retained,Yes,DEA-DEC-0038,,,L0 | Shared L0 stdlib,l0/docs/reference/standard-library.md,,ADR not warranted,No,One atomic historical event.
DEA-CANON-0036,"`std.string::byte_to_s` remains a one-character byte conversion, while numeric byte formatting and parsing use distinct explicit `std.text` APIs.",Standard library,,L0,Retained,Yes,DEA-DEC-0039,,,L0 | Shared L0 stdlib,l0/docs/reference/standard-library.md,l0/docs/decisions/0015-stdlib-module-boundaries.md,Covered as part of a broader ADR,Yes,One atomic historical event.
DEA-CANON-0037,Numeric byte parsing validates the inclusive range 0 through 255 and returns null for invalid or out-of-range input rather than wrapping or saturating.,Standard library,Language semantics,L0,Retained,Yes,DEA-DEC-0040,,,L0 | Shared L0 stdlib,l0/docs/reference/standard-library.md,l0/docs/decisions/0003-integer-model.md,Covered as part of a broader ADR,Yes,One atomic historical event.
DEA-CANON-0038,Base-aware integer and byte text conversions support bases 2 through 16; invalid bases or invalid/overflowing parse input do not produce wrapped values.,Standard library,Language semantics,L0,Retained,Yes,DEA-DEC-0041,,,L0 | Shared L0 stdlib,l0/docs/reference/standard-library.md,l0/docs/decisions/0003-integer-model.md,Covered as part of a broader ADR,Yes,One atomic historical event.
DEA-CANON-0039,"`split_s` accepts a string separator and preserves empty tokens between, before, or after matches.",Standard library,,L0,Retained,Yes,DEA-DEC-0042,,,L0 | Shared L0 stdlib,l0/docs/reference/standard-library.md,,ADR not warranted,No,One atomic historical event.
DEA-CANON-0040,Calling `split_s` with an empty separator is a runtime assertion failure.,Standard library,Runtime,L0,Retained,Yes,DEA-DEC-0043,,,L0 | Shared L0 stdlib,l0/docs/reference/standard-library.md,,ADR not warranted,No,One atomic historical event.
DEA-CANON-0041,"`lines_s` uses LF as the line delimiter and strips one trailing CR from each resulting line, normalizing CRLF input.",Standard library,Portability,L0,Retained,Yes,DEA-DEC-0044,,,L0 | Shared L0 stdlib,l0/docs/reference/standard-library.md,,ADR not warranted,No,One atomic historical event.
DEA-CANON-0042,"`lines_s` maps an empty input string to an empty vector, not a vector containing one empty line.",Standard library,,L0,Retained,Yes,DEA-DEC-0045,,,L0 | Shared L0 stdlib,l0/docs/reference/standard-library.md,,ADR not warranted,No,One atomic historical event.
DEA-CANON-0043,A trailing final LF does not create an additional empty element in `lines_s`.,Standard library,,L0,Retained,Yes,DEA-DEC-0046,,,L0 | Shared L0 stdlib,l0/docs/reference/standard-library.md,,ADR not warranted,No,One atomic historical event.
DEA-CANON-0044,`replace_s` performs global non-overlapping replacement from left to right.,Standard library,,L0,Retained,Yes,DEA-DEC-0047,,,L0 | Shared L0 stdlib,l0/docs/reference/standard-library.md,,ADR not warranted,No,One atomic historical event.
DEA-CANON-0045,Calling `replace_s` with an empty old pattern is a runtime assertion failure.,Standard library,Runtime,L0,Retained,Yes,DEA-DEC-0048,,,L0 | Shared L0 stdlib,l0/docs/reference/standard-library.md,,ADR not warranted,No,One atomic historical event.
DEA-CANON-0046,"The public `std.time` model distinguishes wall-clock snapshots, monotonic snapshots, durations, and calendar date-times as separate value types.",Standard library,Runtime,L0,Retained,Yes,DEA-DEC-0049,,,L0 | Shared L0 stdlib/runtime,l0/docs/reference/standard-library.md,l0/docs/decisions/0015-stdlib-module-boundaries.md,Partially covered,Yes,The stdlib-boundary ADR names std.time but does not record its distinct clock/duration/calendar model. Included in the prioritized missing-ADR backlog.
DEA-CANON-0047,"Runtime clock snapshots use a single out-pointer call returning sec/nsec together, preventing torn readings across multiple calls.",ABI and linking,Runtime | Standard library,L0,Retained,Yes,DEA-DEC-0050,,,L0 | Shared L0 stdlib/runtime,l0/docs/reference/standard-library.md,l0/docs/decisions/0005-extern-func-ffi-boundary.md,Partially covered,Yes,Included in the prioritized missing-ADR backlog.
DEA-CANON-0048,Fallible public `std.time` operations return optionals/null rather than panicking or exposing sentinel values.,Standard library,Language semantics | Runtime,L0,Retained,Yes,DEA-DEC-0051,,,L0 | Shared L0 stdlib/runtime,l0/docs/reference/standard-library.md,,Not covered,Yes,The public time failure channel is foundational API semantics without ADR coverage. Included in the prioritized missing-ADR backlog.
DEA-CANON-0049,"When a monotonic clock is unsupported, the API reports false/null and never substitutes wall-clock time.",Runtime,Portability | Standard library,L0,Retained,Yes,DEA-DEC-0052,,,L0 | Shared L0 stdlib/runtime,l0/docs/reference/standard-library.md,,Not covered,Yes,Included in the prioritized missing-ADR backlog.
DEA-CANON-0050,UTC civil-calendar conversion is implemented with integer-only date arithmetic in L0 rather than delegated to the C runtime.,Runtime,Portability | Standard library,L0,Retained,Yes,DEA-DEC-0053,,,L0 | Shared L0 stdlib/runtime,l0/docs/reference/standard-library.md,l0/docs/decisions/0003-integer-model.md,Not covered,Yes,Included in the prioritized missing-ADR backlog.
DEA-CANON-0051,Local calendar conversion delegates time-zone offset and DST lookup to the runtime at the source Unix second.,Runtime,Portability | Standard library,L0,Retained,Yes,DEA-DEC-0054,,,L0 | Shared L0 stdlib/runtime,l0/docs/reference/standard-library.md,l0/docs/decisions/0005-extern-func-ffi-boundary.md,Not covered,Yes,Included in the prioritized missing-ADR backlog.
DEA-CANON-0052,Nanosecond components are validated and normalized to the invariant `0 <= nsec < 1_000_000_000`.,Standard library,Runtime,L0,Retained,Yes,DEA-DEC-0055,,,L0 | Shared L0 stdlib/runtime,l0/docs/reference/standard-library.md,,Not covered,Yes,Included in the prioritized missing-ADR backlog.
DEA-CANON-0053,The calendar model does not represent leap seconds; DateTime seconds remain in the range 0 through 59.,Standard library,Language semantics,L0,Retained,Yes,DEA-DEC-0056,,,L0 | Shared L0 stdlib/runtime,l0/docs/reference/standard-library.md,,Not covered,Yes,Included in the prioritized missing-ADR backlog.
DEA-CANON-0054,"`drop` accepts both non-null and nullable pointers, and dropping null is a safe no-op.",Ownership and memory safety,Language semantics | Runtime,L0,Retained,Yes,DEA-DEC-0057,,,L0 | Stage 1/2,l0/docs/reference/ownership.md,l0/docs/decisions/0008-arc-ownership-model.md | l0/docs/decisions/0010-with-statement-cleanup.md,Covered as part of a broader ADR,Yes,One atomic historical event.
DEA-CANON-0055,ARC cleanup on loop exits is path-sensitive and releases only locals definitely initialized on the active path.,Ownership and memory safety,Backend and C emission | Language semantics,L0,Retained,Yes,DEA-DEC-0058,,,L0 | Stage 1,l0/docs/reference/c-backend-design.md | l0/docs/reference/ownership.md,docs/decisions/0002-arc-ownership-model.md | l0/docs/decisions/0008-arc-ownership-model.md,Covered as part of a broader ADR,Yes,One atomic historical event.
DEA-CANON-0056,"A `for`-loop `continue` cleans the current iteration body scope, then executes the update step, while preserving the outer header scope.",Ownership and memory safety,Backend and C emission | Language semantics,L0,Retained,Yes,DEA-DEC-0059,,,L0 | Stage 1,l0/docs/reference/c-backend-design.md | l0/docs/reference/ownership.md,docs/decisions/0002-arc-ownership-model.md | l0/docs/decisions/0008-arc-ownership-model.md,Covered as part of a broader ADR,Yes,One atomic historical event.
DEA-CANON-0057,A `for`-loop `break` cleans both the current body scope and the outer `for` header scope before leaving the loop.,Ownership and memory safety,Backend and C emission | Language semantics,L0,Retained,Yes,DEA-DEC-0060,,,L0 | Stage 1,l0/docs/reference/c-backend-design.md | l0/docs/reference/ownership.md,docs/decisions/0002-arc-ownership-model.md | l0/docs/decisions/0008-arc-ownership-model.md,Covered as part of a broader ADR,Yes,One atomic historical event.
DEA-CANON-0058,"For `while` loops, both `continue` and `break` clean the current loop-body scope before transferring control.",Ownership and memory safety,Backend and C emission | Language semantics,L0,Retained,Yes,DEA-DEC-0061,,,L0 | Stage 1,l0/docs/reference/c-backend-design.md | l0/docs/reference/ownership.md,docs/decisions/0002-arc-ownership-model.md | l0/docs/decisions/0008-arc-ownership-model.md,Covered as part of a broader ADR,Yes,One atomic historical event.
DEA-CANON-0059,"A single owning `AnalysisResult` aggregate carries the DriverState, combined diagnostics, name environments, signatures, and local-scope environments.",Semantic analysis,Frontend architecture | Ownership and memory safety,L0 Stage 2,Retained,Yes,DEA-DEC-0062,,,L0 Stage 2 | Stage 2,l0/docs/reference/architecture.md,,Not covered,Yes,Included in the prioritized missing-ADR backlog.
DEA-CANON-0060,"Module name resolution creates all module environments first, collects local declarations second, opens imports third, and aggregates diagnostics last.",Semantic analysis,Frontend architecture,L0 Stage 2,Retained,Yes,DEA-DEC-0063,,,L0 Stage 2 | Stage 2,l0/docs/reference/architecture.md,l0/docs/decisions/0006-module-system-and-imports.md,Covered as part of a broader ADR,Yes,Included in the prioritized missing-ADR backlog.
DEA-CANON-0061,Top-level `let` inference is deliberately limited to primitive literals and struct/enum constructor-style calls; all other initializers require an annotation.,Type system,Language semantics | Semantic analysis,L0,Retained,Yes,DEA-DEC-0064,,,L0 | Stage 2,l0/docs/project-status.md | l0/docs/reference/architecture.md,,Not covered,Yes,Included in the prioritized missing-ADR backlog.
DEA-CANON-0062,"Stage 2 `--check` runs through semantic analysis and returns failure for any driver or semantic error, not merely syntax failure.",CLI and distribution,Frontend architecture | Semantic analysis,L0 Stage 2,Retained,Yes,DEA-DEC-0065,,,L0 Stage 2 | Stage 2,docs/specs/compiler/cli-contract.md | l0/docs/reference/architecture.md | l0/docs/specs/compiler/cli-contract.md,docs/decisions/0003-shared-cli-contract.md,Directly covered,Yes,One atomic historical event.
DEA-CANON-0063,"ARC and memory trace events carry the originating L0 source file and line in a `loc` field, and trace triage preserves that provenance.",Runtime,Diagnostics and recovery,L0,Retained,Yes,DEA-DEC-0066,,,L0 | Runtime / compiler shared,l0/docs/specs/runtime/trace.md,,Not covered,Yes,Included in the prioritized missing-ADR backlog.
DEA-CANON-0064,"Trace provenance is captured by macro-wrapped runtime entrypoints using `__FILE__` and `__LINE__`, relying on generated-C `#line` directives to resolve them to L0 call sites.",Runtime,Backend and C emission | Portability,L0,Retained,Yes,DEA-DEC-0067,,,L0 | Runtime / compiler shared,l0/docs/reference/c-backend-design.md | l0/docs/specs/runtime/trace.md,l0/docs/decisions/0011-c-emission-strategy.md,Partially covered,Yes,Included in the prioritized missing-ADR backlog.
DEA-CANON-0065,Semantic analysis starts only after compilation-unit construction completes without lexer/parser errors.,Frontend architecture,Diagnostics and recovery | Semantic analysis,L0 Stage 1,Retained,Yes,DEA-DEC-0070,,,L0 Stage 1,l0/docs/reference/architecture.md,,Not covered,Yes,Included in the prioritized missing-ADR backlog.
DEA-CANON-0066,Documentation generation never mutates tracked source; all transformations operate on generated build inputs.,Repository and process architecture,,Repository/tooling,Retained,Yes,DEA-DEC-0071,,,Repository/tooling,l0/docs/README.md,,ADR not warranted,No,One atomic historical event.
DEA-CANON-0067,Generated documentation lives under build output and is not committed.,Repository and process architecture,,Repository/tooling,Retained,Yes,DEA-DEC-0072,,,Repository/tooling,l0/docs/README.md,docs/decisions/0006-docs-work-taxonomy.md,Covered as part of a broader ADR,Yes,One atomic historical event.
DEA-CANON-0068,The m.css renderer is vendored as a tracked snapshot and never cloned during a documentation build.,Repository and process architecture,Portability,Repository/tooling,Retained,Yes,DEA-DEC-0073,,,Repository/tooling,THIRD_PARTY_NOTICES | l0/docs/README.md,docs/decisions/0004-monorepo-directory-structure.md,Covered as part of a broader ADR,Yes,One atomic historical event.
DEA-CANON-0069,The generated standalone HTML API reference is published through GitHub Pages.,CLI and distribution,Repository and process architecture,Repository/tooling,Retained,Yes,DEA-DEC-0074,,,Repository/tooling,.github/workflows/l0-docs-publish.yml | l0/docs/README.md,,ADR not warranted,No,One atomic historical event.
DEA-CANON-0070,Generated Markdown is transformed into a dedicated non-post Chirpy API subtree for use by a separate blog repository.,CLI and distribution,Repository and process architecture,Repository/tooling,Retained,Yes,DEA-DEC-0075,,,Repository/tooling,.github/workflows/l0-docs-publish.yml | l0/docs/README.md,,ADR not warranted,No,One atomic historical event.
DEA-CANON-0071,The PDF API reference is published both under the Pages site and as a GitHub Release asset.,CLI and distribution,Repository and process architecture,Repository/tooling,Retained,Yes,DEA-DEC-0076,,,Repository/tooling,.github/workflows/l0-release.yml | l0/docs/README.md,,ADR not warranted,No,One atomic historical event.
DEA-CANON-0072,Pull-request documentation jobs validate without publishing; publication is confined to release and explicit manual workflows.,Repository and process architecture,CLI and distribution,Repository/tooling,Retained,Yes,DEA-DEC-0077,,,Repository/tooling,.github/workflows/l0-docs-publish.yml | .github/workflows/l0-docs-validate.yml,,Not covered,Yes,Included in the prioritized missing-ADR backlog.
DEA-CANON-0073,"The Dea documentation workflow directly checks out, synchronizes, commits, and pushes the managed API subtree in the blog repository.",Repository and process architecture,CLI and distribution,Repository/tooling,Superseded,No,DEA-DEC-0078,,DEA-REL-0044,Repository/tooling,.github/workflows/l0-docs-publish.yml,,ADR not warranted,No,One atomic historical event.
DEA-CANON-0074,An explicit int-to-byte cast with a compile-time-known value outside 0..255 is rejected at compile time; dynamic values retain runtime checking.,Type system,Diagnostics and recovery | Language semantics,L0 Stage 1,Retained,Yes,DEA-DEC-0079,,,L0 Stage 1,l0/docs/reference/design-decisions.md | l0/docs/specs/compiler/stage1-contract.md,l0/docs/decisions/0007-nullability-and-casts.md,Directly covered,Yes,One atomic historical event.
DEA-CANON-0075,An explicit nullable-pointer-to-non-null-pointer cast of a compile-time-known null is rejected; dynamic nullable pointers remain explicitly unwrap-able with a runtime check.,Type system,Diagnostics and recovery | Language semantics,L0 Stage 1,Retained,Yes,DEA-DEC-0080,,,L0 Stage 1,l0/docs/reference/design-decisions.md,l0/docs/decisions/0007-nullability-and-casts.md,Directly covered,Yes,One atomic historical event.
DEA-CANON-0076,L0_CFLAGS supplies default host-C options for compiler build and run operations.,CLI and distribution,,L0,Retained,Yes,DEA-DEC-0081,,,L0 | L0 Stage 1 and Stage 2,docs/specs/compiler/cli-contract.md | l0/docs/specs/compiler/cli-contract.md,docs/decisions/0003-shared-cli-contract.md,Covered as part of a broader ADR,Yes,One atomic historical event.
DEA-CANON-0077,"Environment C options and command-line C options are additive, with L0_CFLAGS words preceding --c-options words.",CLI and distribution,,L0,Retained,Yes,DEA-DEC-0082,,,L0 | L0 Stage 1 and Stage 2,docs/specs/compiler/cli-contract.md | l0/docs/specs/compiler/cli-contract.md,docs/decisions/0003-shared-cli-contract.md,Directly covered,Yes,One atomic historical event.
DEA-CANON-0078,L0_CFLAGS and --c-options use whitespace tokenization without shell-quote parsing.,CLI and distribution,,L0,Retained,Yes,DEA-DEC-0083,,,L0 | L0 Stage 1 and Stage 2,l0/docs/specs/compiler/cli-contract.md,docs/decisions/0003-shared-cli-contract.md,Covered as part of a broader ADR,Yes,One atomic historical event.
DEA-CANON-0079,Automatic optimization defaults are suppressed by an explicit optimization option from either L0_CFLAGS or --c-options.,CLI and distribution,,L0,Retained,Yes,DEA-DEC-0084,,,L0 | L0 Stage 1 and Stage 2,l0/docs/specs/compiler/cli-contract.md,docs/decisions/0003-shared-cli-contract.md,Covered as part of a broader ADR,Yes,One atomic historical event.
DEA-CANON-0080,"Stage 1 generated C text is the oracle for the Stage 2 backend, not merely runtime-equivalent C.",Bootstrap and self-hosting,Backend and C emission,L0 Stage 2,Retained,Yes,DEA-DEC-0085,,,L0 Stage 2,l0/docs/reference/c-backend-design.md | l0/docs/specs/compiler/stage1-contract.md,docs/decisions/0001-two-stage-architecture.md | l0/docs/decisions/0014-bootstrap-self-hosting-strategy.md,Directly covered,Yes,One atomic historical event.
DEA-CANON-0081,The Stage 2 backend boundary consumes AnalysisResult and produces one C99 translation unit.,Backend and C emission,Frontend architecture,L0 Stage 2,Retained,Yes,DEA-DEC-0086,,,L0 Stage 2,l0/docs/reference/architecture.md | l0/docs/reference/c-backend-design.md,l0/docs/decisions/0011-c-emission-strategy.md,Covered as part of a broader ADR,Yes,One atomic historical event.
DEA-CANON-0082,Equivalent L0 compiler-stage failures reuse the Python Stage 1 diagnostic inventory and codes; genuinely stage-specific failures may add codes.,Diagnostics and recovery,Bootstrap and self-hosting,L0,Retained,Yes,DEA-DEC-0087 | DEA-DEC-0187,DEA-REL-0003,DEA-REL-0003,L0 Stage 2 | Shared L0/L1,docs/specs/compiler/diagnostic-code-catalog.md | l0/docs/specs/compiler/stage1-contract.md,docs/decisions/0001-two-stage-architecture.md | docs/decisions/0005-diagnostic-code-catalog.md,Directly covered,Yes,This folds the earlier backend-specific parity event into the later catalog-wide oracle rule. ADR 0005 directly records Stage 1 as the diagnostic-code inventory oracle; the broader current wording retains that direct coverage.
DEA-CANON-0083,"All path-based file operations live in std.fs; std.io is reserved for standard streams, byte-stream operations, flushing, and printing.",Standard library,,L0,Retained,Yes,DEA-DEC-0088 | DEA-DEC-0135,,,L0 | L0 Stage 1 and Stage 2,l0/docs/reference/standard-library.md,l0/docs/decisions/0015-stdlib-module-boundaries.md,Directly covered,Yes,Groups 2 historical events.
DEA-CANON-0084,Portable path manipulation belongs in the public std.path module.,Standard library,Portability,L0,Retained,Yes,DEA-DEC-0089,,,L0 | L0 Stage 1 and Stage 2,l0/docs/reference/standard-library.md,l0/docs/decisions/0015-stdlib-module-boundaries.md,Covered as part of a broader ADR,Yes,One atomic historical event.
DEA-CANON-0085,"Filesystem metadata crosses the runtime boundary as an RtFileInfo record with existence, kind, optional size, and optional timestamps.",Runtime,ABI and linking | Standard library,L0,Retained,Yes,DEA-DEC-0090,,,L0 | L0 Stage 1 and Stage 2,l0/docs/reference/standard-library.md,l0/docs/decisions/0015-stdlib-module-boundaries.md,Partially covered,Yes,Included in the prioritized missing-ADR backlog.
DEA-CANON-0086,Raw pointer-based standard-stream functions remain outside std.io and are confined to the low-level raw-memory system module.,Standard library,Ownership and memory safety | Runtime,L0,Retained,Yes,DEA-DEC-0091,,,L0 | L0 Stage 1 and Stage 2,l0/docs/reference/standard-library.md,l0/docs/decisions/0015-stdlib-module-boundaries.md,Directly covered,Yes,Included in the prioritized missing-ADR backlog.
DEA-CANON-0087,The low-level raw-memory standard-library module was initially named sys.unsafe.,Standard library,Ownership and memory safety | Runtime,L0,Superseded,No,DEA-DEC-0092,,DEA-REL-0054,L0 | L0 Stage 1 and Stage 2,l0/docs/reference/standard-library.md,l0/docs/decisions/0015-stdlib-module-boundaries.md,Partially covered,Yes,One atomic historical event.
DEA-CANON-0088,Safe std.io byte operations accept a ByteArray plus explicit start and count rather than a raw pointer.,Standard library,Ownership and memory safety,L0,Retained,Yes,DEA-DEC-0093,,,L0 | L0 Stage 1 and Stage 2,l0/docs/reference/standard-library.md,l0/docs/decisions/0015-stdlib-module-boundaries.md,Partially covered,Yes,The module-boundary ADR does not fully record the safe buffer/subrange API contract. Included in the prioritized missing-ADR backlog.
DEA-CANON-0089,"ByteArray is a fixed-capacity byte-specialized wrapper over ArrayBase, not an alias or growable buffer.",Standard library,Ownership and memory safety,L0,Retained,Yes,DEA-DEC-0094,,,L0 | L0 Stage 1 and Stage 2,l0/docs/reference/standard-library.md,l0/docs/decisions/0015-stdlib-module-boundaries.md,Partially covered,Yes,Included in the prioritized missing-ADR backlog.
DEA-CANON-0090,ByteArray owns its backing ArrayBase and its destructor frees both wrapper and storage.,Ownership and memory safety,Standard library,L0,Retained,Yes,DEA-DEC-0095,,,L0 | L0 Stage 1 and Stage 2,l0/docs/reference/ownership.md | l0/docs/reference/standard-library.md,l0/docs/decisions/0008-arc-ownership-model.md,Covered as part of a broader ADR,Yes,One atomic historical event.
DEA-CANON-0091,"Raw standard-stream transfers may be partial and report positive bytes, zero for EOF/zero transfer, and -1 for error.",Runtime,Standard library,L0,Retained,Yes,DEA-DEC-0096,,,L0 | L0 Stage 1 and Stage 2,l0/docs/reference/standard-library.md,,Not covered,Yes,Included in the prioritized missing-ADR backlog.
DEA-CANON-0092,Invalid std.io ByteArray ranges are programmer errors enforced by assertions rather than nullable I/O failures.,Standard library,Language semantics | Ownership and memory safety,L0,Retained,Yes,DEA-DEC-0097,,,L0 | L0 Stage 1 and Stage 2,l0/docs/reference/standard-library.md,,Not covered,Yes,Included in the prioritized missing-ADR backlog.
DEA-CANON-0093,"Safe stdin reads return a positive count, zero for EOF, and null for I/O error.",Standard library,Language semantics,L0,Retained,Yes,DEA-DEC-0098,,,L0 | L0 Stage 1 and Stage 2,l0/docs/reference/standard-library.md,,Not covered,Yes,The EOF/error/progress result model is a durable public I/O contract. Included in the prioritized missing-ADR backlog.
DEA-CANON-0094,"Safe partial stdout/stderr writes return a transferred count, including zero, and null for I/O error.",Standard library,Language semantics,L0,Retained,Yes,DEA-DEC-0099,,,L0 | L0 Stage 1 and Stage 2,l0/docs/reference/standard-library.md,,Not covered,Yes,Included in the prioritized missing-ADR backlog.
DEA-CANON-0095,Safe write-all loops until the requested count is written and returns null on I/O error or zero-progress write.,Standard library,Language semantics,L0,Retained,Yes,DEA-DEC-0100,,,L0 | L0 Stage 1 and Stage 2,l0/docs/reference/standard-library.md,,Not covered,Yes,Included in the prioritized missing-ADR backlog.
DEA-CANON-0096,Zero-length safe standard-stream operations are valid.,Standard library,Language semantics,L0,Retained,Yes,DEA-DEC-0101,,,L0 | L0 Stage 1 and Stage 2,l0/docs/reference/standard-library.md,,Not covered,Yes,Included in the prioritized missing-ADR backlog.
DEA-CANON-0097,"When no explicit system root is supplied, source-root precedence is L0_SYSTEM followed by L0_HOME/shared/l0/stdlib; an explicit root suppresses both defaults.",CLI and distribution,Frontend architecture,L0 Stage 2,Retained,Yes,DEA-DEC-0102,,,L0 Stage 2,docs/specs/compiler/cli-contract.md | l0/docs/specs/compiler/cli-contract.md,docs/decisions/0003-shared-cli-contract.md,Directly covered,Yes,One atomic historical event.
DEA-CANON-0098,"Stage 2 l0c owns CLI parsing, common input normalization, and dispatch, while build_driver owns host-build/run orchestration.",Frontend architecture,CLI and distribution,L0 Stage 2,Retained,Yes,DEA-DEC-0103,,,L0 Stage 2,l0/docs/reference/architecture.md,,Not covered,Yes,Included in the prioritized missing-ADR backlog.
DEA-CANON-0099,The Stage 2 compiler initially invokes host tools through std.system.system and deliberately does not introduce a competing general subprocess API.,Runtime,CLI and distribution,L0 Stage 2,Retained,Yes,DEA-DEC-0104,,,L0 Stage 2,l0/docs/reference/architecture.md | l0/docs/reference/standard-library.md,,Not covered,Yes,Included in the prioritized missing-ADR backlog.
DEA-CANON-0100,rt_system returns a normalized child command status rather than the raw C system() wait-status word.,Runtime,CLI and distribution,L0,Retained,Yes,DEA-DEC-0105,,,L0 | L0 Stage 2,l0/docs/reference/standard-library.md | l0/docs/specs/compiler/cli-contract.md,,Not covered,Yes,Included in the prioritized missing-ADR backlog.
DEA-CANON-0101,POSIX shell command construction is the accepted Stage 2 host-execution target for this milestone.,Portability,CLI and distribution | Runtime,L0 Stage 2,Superseded,No,DEA-DEC-0106,,DEA-REL-0022,L0 Stage 2,l0/docs/reference/architecture.md,,ADR not warranted,No,One atomic historical event.
DEA-CANON-0102,"Stage 1 remains the bootstrap builder, but an installed toolchain contains the self-hosted Stage 2 compiler produced by the bootstrap compiler rather than the initial Stage-1-built artifact.",Bootstrap and self-hosting,CLI and distribution,L0 Stage 2,Retained,Yes,DEA-DEC-0107,,,L0 Stage 2,l0/docs/reference/architecture.md | l0/docs/specs/compiler/stage2-contract.md,docs/decisions/0001-two-stage-architecture.md | l0/docs/decisions/0014-bootstrap-self-hosting-strategy.md,Directly covered,Yes,One atomic historical event.
DEA-CANON-0103,The final Stage 2 install prefix does not include or require an installed Stage 1 compiler.,CLI and distribution,Bootstrap and self-hosting,L0 Stage 2,Retained,Yes,DEA-DEC-0108,,,L0 Stage 2,l0/docs/specs/compiler/stage2-contract.md | l0/docs/user/README.md,l0/docs/decisions/0014-bootstrap-self-hosting-strategy.md,Covered as part of a broader ADR,Yes,Included in the prioritized missing-ADR backlog.
DEA-CANON-0104,The level Makefile is the canonical developer workflow layer rather than a second compiler driver.,Repository and process architecture,CLI and distribution,L0,Retained,Yes,DEA-DEC-0109,,,L0 | L0 Stage 2,l0/CLAUDE.md | l0/Makefile,,ADR not warranted,No,One atomic historical event.
DEA-CANON-0105,"Selecting the repo-local l0c stage is explicit: only use-dev-stage1/use-dev-stage2 change the alias, while install targets do not.",Repository and process architecture,Repository and process architecture,L0,Retained,Yes,DEA-DEC-0110,,,L0 | L0 Stage 2,l0/CLAUDE.md | l0/docs/user/README.md,,Not covered,Yes,Included in the prioritized missing-ADR backlog.
DEA-CANON-0106,Repo-local compiler wrappers are checkout-relative and intentionally non-relocatable outside the repository.,CLI and distribution,Repository and process architecture,L0,Retained,Yes,DEA-DEC-0111,,,L0 | L0 Stage 2,l0/CLAUDE.md | l0/docs/specs/compiler/stage2-contract.md,,Not covered,Yes,Included in the prioritized missing-ADR backlog.
DEA-CANON-0107,"An installed Stage 2 prefix is relocatable and self-contained, with compiler launchers plus copied shared stdlib and runtime assets addressed relative to PREFIX.",CLI and distribution,Repository and process architecture,L0 Stage 2,Retained,Yes,DEA-DEC-0112,,,L0 Stage 2,l0/docs/specs/compiler/stage2-contract.md | l0/docs/user/README.md,,Not covered,Yes,Included in the prioritized missing-ADR backlog.
DEA-CANON-0108,"Install-time self-hosting scrubs inherited L0_SYSTEM, L0_RUNTIME_INCLUDE, and L0_RUNTIME_LIB so caller state cannot redirect bootstrap inputs.",Bootstrap and self-hosting,CLI and distribution,L0 Stage 2,Retained,Yes,DEA-DEC-0113,,,L0 Stage 2,l0/docs/specs/compiler/stage2-contract.md,l0/docs/decisions/0014-bootstrap-self-hosting-strategy.md,Covered as part of a broader ADR,Yes,One atomic historical event.
DEA-CANON-0109,"Value-context && and || use the same structured short-circuit machinery as control-flow conditions, with branch-local ARC cleanup.",Ownership and memory safety,Backend and C emission | Language semantics,L0,Retained,Yes,DEA-DEC-0114,DEA-REL-0023,,L0 | L0 Stage 1 and Stage 2,l0/docs/reference/c-backend-design.md | l0/docs/reference/ownership.md,l0/docs/decisions/0008-arc-ownership-model.md,Directly covered,Yes,One atomic historical event.
DEA-CANON-0110,Control-flow conditions are lowered through structured branching with evaluation-local ARC temporaries and per-iteration reevaluation.,Ownership and memory safety,Backend and C emission | Language semantics,L0,Retained,Yes,DEA-DEC-0115,,DEA-REL-0023,L0 | L0 Stage 1 and Stage 2,l0/docs/reference/c-backend-design.md | l0/docs/reference/ownership.md,l0/docs/decisions/0008-arc-ownership-model.md,Directly covered,Yes,One atomic historical event.
DEA-CANON-0111,Triple bootstrap builds Stage 2 through three generations and requires compiler-2 and compiler-3 retained C to be byte-identical.,Bootstrap and self-hosting,Backend and C emission,L0 Stage 2,Retained,Yes,DEA-DEC-0116,,,L0 Stage 2,l0/docs/reference/architecture.md | l0/docs/specs/compiler/stage1-contract.md,docs/decisions/0001-two-stage-architecture.md | l0/docs/decisions/0014-bootstrap-self-hosting-strategy.md,Directly covered,Yes,Included in the prioritized missing-ADR backlog.
DEA-CANON-0112,Compiler-2 and compiler-3 native binaries are compared byte-for-byte when the host toolchain can produce deterministic binaries.,Bootstrap and self-hosting,Portability,L0 Stage 2,Superseded,No,DEA-DEC-0117,,DEA-REL-0024 | DEA-REL-0025 | DEA-REL-0026,L0 Stage 2,l0/compiler/stage2_l0/tests/l0c_triple_bootstrap_test.py,l0/docs/decisions/0014-bootstrap-self-hosting-strategy.md,Partially covered,Yes,One atomic historical event.
DEA-CANON-0113,TinyCC must satisfy retained-C identity but is exempt from native-binary identity because it lacks a stable binary guarantee.,Bootstrap and self-hosting,Portability,L0 Stage 2,Retained,Yes,DEA-DEC-0118,,,L0 Stage 2,l0/compiler/stage2_l0/tests/l0c_triple_bootstrap_test.py,l0/docs/decisions/0014-bootstrap-self-hosting-strategy.md,Partially covered,Yes,Included in the prioritized missing-ADR backlog.
DEA-CANON-0114,Windows support initially designates MinGW-w64 under MSYS2 MINGW64 as Tier 1 and MSVC as partial Tier 2.,Portability,CLI and distribution,L0,Superseded,No,DEA-DEC-0119,,DEA-REL-0027,L0 | L0 Stage 1 and Stage 2,l0/docs/project-status.md | l0/docs/user/README-WINDOWS.md,,ADR not warranted,No,One atomic historical event.
DEA-CANON-0115,Stage 2 command construction dispatches to host-specific Windows versus POSIX quoting and executable-discovery rules.,Portability,CLI and distribution | Runtime,L0 Stage 2,Retained,Yes,DEA-DEC-0120,DEA-REL-0022,,L0 Stage 1 and Stage 2 | L0 Stage 2,l0/docs/reference/architecture.md | l0/docs/user/README-WINDOWS.md,,Not covered,Yes,Included in the prioritized missing-ADR backlog.
DEA-CANON-0116,Windows builds generate .cmd companion launchers alongside POSIX launchers.,CLI and distribution,Portability,L0,Retained,Yes,DEA-DEC-0121,,,L0 | L0 Stage 1 and Stage 2,l0/docs/specs/compiler/stage2-contract.md | l0/docs/user/README-WINDOWS.md,,Not covered,Yes,Included in the prioritized missing-ADR backlog.
DEA-CANON-0117,Both L0 compiler stages expose a stable --version operation with stage-specific identity text.,CLI and distribution,,L0,Retained,Yes,DEA-DEC-0122,,,L0 | L0 Stage 1 and Stage 2,l0/docs/specs/compiler/cli-contract.md | l0/docs/specs/compiler/stage2-contract.md,docs/decisions/0003-shared-cli-contract.md,Directly covered,Yes,One atomic historical event.
DEA-CANON-0118,"The stage identity string is shared by --version and the help heading, and is also emitted by normal verbose startup.",CLI and distribution,,L0,Retained,Yes,DEA-DEC-0123,,,L0 | L0 Stage 1 and Stage 2,l0/docs/specs/compiler/cli-contract.md | l0/docs/specs/compiler/stage2-contract.md,docs/decisions/0003-shared-cli-contract.md,Covered as part of a broader ADR,Yes,One atomic historical event.
DEA-CANON-0119,"Stage-independent compiler modes, option validation, target normalization, root search, identity expectations, and exit codes have one normative shared CLI specification.",CLI and distribution,Repository and process architecture,Shared L0/L1,Retained,Yes,DEA-DEC-0124,,,Dea compiler stages | Shared L0/L1,docs/specs/compiler/cli-contract.md | l0/docs/specs/compiler/cli-contract.md,docs/decisions/0003-shared-cli-contract.md,Directly covered,Yes,One atomic historical event.
DEA-CANON-0120,Stage-specific CLI differences are called out explicitly inside or alongside the shared contract; they do not justify a separate full Stage 2 contract for shared behavior.,CLI and distribution,Repository and process architecture,Shared L0/L1,Retained,Yes,DEA-DEC-0125,,,Dea compiler stages | Shared L0/L1,docs/specs/compiler/cli-contract.md | l0/docs/specs/compiler/cli-contract.md | l0/docs/specs/compiler/stage2-contract.md,docs/decisions/0003-shared-cli-contract.md,Directly covered,Yes,One atomic historical event.
DEA-CANON-0121,Repo-local and installed Stage 2 artifacts embed build provenance in the binary itself.,CLI and distribution,Bootstrap and self-hosting,L0 Stage 2,Retained,Yes,DEA-DEC-0126,,,L0 Stage 2,l0/docs/specs/compiler/stage2-contract.md | l0/docs/user/README.md,,ADR not warranted,No,One atomic historical event.
DEA-CANON-0122,Raw compiler-2 and compiler-3 self-hosted builds omit provenance metadata and use the static version fallback.,Bootstrap and self-hosting,CLI and distribution,L0 Stage 2,Retained,Yes,DEA-DEC-0127,,,L0 Stage 2,l0/compiler/stage2_l0/tests/l0c_triple_bootstrap_test.py | l0/docs/specs/compiler/stage2-contract.md,l0/docs/decisions/0014-bootstrap-self-hosting-strategy.md,Covered as part of a broader ADR,Yes,Included in the prioritized missing-ADR backlog.
DEA-CANON-0123,"Build provenance is injected through a generated Stage 2 source overlay, not wrapper plumbing or post-link binary patching.",Bootstrap and self-hosting,CLI and distribution,L0 Stage 2,Retained,Yes,DEA-DEC-0128,,,L0 Stage 2,l0/docs/specs/compiler/stage2-contract.md,,Not covered,Yes,Included in the prioritized missing-ADR backlog.
DEA-CANON-0124,Only --version exposes embedded build provenance; --help and verbose startup retain stable static identity text.,CLI and distribution,,L0 Stage 2,Retained,Yes,DEA-DEC-0129,,,L0 Stage 2,l0/docs/specs/compiler/cli-contract.md | l0/docs/specs/compiler/stage2-contract.md,docs/decisions/0003-shared-cli-contract.md,Partially covered,Yes,One atomic historical event.
DEA-CANON-0125,"Embedded Stage 2 --version output reports build ID, UTC build time, commit/dirty state, host identity, and the actual host-compiler banner, while tolerating unavailable Git metadata.",CLI and distribution,Portability,L0 Stage 2,Retained,Yes,DEA-DEC-0130,,,L0 Stage 2,l0/docs/specs/compiler/stage2-contract.md,,ADR not warranted,No,One atomic historical event.
DEA-CANON-0126,"Reading a directory, non-regular file, or oversized file through the runtime is an ordinary recoverable read failure, not an internal panic.",Runtime,Portability,L0,Retained,Yes,DEA-DEC-0131,,,L0 | L0 Stage 1 and Stage 2,l0/docs/reference/standard-library.md,,Not covered,Yes,Included in the prioritized missing-ADR backlog.
DEA-CANON-0127,"All generated file-scope aggregates, including later fixed-array values, use direct brace initialization valid under strict C99.",Backend and C emission,Portability,L0,Retained,Yes,DEA-DEC-0132,,,L0 | L0 Stage 1 and Stage 2,l0/docs/reference/c-backend-design.md | l0/docs/reference/design-decisions.md,l0/docs/decisions/0011-c-emission-strategy.md,Directly covered,Yes,"The fixed-array bug fix is an affected type, not a new architectural event."
DEA-CANON-0128,Linux triple bootstrap keeps retained-C comparison raw and byte-exact but compares stripped/normalized native artifacts.,Bootstrap and self-hosting,Portability,L0 Stage 2,Retained,Yes,DEA-DEC-0133,DEA-REL-0024,,L0 Stage 1 and Stage 2 | L0 Stage 2,l0/compiler/stage2_l0/tests/l0c_triple_bootstrap_test.py,l0/docs/decisions/0014-bootstrap-self-hosting-strategy.md,Partially covered,Yes,Included in the prioritized missing-ADR backlog.
DEA-CANON-0129,Windows triple bootstrap requires retained-C identity but skips native PE identity when binary determinism cannot be guaranteed.,Bootstrap and self-hosting,Portability,L0 Stage 2,Retained,Yes,DEA-DEC-0134,DEA-REL-0025,,L0 Stage 2,l0/compiler/stage2_l0/tests/l0c_triple_bootstrap_test.py,l0/docs/decisions/0014-bootstrap-self-hosting-strategy.md,Partially covered,Yes,Included in the prioritized missing-ADR backlog.
DEA-CANON-0130,"std.fs.exists reports existence of any path, including directories.",Standard library,Runtime,L0,Retained,Yes,DEA-DEC-0136,,,L0 | L0 Stage 1 and Stage 2,l0/docs/reference/standard-library.md,l0/docs/decisions/0015-stdlib-module-boundaries.md,Covered as part of a broader ADR,Yes,One atomic historical event.
DEA-CANON-0131,The std.io-to-std.fs API move is a clean break with no forwarding aliases or deprecation period.,Standard library,CLI and distribution,L0,Historical only,No,DEA-DEC-0137,,,L0 | L0 Stage 1 and Stage 2,l0/docs/reference/standard-library.md,l0/docs/decisions/0015-stdlib-module-boundaries.md,Covered as part of a broader ADR,Yes,One atomic historical event.
DEA-CANON-0132,GitHub Actions compiler validation delegates to make test-all as its single orchestration entrypoint rather than duplicating test commands in workflow YAML.,Repository and process architecture,,Repository/tooling,Retained,Yes,DEA-DEC-0138,,,Repository/tooling,.github/workflows/l0-ci.yml | l0/CLAUDE.md,,ADR not warranted,No,One atomic historical event.
DEA-CANON-0133,Docker validation is explicitly opt-in and never an implicit dependency of normal host Make targets or CI.,Repository and process architecture,Portability,Repository/tooling,Retained,Yes,DEA-DEC-0139,,,Repository/tooling,l0/CLAUDE.md | l0/README.md,,ADR not warranted,No,One atomic historical event.
DEA-CANON-0134,The repository-owned Docker environment is a thin wrapper that invokes existing Make targets rather than defining Docker-only test orchestration.,Repository and process architecture,,Repository/tooling,Retained,Yes,DEA-DEC-0140,,,Repository/tooling,l0/CLAUDE.md | l0/Makefile,,ADR not warranted,No,One atomic historical event.
DEA-CANON-0135,Repo-local and installed layouts provide native cmd.exe activation alongside the existing POSIX/MSYS2 activation path.,CLI and distribution,Portability,L0,Retained,Yes,DEA-DEC-0141,,,L0 | L0 Stage 1 and Stage 2,l0/docs/specs/compiler/stage2-contract.md | l0/docs/user/README-WINDOWS.md,,Not covered,Yes,Included in the prioritized missing-ADR backlog.
DEA-CANON-0136,Activation scripts own PATH and L0_HOME setup but do not force L0_SYSTEM or L0_RUNTIME_INCLUDE.,CLI and distribution,Repository and process architecture,L0,Retained,Yes,DEA-DEC-0142,,,L0 | L0 Stage 1 and Stage 2,l0/docs/specs/compiler/cli-contract.md | l0/docs/user/README-WINDOWS.md,docs/decisions/0003-shared-cli-contract.md,Covered as part of a broader ADR,Yes,One atomic historical event.
DEA-CANON-0137,Distribution packaging reuses the installed-prefix layout so L0 has one relocatable runtime contract.,CLI and distribution,Repository and process architecture,L0 Stage 2,Retained,Yes,DEA-DEC-0143,,,L0 Stage 2,l0/docs/reference/architecture.md | l0/docs/specs/compiler/stage2-contract.md,,Not covered,Yes,Included in the prioritized missing-ADR backlog.
DEA-CANON-0138,Host-native distribution archives use zip on Windows and tar.gz on POSIX hosts.,CLI and distribution,Portability,L0,Retained,Yes,DEA-DEC-0144,,,L0 | L0 Stage 2,l0/docs/specs/compiler/stage2-contract.md | l0/docs/user/README.md,,Not covered,Yes,Included in the prioritized missing-ADR backlog.
DEA-CANON-0139,"A distribution archive unpacks to a dea-l0 root and its filename encodes level, host OS/architecture, and UTC build time.",CLI and distribution,,L0,Retained,Yes,DEA-DEC-0145,,,L0 | L0 Stage 2,l0/docs/reference/architecture.md | l0/docs/specs/compiler/stage2-contract.md,,Not covered,Yes,Included in the prioritized missing-ADR backlog.
DEA-CANON-0140,Stable L0 release tags trigger a multi-platform workflow that publishes binary archives as a GitHub Release.,CLI and distribution,Repository and process architecture,L0,Retained,Yes,DEA-DEC-0146,,,L0 | L0 Stage 2,.github/workflows/l0-release.yml | l0/docs/releases/README.md,,Not covered,Yes,Included in the prioritized missing-ADR backlog.
DEA-CANON-0141,"Release identity initially uses date-based vYYYY-MM-DD tags, with a UTC time suffix for multiple releases on one date; the tag is the version source of truth.",CLI and distribution,Repository and process architecture,L0,Superseded,No,DEA-DEC-0147,,DEA-REL-0045,L0 | L0 Stage 2,.github/workflows/l0-release.yml | l0/docs/releases/README.md,,ADR not warranted,No,One atomic historical event.
DEA-CANON-0142,"L0 binary releases target Linux x86_64, macOS x86_64, macOS arm64, and Windows x86_64.",Portability,CLI and distribution,L0,Retained,Yes,DEA-DEC-0148,,,L0 | L0 Stage 2,.github/workflows/l0-release.yml | l0/docs/project-status.md,,Not covered,Yes,Included in the prioritized missing-ADR backlog.
DEA-CANON-0143,Release workflows inject an uncommitted VERSION artifact derived from the release identity into binary distributions.,CLI and distribution,Repository and process architecture,L0,Retained,Yes,DEA-DEC-0149,,,L0 | L0 Stage 2,.github/workflows/l0-release.yml | l0/docs/specs/compiler/stage2-contract.md,,Not covered,Yes,Included in the prioritized missing-ADR backlog.
DEA-CANON-0144,"Binary distributions bundle README, examples, and normative reference documentation, but exclude plans, proposals/specs, attic material, and contributor documentation.",CLI and distribution,Repository and process architecture,L0,Retained,Yes,DEA-DEC-0150,,,L0 | L0 Stage 2,l0/docs/specs/compiler/stage2-contract.md | l0/docs/user/README.md,,Not covered,Yes,Included in the prioritized missing-ADR backlog.
DEA-CANON-0145,SHA-256 checksums are the initial release integrity mechanism; artifact signing is deferred.,CLI and distribution,Repository and process architecture,L0,Retained,Yes,DEA-DEC-0151,,,L0 | L0 Stage 2,.github/workflows/l0-release.yml | l0/docs/releases/README.md,,Not covered,Yes,Included in the prioritized missing-ADR backlog.
DEA-CANON-0146,Manual snapshot builds publish the same artifact matrix as a prerelease under a workflow-created snapshot tag.,CLI and distribution,Repository and process architecture,L0,Retained,Yes,DEA-DEC-0152,,,L0 | L0 Stage 2,.github/workflows/l0-snapshot.yml,,Not covered,Yes,Included in the prioritized missing-ADR backlog.
DEA-CANON-0147,Release bodies are initially generated automatically from the Git log since the previous tag.,Repository and process architecture,CLI and distribution,Repository/tooling,Superseded,No,DEA-DEC-0153,,DEA-REL-0046,L0 Stage 2 | Repository/tooling,.github/workflows/l0-release.yml | l0/docs/releases/README.md,,ADR not warranted,No,One atomic historical event.
DEA-CANON-0148,"Darwin native bootstrap identity disables ad-hoc signing, removes residual code signatures, and strips metadata before comparison while retaining raw retained-C identity.",Bootstrap and self-hosting,Portability,L0 Stage 2,Superseded,No,DEA-DEC-0154,DEA-REL-0026,DEA-REL-0028,L0 Stage 2,l0/compiler/stage2_l0/tests/l0c_triple_bootstrap_test.py,l0/docs/decisions/0014-bootstrap-self-hosting-strategy.md,Partially covered,Yes,The March blanket Darwin normalization event was narrowed by the July architecture-specific executable and comparison-copy policy.
DEA-CANON-0149,Manual documentation publishing keeps blog synchronization opt-in by default.,Repository and process architecture,CLI and distribution,Repository/tooling,Retained,Yes,DEA-DEC-0155,,,Repository/tooling,.github/workflows/l0-docs-publish.yml,,Not covered,Yes,Included in the prioritized missing-ADR backlog.
DEA-CANON-0150,Standalone generated Markdown and Pages output remain canonical; Chirpy-specific compatibility normalization is confined to the export transform.,Repository and process architecture,,Repository/tooling,Retained,Yes,DEA-DEC-0156,,,Repository/tooling,l0/docs/README.md,,Not covered,Yes,Included in the prioritized missing-ADR backlog.
DEA-CANON-0151,"The backend owns semantic branch selection, types, expressions, and ownership/control-flow orchestration; the emitter owns exact C syntax.",Backend and C emission,Frontend architecture,L0,Retained,Yes,DEA-DEC-0157,,,L0 | L0 Stage 1 and Stage 2,l0/docs/reference/c-backend-design.md,l0/docs/decisions/0011-c-emission-strategy.md,Directly covered,Yes,One atomic historical event.
DEA-CANON-0152,"Dea publishes the Chirpy export as a workflow artifact and, when possible, a release asset instead of directly writing the destination repository.",Repository and process architecture,CLI and distribution,Repository/tooling,Retained,Yes,DEA-DEC-0158,DEA-REL-0044,,Repository/tooling,.github/workflows/l0-docs-publish.yml | l0/docs/README.md,,Not covered,Yes,Included in the prioritized missing-ADR backlog.
DEA-CANON-0153,Cross-repository blog notification uses an optional repository_dispatch and silently becomes a no-op when target or credentials are absent.,Repository and process architecture,CLI and distribution,Repository/tooling,Retained,Yes,DEA-DEC-0159,,,Repository/tooling,.github/workflows/l0-docs-publish.yml,,Not covered,Yes,Included in the prioritized missing-ADR backlog.
DEA-CANON-0154,"Each repository owns its own import, commit, and deployment workflow; Dea publishes artifacts or optional notifications rather than assuming destination write ownership.",Repository and process architecture,,Repository/tooling,Retained,Yes,DEA-DEC-0160 | DEA-DEC-0582,DEA-REL-0047,DEA-REL-0047,Repository/tooling,.github/workflows/l0-docs-publish.yml | AGENTS.md | CLAUDE.md | l0/docs/README.md,,Not covered,Yes,The general current governance rule subsumes the earlier blog-specific destination-ownership decision and is ADR-worthy as a cross-repository boundary. Included in the prioritized missing-ADR backlog.
DEA-CANON-0155,Any first-party script that does more than set environment variables or exec a binary is implemented in Python; only thin launcher and activation pairs remain shell/cmd.,Repository and process architecture,Portability,Repository/tooling,Retained,Yes,DEA-DEC-0161,,,Repository/tooling,CLAUDE.md | l0/CLAUDE.md,docs/decisions/0004-monorepo-directory-structure.md,Partially covered,Yes,One atomic historical event.
DEA-CANON-0156,Make remains the top-level workflow orchestrator after shell implementation logic moves to Python.,Repository and process architecture,,Repository/tooling,Retained,Yes,DEA-DEC-0162,,,Repository/tooling,CLAUDE.md | l0/Makefile,,ADR not warranted,No,One atomic historical event.
DEA-CANON-0157,"Each Dea language level is an autonomous subtree that owns its compiler, documentation, tests, scripts, and Makefile.",Repository and process architecture,Bootstrap and self-hosting,Dea-wide,Retained,Yes,DEA-DEC-0163,,,Dea-wide,CLAUDE.md | MONOREPO.md,docs/decisions/0004-monorepo-directory-structure.md,Directly covered,Yes,One atomic historical event.
DEA-CANON-0158,Language-specific assets remain inside their level until a second real consumer justifies extraction to a shared root location.,Repository and process architecture,,Dea-wide,Retained,Yes,DEA-DEC-0164,,,Dea-wide,CLAUDE.md | MONOREPO.md,docs/decisions/0004-monorepo-directory-structure.md,Covered as part of a broader ADR,Yes,One atomic historical event.
DEA-CANON-0159,"Each new language level's Stage 1 compiler is bootstrapped by the preceding level's mature Stage 2 compiler, including L1 from L0 Stage 2.",Bootstrap and self-hosting,Repository and process architecture,Dea-wide,Retained,Yes,DEA-DEC-0165,,,Dea-wide,MONOREPO.md | README.md,docs/decisions/0001-two-stage-architecture.md,Directly covered,Yes,Absorbs the later L1 scaffold instance without double-counting it.
DEA-CANON-0160,Language-agnostic vendored tools and their license/patch metadata live at the monorepo root for reuse across levels.,Repository and process architecture,,Repository/tooling,Retained,Yes,DEA-DEC-0166,,,Dea-wide | Repository/tooling,CLAUDE.md | MONOREPO.md,docs/decisions/0004-monorepo-directory-structure.md,Directly covered,Yes,One atomic historical event.
DEA-CANON-0161,"The root Makefile owns only monorepo-wide orchestration, including shared environment creation; level workflows remain level-owned.",Repository and process architecture,,Repository/tooling,Retained,Yes,DEA-DEC-0167,,,Dea-wide | Repository/tooling,CLAUDE.md | MONOREPO.md | Makefile,docs/decisions/0004-monorepo-directory-structure.md,Covered as part of a broader ADR,Yes,The environment-delegation event is a concrete application of this broader retained repository boundary.
DEA-CANON-0162,"Repository Python tooling uses one root uv workspace, one root virtual environment, and one root lockfile.",Repository and process architecture,,Repository/tooling,Retained,Yes,DEA-DEC-0168 | DEA-DEC-0366,DEA-REL-0048,DEA-REL-0048 | DEA-REL-0051,Dea-wide | Repository/tooling | Shared,CLAUDE.md | MONOREPO.md | pyproject.toml,docs/decisions/0004-monorepo-directory-structure.md,Directly covered,Yes,This is the current broadened form of the earlier single-root-venv decision and is recorded by the monorepo ADR.
DEA-CANON-0163,"Pre-commit configuration is a root-owned, monorepo-wide policy applied across level and root-authored content.",Repository and process architecture,,Repository/tooling,Retained,Yes,DEA-DEC-0169,,,Dea-wide | Repository/tooling,.pre-commit-config.yaml | CLAUDE.md,docs/decisions/0004-monorepo-directory-structure.md,Covered as part of a broader ADR,Yes,One atomic historical event.
DEA-CANON-0164,"CI workflows remain under root .github/workflows, while per-level path filters include both the level subtree and every shared root input the workflow consumes.",Repository and process architecture,,Repository/tooling,Retained,Yes,DEA-DEC-0170,,,Dea-wide | Repository/tooling,.github/workflows/l0-ci.yml | .github/workflows/l1-ci.yml | MONOREPO.md,docs/decisions/0004-monorepo-directory-structure.md,Covered as part of a broader ADR,Yes,One atomic historical event.
DEA-CANON-0165,"Windows distribution and install builds statically link the GCC runtime by default, while explicit L0_CFLAGS still override the distribution default.",ABI and linking,CLI and distribution | Portability,L0,Retained,Yes,DEA-DEC-0171,,,L0 | L0 Stage 2,l0/Makefile | l0/docs/specs/compiler/stage2-contract.md,,Not covered,Yes,Included in the prioritized missing-ADR backlog.
DEA-CANON-0166,Both compiler stages canonicalize generated C #line file paths to forward slashes on every platform.,Backend and C emission,Bootstrap and self-hosting | Portability,L0,Retained,Yes,DEA-DEC-0172,,,L0 | L0 Stage 1 and Stage 2,l0/compiler/stage1_py/l0_c_emitter.py | l0/compiler/stage2_l0/src/c_emitter.l0 | l0/docs/reference/c-backend-design.md,l0/docs/decisions/0011-c-emission-strategy.md,Covered as part of a broader ADR,Yes,One atomic historical event.
DEA-CANON-0167,UCRT64 with MSYS2 Python is the recommended Windows developer environment and the automatic Windows CI target on pushes and pull requests.,Portability,Repository and process architecture,Repository/tooling,Retained,Yes,DEA-DEC-0173,DEA-REL-0027,,Repository/tooling,.github/workflows/l0-ci.yml | l0/docs/user/README-WINDOWS.md,,Not covered,Yes,Included in the prioritized missing-ADR backlog.
DEA-CANON-0168,MINGW64 with MSYS2 Python and native Windows Python remain supported Windows configurations exercised through manual workflow dispatch.,Portability,Repository and process architecture,Repository/tooling,Retained,Yes,DEA-DEC-0174,,,Repository/tooling,.github/workflows/l0-ci.yml | l0/docs/user/README-WINDOWS.md,,Not covered,Yes,Included in the prioritized missing-ADR backlog.
DEA-CANON-0169,Local L1 development defaults to the repository-local L0 Stage 2 compiler.,Bootstrap and self-hosting,,L1 Stage 1,Retained,Yes,DEA-DEC-0175,,,L1 Stage 1 | Shared L0/L1,,l1/docs/decisions/0001-bootstrap-adaptation-strategy.md,Covered as part of a broader ADR,Yes,One atomic historical event.
DEA-CANON-0170,CI and release bootstrap validation require an explicit upstream compiler path through L1_BOOTSTRAP_L0C.,Bootstrap and self-hosting,,L1 Stage 1,Retained,Yes,DEA-DEC-0176,,,L1 Stage 1 | Shared L0/L1,,l1/docs/decisions/0001-bootstrap-adaptation-strategy.md,Covered as part of a broader ADR,Yes,One atomic historical event.
DEA-CANON-0171,L1 language files use the .l1 extension while the L1 Stage 1 implementation remains L0 source with .l0.,CLI and distribution,,L1 Stage 1,Retained,Yes,DEA-DEC-0177,,,L1 Stage 1 | Shared L0/L1,l1/docs/reference/grammar.md,,ADR not warranted,No,"The file-extension split is a narrow, clearly documented bootstrap convention and does not justify an ADR."
DEA-CANON-0172,The l1-v* and l1-snapshot-* tag namespaces remain reserved until L1 artifacts are intentionally releasable.,Repository and process architecture,,Repository/tooling,Retained,Yes,DEA-DEC-0178,,,Repository/tooling,MONOREPO.md,,ADR not warranted,No,One atomic historical event.
DEA-CANON-0173,Bare v* tags are invalid for new monorepo releases and L1 does not use dual tags.,Repository and process architecture,,Repository/tooling,Retained,Yes,DEA-DEC-0179,,,Repository/tooling,MONOREPO.md,,ADR not warranted,No,One atomic historical event.
DEA-CANON-0174,"L1 release and snapshot workflows are deferred until install, distribution, launcher, and smoke-test contracts are stable.",Repository and process architecture,,Repository/tooling,Deferred,Yes,DEA-DEC-0180,,,Repository/tooling,MONOREPO.md,,ADR not warranted,No,One atomic historical event.
DEA-CANON-0175,dea is a compiler-synthesized virtual module with no source file or parsed DriverUnit.,Frontend architecture,,L1 Stage 1,Retained,Yes,DEA-DEC-0181,,DEA-REL-0018,L1 | L1 Stage 1,l1/docs/reference/design-decisions.md,l1/docs/decisions/0002-dea-virtual-prelude-module.md,Directly covered,Yes,One atomic historical event.
DEA-CANON-0176,"Every non-dea module implicitly opens dea first at the lowest precedence, so locals and explicit imports shadow it.",Frontend architecture,,L1 Stage 1,Retained,Yes,DEA-DEC-0182,,,L1 | L1 Stage 1,l1/docs/reference/design-decisions.md,l1/docs/decisions/0002-dea-virtual-prelude-module.md,Directly covered,Yes,One atomic historical event.
DEA-CANON-0177,"Qualified dea:: names are always available, and an explicit import dea is redundant rather than a second open.",Frontend architecture,,L1 Stage 1,Retained,Yes,DEA-DEC-0183,,,L1 | L1 Stage 1,l1/docs/reference/design-decisions.md,l1/docs/decisions/0002-dea-virtual-prelude-module.md,Directly covered,Yes,One atomic historical event.
DEA-CANON-0178,Compiler intrinsics dispatch by resolved symbol origin rather than by source spelling.,Semantic analysis,,L1 Stage 1,Retained,Yes,DEA-DEC-0184,,,L1 | L1 Stage 1,l1/docs/reference/design-decisions.md,l1/docs/decisions/0002-dea-virtual-prelude-module.md,Directly covered,Yes,One atomic historical event.
DEA-CANON-0179,Catalog meanings paraphrase the semantic issue while detailed reproducers remain in oracle sources.,Diagnostics and recovery,,Dea-wide,Retained,Yes,DEA-DEC-0185,,,Dea-wide | Shared L0/L1,docs/specs/compiler/diagnostic-code-catalog.md,docs/decisions/0005-diagnostic-code-catalog.md,Covered as part of a broader ADR,Yes,One atomic historical event.
DEA-CANON-0180,"Dea uses one shared, level- and stage-neutral compiler diagnostic-code catalog.",Diagnostics and recovery,,Dea-wide,Retained,Yes,DEA-DEC-0186,,,Dea-wide | Shared L0/L1,docs/specs/compiler/diagnostic-code-catalog.md,docs/decisions/0005-diagnostic-code-catalog.md,Directly covered,Yes,One atomic historical event.
DEA-CANON-0181,ICE codes remain outside the shared diagnostic catalog until a separate shared register is introduced.,Diagnostics and recovery,,Dea-wide,Deferred,Yes,DEA-DEC-0188,,,Dea-wide | Shared L0/L1,docs/specs/compiler/diagnostic-code-catalog.md,docs/decisions/0005-diagnostic-code-catalog.md,Covered as part of a broader ADR,Yes,One atomic historical event.
DEA-CANON-0182,dea_* and DEA_* are the forward-looking public C ABI naming family; l1_* is not introduced.,ABI and linking,,L1 Stage 1,Retained,Yes,DEA-DEC-0189,,,L1 Stage 1,l1/docs/specs/compiler/abi.md,l1/docs/decisions/0003-c-abi-naming-policy.md,Directly covered,Yes,One atomic historical event.
DEA-CANON-0183,"The ABI prefix migration applies to every public name emitted into C, not only builtin typedefs.",ABI and linking,,L1 Stage 1,Retained,Yes,DEA-DEC-0190,,,L1 Stage 1,l1/docs/specs/compiler/abi.md,l1/docs/decisions/0003-c-abi-naming-policy.md,Directly covered,Yes,One atomic historical event.
DEA-CANON-0184,_rt_* remains the private runtime-helper namespace.,ABI and linking,,L1 Stage 1,Retained,Yes,DEA-DEC-0191,,,L1 Stage 1,l1/docs/specs/compiler/abi.md,l1/docs/decisions/0003-c-abi-naming-policy.md,Directly covered,Yes,One atomic historical event.
DEA-CANON-0185,L1 keeps no compatibility aliases for legacy l0_* public ABI names.,ABI and linking,,L1 Stage 1,Retained,Yes,DEA-DEC-0192,,,L1 Stage 1,l1/docs/specs/compiler/abi.md,l1/docs/decisions/0003-c-abi-naming-policy.md,Directly covered,Yes,One atomic historical event.
DEA-CANON-0186,Source names beginning with reserved historical or current backend/runtime prefixes are mangled.,ABI and linking,,L1 Stage 1,Retained,Yes,DEA-DEC-0193,,,L1 Stage 1,l1/docs/specs/compiler/abi.md,l1/docs/decisions/0003-c-abi-naming-policy.md,Directly covered,Yes,One atomic historical event.
DEA-CANON-0187,Unsuffixed real literals have type double.,Type system,,L1,Retained,Yes,DEA-DEC-0194,,,L1 | L1 Stage 1,l1/docs/reference/design-decisions.md,l1/docs/decisions/0005-floating-point-semantics.md,Directly covered,Yes,One atomic historical event.
DEA-CANON-0188,A trailing f or F suffix gives a real literal type float.,Language syntax,,L1,Retained,Yes,DEA-DEC-0195,,,L1 | L1 Stage 1,l1/docs/reference/grammar.md,l1/docs/decisions/0005-floating-point-semantics.md,Directly covered,Yes,One atomic historical event.
DEA-CANON-0189,float and double are builtin reserved L1 type names.,Type system,,L1,Retained,Yes,DEA-DEC-0196,,,L1 | L1 Stage 1,l1/docs/reference/design-decisions.md,l1/docs/decisions/0005-floating-point-semantics.md,Directly covered,Yes,One atomic historical event.
DEA-CANON-0190,"Real-literal grammar accepts decimal forms with optional exponents but rejects .5, 1., and hexadecimal floats.",Language syntax,,L1,Retained,Yes,DEA-DEC-0197,,,L1 | L1 Stage 1,l1/docs/reference/grammar.md,l1/docs/decisions/0005-floating-point-semantics.md,Covered as part of a broader ADR,Yes,One atomic historical event.
DEA-CANON-0191,L1 float and double lower directly to C float and double scalar types.,Backend and C emission,,L1 Stage 1,Retained,Yes,DEA-DEC-0198,,,L1 Stage 1,l1/docs/reference/design-decisions.md,l1/docs/decisions/0005-floating-point-semantics.md,Directly covered,Yes,One atomic historical event.
DEA-CANON-0192,Floating literal payloads are stored as opaque source strings and emitted verbatim instead of evaluated by the bootstrap compiler.,Backend and C emission,,L1 Stage 1,Retained,Yes,DEA-DEC-0199,,,L1 Stage 1,l1/docs/reference/design-decisions.md,l1/docs/decisions/0005-floating-point-semantics.md,Directly covered,Yes,One atomic historical event.
DEA-CANON-0193,Implicit real conversion permits float to double but requires an explicit cast for double to float.,Type system,,L1,Retained,Yes,DEA-DEC-0200,,,L1 | L1 Stage 1,l1/docs/reference/design-decisions.md,l1/docs/decisions/0005-floating-point-semantics.md,Directly covered,Yes,One atomic historical event.
DEA-CANON-0194,"Explicit numeric casts are supported among int, float, and double.",Type system,,L1,Retained,Yes,DEA-DEC-0201,,,L1 | L1 Stage 1,l1/docs/reference/design-decisions.md,l1/docs/decisions/0005-floating-point-semantics.md,Directly covered,Yes,One atomic historical event.
DEA-CANON-0195,Floating-point division by zero is defined and does not panic.,Language semantics,,L1,Retained,Yes,DEA-DEC-0202 | DEA-DEC-0225,DEA-REL-0010,DEA-REL-0010,L1 | L1 Stage 1,l1/docs/reference/design-decisions.md,l1/docs/decisions/0005-floating-point-semantics.md,Directly covered,Yes,Groups 2 historical events.
DEA-CANON-0196,Fitting direct integer literals may flow into typed float or double contexts.,Type system,,L1,Retained,Yes,DEA-DEC-0203,,,L1 | L1 Stage 1,l1/docs/reference/design-decisions.md,l1/docs/decisions/0005-floating-point-semantics.md,Directly covered,Yes,One atomic historical event.
DEA-CANON-0197,Mixed int and real binary arithmetic requires an explicit cast.,Type system,,L1,Retained,Yes,DEA-DEC-0204,,,L1 | L1 Stage 1,l1/docs/reference/design-decisions.md,l1/docs/decisions/0005-floating-point-semantics.md,Directly covered,Yes,One atomic historical event.
DEA-CANON-0198,"L1 accepts lowercase 0x, 0b, and 0o integer prefixes, with unary minus remaining a separate operator.",Language syntax,,L1,Retained,Yes,DEA-DEC-0205,,,L1 | L1 Stage 1,l1/docs/reference/grammar.md,,ADR not warranted,No,Lowercase radix-prefix spelling is a narrow lexical rule already stable in the grammar and does not justify an ADR.
DEA-CANON-0199,Prefixed literals retain the signed 32-bit int type and range.,Type system,,L1,Retained,Yes,DEA-DEC-0206,,,L1 | L1 Stage 1,l1/docs/reference/design-decisions.md,l1/docs/decisions/0004-wide-integer-types.md,Covered as part of a broader ADR,Yes,One atomic historical event.
DEA-CANON-0200,Base-invalid digits are rejected lexically rather than during parsing or typing.,Diagnostics and recovery,,L1 Stage 1,Retained,Yes,DEA-DEC-0207,,,L1 Stage 1,l1/docs/reference/grammar.md,,ADR not warranted,No,One atomic historical event.
DEA-CANON-0201,tiny is an 8-bit signed integer lowering to dea_tiny.,Type system,,L1,Retained,Yes,DEA-DEC-0208,,,L1 | L1 Stage 1,l1/docs/reference/design-decisions.md,l1/docs/decisions/0004-wide-integer-types.md,Directly covered,Yes,One atomic historical event.
DEA-CANON-0202,byte remains a distinct 8-bit unsigned integer type.,Type system,,L1,Retained,Yes,DEA-DEC-0209,,,L1 | L1 Stage 1,l1/docs/reference/design-decisions.md,l1/docs/decisions/0004-wide-integer-types.md,Directly covered,Yes,One atomic historical event.
DEA-CANON-0203,short is a 16-bit signed integer lowering to dea_short.,Type system,,L1,Retained,Yes,DEA-DEC-0210,,,L1 | L1 Stage 1,l1/docs/reference/design-decisions.md,l1/docs/decisions/0004-wide-integer-types.md,Directly covered,Yes,One atomic historical event.
DEA-CANON-0204,ushort is a 16-bit unsigned integer lowering to dea_ushort.,Type system,,L1,Retained,Yes,DEA-DEC-0211,,,L1 | L1 Stage 1,l1/docs/reference/design-decisions.md,l1/docs/decisions/0004-wide-integer-types.md,Directly covered,Yes,One atomic historical event.
DEA-CANON-0205,Integer literals continue to infer as int rather than as the smallest fitting integer type.,Type system,,L1,Retained,Yes,DEA-DEC-0212,,,L1 | L1 Stage 1,l1/docs/reference/design-decisions.md,l1/docs/decisions/0004-wide-integer-types.md,Directly covered,Yes,One atomic historical event.
DEA-CANON-0206,A fitting compile-time int literal may contextually narrow to a smaller integer type without a runtime check.,Type system,,L1,Retained,Yes,DEA-DEC-0213,,,L1 | L1 Stage 1,l1/docs/reference/design-decisions.md,l1/docs/decisions/0004-wide-integer-types.md,Directly covered,Yes,One atomic historical event.
DEA-CANON-0207,Nonliteral integer narrowing is explicit and uses checked runtime conversion where ranges do not contain one another.,Type system,,L1,Retained,Yes,DEA-DEC-0214,,,L1 | L1 Stage 1,l1/docs/reference/design-decisions.md,l1/docs/decisions/0004-wide-integer-types.md,Directly covered,Yes,One atomic historical event.
DEA-CANON-0208,The full fixed-width integer family uses only the enumerated range-safe implicit widening lattice.,Type system,,L1,Retained,Yes,DEA-DEC-0215 | DEA-DEC-0240,DEA-REL-0011,DEA-REL-0011,L1 | L1 Stage 1,l1/docs/reference/design-decisions.md,l1/docs/decisions/0004-wide-integer-types.md,Directly covered,Yes,Groups 2 historical events.
DEA-CANON-0209,Explicit casts are allowed among every implemented integral builtin and out-of-range constants fail at compile time.,Type system,,L1,Retained,Yes,DEA-DEC-0216,,,L1 | L1 Stage 1,l1/docs/reference/design-decisions.md,l1/docs/decisions/0004-wide-integer-types.md,Directly covered,Yes,One atomic historical event.
DEA-CANON-0210,uint remained reserved but unimplemented after the small-integer tranche.,Type system,,L1,Superseded,No,DEA-DEC-0217,,DEA-REL-0012,L1 | L1 Stage 1,l1/docs/reference/design-decisions.md,l1/docs/decisions/0004-wide-integer-types.md,Directly covered,Yes,One atomic historical event.
DEA-CANON-0211,long remained reserved but unimplemented after the small-integer tranche.,Type system,,L1,Superseded,No,DEA-DEC-0218,,DEA-REL-0057,L1 | L1 Stage 1,l1/docs/reference/design-decisions.md,l1/docs/decisions/0004-wide-integer-types.md,Directly covered,Yes,One atomic historical event.
DEA-CANON-0212,ulong remained reserved but unimplemented after the small-integer tranche.,Type system,,L1,Superseded,No,DEA-DEC-0219,,DEA-REL-0058,L1 | L1 Stage 1,l1/docs/reference/design-decisions.md,l1/docs/decisions/0004-wide-integer-types.md,Directly covered,Yes,One atomic historical event.
DEA-CANON-0213,"Stable and normative material belongs under docs/, while plans, proposals, and closed execution history belong under work/.",Repository and process architecture,,Repository/tooling,Retained,Yes,DEA-DEC-0220,,,Repository/tooling | Shared L0/L1,work/README.md,docs/decisions/0006-docs-work-taxonomy.md,Directly covered,Yes,One atomic historical event.
DEA-CANON-0214,Cross-level work defaults to one root-owned shared plan with explicit target statuses.,Repository and process architecture,,Repository/tooling,Retained,Yes,DEA-DEC-0221,,,Repository/tooling | Shared L0/L1,work/README.md,docs/decisions/0006-docs-work-taxonomy.md,Directly covered,Yes,One atomic historical event.
DEA-CANON-0215,Accepted design intent graduates from work artifacts into stable reference or specification documentation.,Repository and process architecture,,Repository/tooling,Retained,Yes,DEA-DEC-0222,,,Repository/tooling | Shared L0/L1,work/README.md,docs/decisions/0006-docs-work-taxonomy.md,Directly covered,Yes,One atomic historical event.
DEA-CANON-0216,"Real literals use TT_REALNUM(sig, exp_text, is_float), preserving significand and exponent components as text.",Frontend architecture,,L1 Stage 1,Retained,Yes,DEA-DEC-0223,,,L1 Stage 1,l1/docs/reference/design-decisions.md,l1/docs/decisions/0005-floating-point-semantics.md,Covered as part of a broader ADR,Yes,One atomic historical event.
DEA-CANON-0217,Floating-point arithmetic is non-panicking.,Language semantics,,L1,Retained,Yes,DEA-DEC-0224,,,L1 | L1 Stage 1,l1/docs/reference/design-decisions.md,l1/docs/decisions/0005-floating-point-semantics.md,Directly covered,Yes,One atomic historical event.
DEA-CANON-0218,"Supported L1 targets provide IEEE-style signed zero, infinities, NaNs, and non-trapping floating arithmetic.",Portability,,L1,Retained,Yes,DEA-DEC-0226,,,L1 | L1 Stage 1,l1/docs/reference/design-decisions.md,l1/docs/decisions/0005-floating-point-semantics.md,Directly covered,Yes,One atomic historical event.
DEA-CANON-0219,L1 defines floating semantics rather than delegating them to unspecified host C behavior.,Language semantics,,L1,Retained,Yes,DEA-DEC-0227,,,L1 | L1 Stage 1,l1/docs/reference/design-decisions.md,l1/docs/decisions/0005-floating-point-semantics.md,Directly covered,Yes,One atomic historical event.
DEA-CANON-0220,Direct C float/double lowering is allowed only on conforming targets; float-using programs fail compilation otherwise.,Portability,,L1 Stage 1,Retained,Yes,DEA-DEC-0228,,,L1 Stage 1,l1/docs/reference/design-decisions.md,l1/docs/decisions/0005-floating-point-semantics.md,Directly covered,Yes,One atomic historical event.
DEA-CANON-0221,Stage 1 does not fold floating arithmetic unless it can guarantee the same result as runtime L1 semantics.,Semantic analysis,,L1 Stage 1,Retained,Yes,DEA-DEC-0229,,,L1 Stage 1,l1/docs/reference/design-decisions.md,l1/docs/decisions/0005-floating-point-semantics.md,Directly covered,Yes,One atomic historical event.
DEA-CANON-0222,"Mixed float/double arithmetic and comparisons widen float to double, with arithmetic results typed double.",Type system,,L1,Retained,Yes,DEA-DEC-0230,,,L1 | L1 Stage 1,l1/docs/reference/design-decisions.md,l1/docs/decisions/0005-floating-point-semantics.md,Directly covered,Yes,One atomic historical event.
DEA-CANON-0223,uint is a 32-bit unsigned builtin lowering to dea_uint.,Type system,,L1,Retained,Yes,DEA-DEC-0231,DEA-REL-0012,,L1 | L1 Stage 1,l1/docs/reference/design-decisions.md,l1/docs/decisions/0004-wide-integer-types.md,Directly covered,Yes,One atomic historical event.
DEA-CANON-0224,long is a 64-bit signed builtin lowering to dea_long.,Type system,,L1,Retained,Yes,DEA-DEC-0232,DEA-REL-0057,,L1 | L1 Stage 1,l1/docs/reference/design-decisions.md,l1/docs/decisions/0004-wide-integer-types.md,Directly covered,Yes,One atomic historical event.
DEA-CANON-0225,ulong is a 64-bit unsigned builtin lowering to dea_ulong.,Type system,,L1,Retained,Yes,DEA-DEC-0233,DEA-REL-0058,,L1 | L1 Stage 1,l1/docs/reference/design-decisions.md,l1/docs/decisions/0004-wide-integer-types.md,Directly covered,Yes,One atomic historical event.
DEA-CANON-0226,Integer literals outside native int use a distinct TT_BIGINT to EX_BIGINT path.,Frontend architecture,,L1 Stage 1,Retained,Yes,DEA-DEC-0234,,,L1 Stage 1,l1/docs/reference/design-decisions.md,l1/docs/decisions/0004-wide-integer-types.md,Directly covered,Yes,One atomic historical event.
DEA-CANON-0227,EX_BIGINT preserves opaque digit text and its base instead of materializing a bootstrap-native value.,Frontend architecture,,L1 Stage 1,Retained,Yes,DEA-DEC-0235,,,L1 Stage 1,l1/docs/reference/design-decisions.md,l1/docs/decisions/0004-wide-integer-types.md,Directly covered,Yes,One atomic historical event.
DEA-CANON-0228,"An untyped bigint literal requires an expected uint, long, or ulong context instead of choosing a default wide type.",Type system,,L1,Retained,Yes,DEA-DEC-0236,,,L1 | L1 Stage 1,l1/docs/reference/design-decisions.md,l1/docs/decisions/0004-wide-integer-types.md,Directly covered,Yes,One atomic historical event.
DEA-CANON-0229,"A contextual bigint literal converts to uint, long, or ulong only when its compile-time range check succeeds.",Type system,,L1,Retained,Yes,DEA-DEC-0237,,,L1 | L1 Stage 1,l1/docs/reference/design-decisions.md,l1/docs/decisions/0004-wide-integer-types.md,Directly covered,Yes,One atomic historical event.
DEA-CANON-0230,Negative integer constants cannot contextually initialize uint or ulong.,Type system,,L1,Retained,Yes,DEA-DEC-0238,,,L1 | L1 Stage 1,l1/docs/reference/design-decisions.md,l1/docs/decisions/0004-wide-integer-types.md,Directly covered,Yes,One atomic historical event.
DEA-CANON-0231,Nonliteral narrowing and cross-signedness integer conversions require explicit runtime-checked casts.,Type system,,L1,Retained,Yes,DEA-DEC-0239,,,L1 | L1 Stage 1,l1/docs/reference/design-decisions.md,l1/docs/decisions/0004-wide-integer-types.md,Directly covered,Yes,One atomic historical event.
DEA-CANON-0232,"L1 wide-integer standard-library helpers use _ui, _l, and _ul suffixes while int helpers remain unsuffixed.",Standard library,,L1,Retained,Yes,DEA-DEC-0241,,,L1 | L1 Stage 1,l1/docs/reference/standard-library.md,l1/docs/decisions/0004-wide-integer-types.md,Partially covered,Yes,L1 ADR-0004 mentions the suffix families but does not consolidate the complete cross-width stdlib API policy. L1 ADR-0004 records the suffix families but does not consolidate the full cross-width standard-library API policy. Included in the prioritized missing-ADR backlog.
DEA-CANON-0233,uint has a direct 32-bit helper family instead of requiring callers to widen to ulong.,Standard library,,L1,Retained,Yes,DEA-DEC-0242,,,L1 | L1 Stage 1,l1/docs/reference/standard-library.md,,Not covered,Yes,Included in the prioritized missing-ADR backlog.
DEA-CANON-0234,long mirrors the shared signed int helper surface wherever the semantics remain meaningful.,Standard library,,L1,Retained,Yes,DEA-DEC-0243,,,L1 | L1 Stage 1,l1/docs/reference/standard-library.md,,Not covered,Yes,Included in the prioritized missing-ADR backlog.
DEA-CANON-0235,"ulong exposes a selective unsigned surface and omits sign, abs, ediv, and emod spellings.",Standard library,,L1,Retained,Yes,DEA-DEC-0244,,,L1 | L1 Stage 1,l1/docs/reference/standard-library.md,,Not covered,Yes,Included in the prioritized missing-ADR backlog.
DEA-CANON-0236,Unsigned quotient helpers use div_* and mod_* because Euclidean and ordinary unsigned division coincide.,Standard library,,L1,Retained,Yes,DEA-DEC-0245,,,L1 | L1 Stage 1,l1/docs/reference/standard-library.md,,ADR not warranted,No,One atomic historical event.
DEA-CANON-0237,Total unsigned helpers return plain values rather than nullable wrappers.,Standard library,,L1,Retained,Yes,DEA-DEC-0246,,,L1 | L1 Stage 1,l1/docs/reference/standard-library.md,,Not covered,Yes,Included in the prioritized missing-ADR backlog.
DEA-CANON-0238,Fallible signed long helpers use long? for domain or representability failure.,Standard library,,L1,Retained,Yes,DEA-DEC-0247,,,L1 | L1 Stage 1,l1/docs/reference/standard-library.md,,Not covered,Yes,Included in the prioritized missing-ADR backlog.
DEA-CANON-0239,Saturating arithmetic remains deferred from the integer standard-library surface.,Standard library,,L1,Deferred,Yes,DEA-DEC-0248,,,L1 | L1 Stage 1,l1/docs/reference/standard-library.md,,ADR not warranted,No,One atomic historical event.
DEA-CANON-0240,An explicit cast to a one-level nullable integer converts to the inner integer type and then constructs a present wrapper.,Type system,,L1,Retained,Yes,DEA-DEC-0249,,,L1 | L1 Stage 1,l1/docs/reference/design-decisions.md,l1/docs/decisions/0004-wide-integer-types.md,Covered as part of a broader ADR,Yes,One atomic historical event.
DEA-CANON-0241,Contextual int and bigint literals may flow directly into nullable integer contexts.,Type system,,L1,Retained,Yes,DEA-DEC-0250,,,L1 | L1 Stage 1,l1/docs/reference/design-decisions.md,l1/docs/decisions/0004-wide-integer-types.md,Covered as part of a broader ADR,Yes,One atomic historical event.
DEA-CANON-0242,The public floating-point standard-library module is named std.real rather than std.float.,Standard library,,L1,Retained,Yes,DEA-DEC-0251,,,L1,l1/docs/reference/standard-library.md,l1/docs/decisions/0005-floating-point-semantics.md,Covered as part of a broader ADR,Yes,Included in the prioritized missing-ADR backlog.
DEA-CANON-0243,The low-level floating runtime binding module is sys.real rather than an expansion of sys.rt.,Standard library,,L1,Retained,Yes,DEA-DEC-0252,,,L1,l1/docs/reference/standard-library.md,,Not covered,Yes,Included in the prioritized missing-ADR backlog.
DEA-CANON-0244,Public real APIs use explicit _f and _d suffixes rather than overloading.,Standard library,,L1,Retained,Yes,DEA-DEC-0253,,,L1,l1/docs/reference/standard-library.md,l1/docs/decisions/0005-floating-point-semantics.md,Partially covered,Yes,Included in the prioritized missing-ADR backlog.
DEA-CANON-0245,"std.real is a thin library over the runtime boundary, not a collection of compiler intrinsics or backend special cases.",Runtime,,L1,Retained,Yes,DEA-DEC-0254,,,L1,l1/docs/reference/standard-library.md,,Not covered,Yes,Included in the prioritized missing-ADR backlog.
DEA-CANON-0246,Multi-result public real helpers use small result structs while sys.real uses output parameters internally.,Standard library,,L1,Retained,Yes,DEA-DEC-0255,,,L1,l1/docs/reference/standard-library.md,,Not covered,Yes,Included in the prioritized missing-ADR backlog.
DEA-CANON-0247,C99 real wrappers live in a separate l1_real.h included only when generated code uses sys.real.,Runtime,,L1,Retained,Yes,DEA-DEC-0256,,,L1,l1/docs/reference/standard-library.md,,Not covered,Yes,Included in the prioritized missing-ADR backlog.
DEA-CANON-0248,Host math-library linkage is conditional on actual sys.real/std.real helper use; plain float or double use does not trigger it.,ABI and linking,,L1,Retained,Yes,DEA-DEC-0257,,,L1,l1/docs/reference/standard-library.md,,Not covered,Yes,Combines the positive rule and its logically implied plain-scalar exclusion. Included in the prioritized missing-ADR backlog.
DEA-CANON-0249,"Shared numeric helpers are partitioned so integer helpers occupy an integer-focused module, floating helpers remain in std.real, and bit-centric helpers remain outside that module.",Standard library,,Shared L0/L1,Retained,Yes,DEA-DEC-0258,,,Shared L0/L1,l0/docs/reference/standard-library.md | l1/docs/reference/standard-library.md,l0/docs/decisions/0015-stdlib-module-boundaries.md,Directly covered,Yes,One atomic historical event.
DEA-CANON-0250,The integer-focused shared helper module initially retained the public name std.math.,Standard library,,Shared L0/L1,Superseded,No,DEA-DEC-0259,,DEA-REL-0049,Shared L0/L1,l0/docs/reference/standard-library.md | l1/docs/reference/standard-library.md,l0/docs/decisions/0015-stdlib-module-boundaries.md,Directly covered,Yes,One atomic historical event.
DEA-CANON-0251,Shared public int helper names are unsuffixed rather than using an _i suffix.,Standard library,,Shared L0/L1,Retained,Yes,DEA-DEC-0260,,,Shared L0/L1,l0/docs/reference/standard-library.md | l1/docs/reference/standard-library.md,,Not covered,Yes,The shared integer API naming rule is durable and cross-level but absent from current ADRs. Included in the prioritized missing-ADR backlog.
DEA-CANON-0252,"Invalid divisor, clamp, and alignment preconditions use assertions.",Standard library,,Shared L0/L1,Retained,Yes,DEA-DEC-0261,,,Shared L0/L1,l0/docs/reference/standard-library.md | l1/docs/reference/standard-library.md,,Not covered,Yes,Included in the prioritized missing-ADR backlog.
DEA-CANON-0253,div_floor and div_ceil return int and require the mathematical result to be representable.,Standard library,,Shared L0/L1,Retained,Yes,DEA-DEC-0262,,,Shared L0/L1,l0/docs/reference/standard-library.md | l1/docs/reference/standard-library.md,,Not covered,Yes,Included in the prioritized missing-ADR backlog.
DEA-CANON-0254,"abs, gcd, lcm, pow, isqrt, align_down, and align_up return int? on domain or representability failure.",Standard library,,Shared L0/L1,Retained,Yes,DEA-DEC-0263,,,Shared L0/L1,l0/docs/reference/standard-library.md | l1/docs/reference/standard-library.md,,Not covered,Yes,Nullable failure for checked integer helpers is a cross-level public API rule without ADR coverage. Included in the prioritized missing-ADR backlog.
DEA-CANON-0255,The checked absolute-value helper is named abs rather than abs_checked.,Standard library,,Shared L0/L1,Retained,Yes,DEA-DEC-0264,,,Shared L0/L1,l0/docs/reference/standard-library.md | l1/docs/reference/standard-library.md,,ADR not warranted,No,One atomic historical event.
DEA-CANON-0256,Signed gcd returns int? because its nonnegative result may be unrepresentable in signed int.,Standard library,,Shared L0/L1,Retained,Yes,DEA-DEC-0265,,,Shared L0/L1,l0/docs/reference/standard-library.md | l1/docs/reference/standard-library.md,,ADR not warranted,No,One atomic historical event.
DEA-CANON-0257,is_aligned returns bool and treats invalid alignment as a precondition failure.,Standard library,,Shared L0/L1,Retained,Yes,DEA-DEC-0266,,,Shared L0/L1,l0/docs/reference/standard-library.md | l1/docs/reference/standard-library.md,,ADR not warranted,No,One atomic historical event.
DEA-CANON-0258,Generic integer helpers move from std.time to the integer helper module or delegate to it.,Standard library,,Shared L0/L1,Retained,Yes,DEA-DEC-0267,,,Shared L0/L1,l0/docs/reference/standard-library.md | l1/docs/reference/standard-library.md,l0/docs/decisions/0015-stdlib-module-boundaries.md,Covered as part of a broader ADR,Yes,One atomic historical event.
DEA-CANON-0259,Diagnostic columns count Unicode code points while source offsets remain byte-based; terminal display width is outside the compiler contract.,Diagnostics and recovery,Portability,Shared L0/L1,Retained,Yes,DEA-DEC-0268 | DEA-DEC-0467,DEA-REL-0009,DEA-REL-0009,L1 Stage 1 | Shared | Shared L0/L1,docs/decisions/0009-logical-lexer-error-recovery-tokens-and-codepoint-columns.md | docs/specs/language/source-text-and-language-vocabulary.md,docs/decisions/0009-logical-lexer-error-recovery-tokens-and-codepoint-columns.md,Directly covered,Yes,This is the retained successor to the byte-counted L1 column rule.
DEA-CANON-0260,"Top-level let declarations may use arbitrary runtime expressions, with constants initialized directly and other expressions deferred.",Language semantics,,L1,Retained,Yes,DEA-DEC-0269,,,L1,l1/docs/reference/design-decisions.md,,Not covered,Yes,Included in the prioritized missing-ADR backlog.
DEA-CANON-0261,"In legacy whole-program output, deferred top-level lets are initialized by hidden per-module helpers invoked before user main.",Backend and C emission,,L1 Stage 1,Retained,Yes,DEA-DEC-0270,,,L1 | L1 Stage 1,l1/docs/reference/design-decisions.md,l1/docs/decisions/0020-per-module-backend-and-lifecycle-abi.md,Covered as part of a broader ADR,Yes,One atomic historical event.
DEA-CANON-0262,Module initialization order follows dependency order and then import source order deterministically.,Runtime,,L1,Retained,Yes,DEA-DEC-0271,,,L1,l1/docs/reference/design-decisions.md,l1/docs/decisions/0020-per-module-backend-and-lifecycle-abi.md,Covered as part of a broader ADR,Yes,One atomic historical event.
DEA-CANON-0263,read_delim and read_delim_any consume and exclude the delimiter; EOF returns null only if no byte was accumulated.,Standard library,,L1,Retained,Yes,DEA-DEC-0272,,,L1 | L1 Stage 1,l1/docs/reference/standard-library.md,,ADR not warranted,No,One atomic historical event.
DEA-CANON-0264,read_delim_ws skips leading ASCII whitespace and returns null only when EOF precedes a token.,Standard library,,L1,Retained,Yes,DEA-DEC-0273,,,L1 | L1 Stage 1,l1/docs/reference/standard-library.md,,ADR not warranted,No,One atomic historical event.
DEA-CANON-0265,"Wide integer parsers accept bases 2 through 16, allow leading zeros, reject plus signs and base prefixes, and return null on invalid or out-of-range input.",Standard library,,L1,Retained,Yes,DEA-DEC-0274,,,L1 | L1 Stage 1,l1/docs/reference/standard-library.md,,ADR not warranted,No,One atomic historical event.
DEA-CANON-0266,Floating-point text parsing remains deferred.,Standard library,,L1,Deferred,Yes,DEA-DEC-0275,,,L1 | L1 Stage 1,l1/docs/reference/standard-library.md,,ADR not warranted,No,One atomic historical event.
DEA-CANON-0267,"Binary &, |, and ^ return the operands' common integer type and require an explicit cast across signedness.",Type system,,L1,Retained,Yes,DEA-DEC-0276,,,L1,l1/docs/reference/design-decisions.md,l1/docs/decisions/0004-wide-integer-types.md,Covered as part of a broader ADR,Yes,One atomic historical event.
DEA-CANON-0268,Unary bitwise complement preserves its integer operand type.,Type system,,L1,Retained,Yes,DEA-DEC-0277,,,L1,l1/docs/reference/design-decisions.md,l1/docs/decisions/0004-wide-integer-types.md,Covered as part of a broader ADR,Yes,One atomic historical event.
DEA-CANON-0269,"Shift results have the left operand's integer type, while the right operand must be unsigned or nonnegative.",Type system,,L1,Retained,Yes,DEA-DEC-0278,,,L1,l1/docs/reference/design-decisions.md,l1/docs/decisions/0004-wide-integer-types.md,Covered as part of a broader ADR,Yes,One atomic historical event.
DEA-CANON-0270,Signed right shift is arithmetic and unsigned right shift is logical.,Language semantics,,L1,Retained,Yes,DEA-DEC-0279,,,L1,l1/docs/reference/design-decisions.md,l1/docs/decisions/0004-wide-integer-types.md,Partially covered,Yes,One atomic historical event.
DEA-CANON-0271,Bitwise operators are not defined for bool.,Type system,,L1,Retained,Yes,DEA-DEC-0280,,,L1,l1/docs/reference/design-decisions.md,l1/docs/decisions/0004-wide-integer-types.md,Covered as part of a broader ADR,Yes,One atomic historical event.
DEA-CANON-0272,Bitwise constant folding uses fixed-width integer range rules and rejects negative or out-of-width shifts.,Semantic analysis,,L1 Stage 1,Retained,Yes,DEA-DEC-0281,,,L1 | L1 Stage 1,l1/docs/reference/design-decisions.md,l1/docs/decisions/0004-wide-integer-types.md,Partially covered,Yes,One atomic historical event.
DEA-CANON-0273,"Bitwise precedence follows the C-family ordering: ~, shifts, &, ^, then |.",Language syntax,,L1,Retained,Yes,DEA-DEC-0282,,,L1,l1/docs/reference/grammar.md,,ADR not warranted,No,One atomic historical event.
DEA-CANON-0274,L1 const syntax is top-level const NAME: T = EXPR with both type and initializer required.,Language syntax,,L1,Retained,Yes,DEA-DEC-0283,,,L1,l1/docs/reference/grammar.md,l1/docs/decisions/0006-const-declarations.md,Directly covered,Yes,One atomic historical event.
DEA-CANON-0275,A const initializer must be accepted by the compile-time constant evaluator and never falls back to module initialization.,Language semantics,,L1,Retained,Yes,DEA-DEC-0284,,,L1,l1/docs/reference/design-decisions.md,l1/docs/decisions/0006-const-declarations.md,Directly covered,Yes,One atomic historical event.
DEA-CANON-0276,"Const bindings cannot be assigned, dropped, or used as mutable addressable storage.",Language semantics,,L1,Retained,Yes,DEA-DEC-0285,,,L1,l1/docs/reference/design-decisions.md,l1/docs/decisions/0006-const-declarations.md,Directly covered,Yes,One atomic historical event.
DEA-CANON-0277,Block-local const is deferred and explicitly rejected.,Language syntax,,L1,Deferred,Yes,DEA-DEC-0286,,,L1,l1/docs/reference/grammar.md,l1/docs/decisions/0006-const-declarations.md,Directly covered,Yes,One atomic historical event.
DEA-CANON-0278,Top-level const initially lowered as static const C storage.,Backend and C emission,,L1 Stage 1,Superseded,No,DEA-DEC-0287,,DEA-REL-0029,L1 | L1 Stage 1,l1/docs/specs/compiler/abi.md,l1/docs/decisions/0006-const-declarations.md | l1/docs/decisions/0008-lbi-symbol-mangling.md,Directly covered,Yes,One atomic historical event.
DEA-CANON-0279,Const does not imply constexpr function evaluation beyond the existing folder.,Semantic analysis,,L1,Retained,Yes,DEA-DEC-0288,,,L1,l1/docs/reference/design-decisions.md,l1/docs/decisions/0006-const-declarations.md,Directly covered,Yes,One atomic historical event.
DEA-CANON-0280,"Function-pointer type syntax is func(T1, ...) -> U, with func() -> U for zero arguments and void for no result.",Language syntax,,L1,Retained,Yes,DEA-DEC-0289,,,L1,l1/docs/reference/grammar.md,l1/docs/decisions/0007-function-pointer-types.md,Directly covered,Yes,One atomic historical event.
DEA-CANON-0281,L1 function types are always pointer-valued; the language does not distinguish function from pointer-to-function types.,Type system,,L1,Retained,Yes,DEA-DEC-0290,,,L1,l1/docs/reference/design-decisions.md,l1/docs/decisions/0007-function-pointer-types.md,Directly covered,Yes,One atomic historical event.
DEA-CANON-0282,"A nullable function pointer is parenthesized as (func(...) -> U)?, while func(...) -> U? has a nullable return.",Language syntax,,L1,Retained,Yes,DEA-DEC-0291,,,L1,l1/docs/reference/grammar.md,l1/docs/decisions/0007-function-pointer-types.md,Directly covered,Yes,One atomic historical event.
DEA-CANON-0283,Calling a null function pointer is a runtime error.,Runtime,,L1,Retained,Yes,DEA-DEC-0292,,,L1,l1/docs/reference/design-decisions.md,l1/docs/decisions/0007-function-pointer-types.md,Directly covered,Yes,One atomic historical event.
DEA-CANON-0284,"Function-pointer compatibility requires exact parameter arity, parameter types, and return type with no variance.",Type system,,L1,Retained,Yes,DEA-DEC-0293,,,L1,l1/docs/reference/design-decisions.md,l1/docs/decisions/0007-function-pointer-types.md,Directly covered,Yes,One atomic historical event.
DEA-CANON-0285,A bare top-level function name evaluates to a pointer with that function's signature.,Language semantics,,L1,Retained,Yes,DEA-DEC-0294,,,L1,l1/docs/reference/design-decisions.md,l1/docs/decisions/0007-function-pointer-types.md,Directly covered,Yes,One atomic historical event.
DEA-CANON-0286,Function pointers use the plain C function-pointer ABI representation.,ABI and linking,,L1,Retained,Yes,DEA-DEC-0295,,,L1,l1/docs/specs/compiler/abi.md,l1/docs/decisions/0007-function-pointer-types.md,Directly covered,Yes,One atomic historical event.
DEA-CANON-0287,"Same-signature function pointers support identity equality and null checks, while ordering comparisons are rejected.",Language semantics,,L1,Retained,Yes,DEA-DEC-0296,,,L1,l1/docs/reference/design-decisions.md,l1/docs/decisions/0007-function-pointer-types.md,Directly covered,Yes,One atomic historical event.
DEA-CANON-0288,String == and != use byte-content value equality rather than identity.,Language semantics,,L1,Retained,Yes,DEA-DEC-0297,,,L1,l1/docs/reference/design-decisions.md,l0/docs/decisions/0016-string-value-operators.md,Covered as part of a broader ADR,Yes,One atomic historical event.
DEA-CANON-0289,String equality requires two string operands and introduces no implicit coercion.,Type system,,L1,Retained,Yes,DEA-DEC-0298,,,L1,l1/docs/reference/design-decisions.md,l0/docs/decisions/0016-string-value-operators.md,Covered as part of a broader ADR,Yes,One atomic historical event.
DEA-CANON-0290,String ordering is byte-wise lexicographic; locale-aware ordering belongs in a library rather than operator semantics.,Language semantics,,L1,Retained,Yes,DEA-DEC-0299,,,L1,l1/docs/reference/design-decisions.md,l0/docs/decisions/0016-string-value-operators.md,Covered as part of a broader ADR,Yes,One atomic historical event.
DEA-CANON-0291,String relational operators require two string operands and yield bool without coercion.,Type system,,L1,Retained,Yes,DEA-DEC-0300,,,L1,l1/docs/reference/design-decisions.md,l0/docs/decisions/0016-string-value-operators.md,Covered as part of a broader ADR,Yes,One atomic historical event.
DEA-CANON-0292,"Same-type non-nullable pointers, including void*, support == and != as reference identity.",Language semantics,,L1,Retained,Yes,DEA-DEC-0301,,,L1,l1/docs/reference/design-decisions.md,,Not covered,Yes,Included in the prioritized missing-ADR backlog.
DEA-CANON-0293,"Equality between different pointer types is rejected, including T* versus void* without an explicit cast.",Type system,,L1,Retained,Yes,DEA-DEC-0302,,,L1,l1/docs/reference/design-decisions.md,,Not covered,Yes,Included in the prioritized missing-ADR backlog.
DEA-CANON-0294,Ordered comparisons on pointers are rejected because address ordering has no defined L1 meaning.,Language semantics,,L1,Retained,Yes,DEA-DEC-0303,,,L1,l1/docs/reference/design-decisions.md,,Not covered,Yes,Included in the prioritized missing-ADR backlog.
DEA-CANON-0295,"is(expr, Variant) is a dea intrinsic that tests an enum tag while ignoring payload.",Language semantics,,L1,Retained,Yes,DEA-DEC-0304,,,L1,l1/docs/reference/design-decisions.md,l1/docs/decisions/0002-dea-virtual-prelude-module.md,Covered as part of a broader ADR,Yes,One atomic historical event.
DEA-CANON-0296,is uses ordinary call syntax; its second argument is a bare or qualified variant of the first argument's enum and lowering is a direct tag comparison.,Semantic analysis,,L1 Stage 1,Retained,Yes,DEA-DEC-0305,,,L1 | L1 Stage 1,l1/docs/reference/design-decisions.md,l1/docs/decisions/0002-dea-virtual-prelude-module.md,Covered as part of a broader ADR,Yes,One atomic historical event.
DEA-CANON-0297,A cast whose operand is an existing place remains place-like for ARC unless the cast introduces a real ownership boundary.,Ownership and memory safety,,Shared L0/L1,Retained,Yes,DEA-DEC-0306,,,Shared L0/L1,l0/docs/reference/ownership.md | l1/docs/reference/ownership.md,docs/decisions/0002-arc-ownership-model.md | l0/docs/decisions/0008-arc-ownership-model.md,Covered as part of a broader ADR,Yes,One atomic historical event.
DEA-CANON-0298,Generated process-entry wrappers release ARC-managed module-level lets before returning the saved exit code.,Ownership and memory safety,,Shared L0/L1,Retained,Yes,DEA-DEC-0307,,,Shared L0/L1,l0/docs/reference/ownership.md | l1/docs/reference/ownership.md,docs/decisions/0002-arc-ownership-model.md,Covered as part of a broader ADR,Yes,One atomic historical event.
DEA-CANON-0299,std.string::eq_s and cmp_s remain public callable wrappers even after native string operators become preferred.,Standard library,,Shared L0/L1,Retained,Yes,DEA-DEC-0308,,,Shared L0/L1,l0/docs/reference/standard-library.md | l1/docs/reference/standard-library.md,l0/docs/decisions/0016-string-value-operators.md,Covered as part of a broader ADR,Yes,One atomic historical event.
DEA-CANON-0300,Borrowed ARC parameters remain valid and reassignable rather than requiring owned-parameter syntax or a diagnostic.,Ownership and memory safety,,Shared L0/L1,Retained,Yes,DEA-DEC-0309,,,Shared L0/L1,l0/docs/reference/ownership.md | l1/docs/reference/ownership.md,l0/docs/decisions/0008-arc-ownership-model.md,Covered as part of a broader ADR,Yes,One atomic historical event.
DEA-CANON-0301,"If an ARC parameter is syntactically reassigned, the compiler retains it once at entry and cleans it as owned scope state.",Ownership and memory safety,,Shared L0/L1,Retained,Yes,DEA-DEC-0310,DEA-REL-0021,,Shared L0/L1,l0/docs/reference/ownership.md | l1/docs/reference/ownership.md,l0/docs/decisions/0008-arc-ownership-model.md,Covered as part of a broader ADR,Yes,One atomic historical event.
DEA-CANON-0302,Named call arguments use label: expr syntax for top-level functions and constructors.,Language syntax,,L1,Retained,Yes,DEA-DEC-0311,,,L1,l1/docs/reference/grammar.md,,Not covered,Yes,Included in the prioritized missing-ADR backlog.
DEA-CANON-0303,A call is either entirely positional or entirely named; mixed calls are rejected.,Language syntax,,L1,Retained,Yes,DEA-DEC-0312,,,L1,l1/docs/reference/grammar.md,,Not covered,Yes,Included in the prioritized missing-ADR backlog.
DEA-CANON-0304,Named arguments may appear in any source order and are mapped to declaration order by label.,Language semantics,,L1,Retained,Yes,DEA-DEC-0313,,,L1,l1/docs/reference/design-decisions.md,,Not covered,Yes,Included in the prioritized missing-ADR backlog.
DEA-CANON-0305,Named argument expressions evaluate left-to-right in written source order even when callee order differs.,Language semantics,,L1,Retained,Yes,DEA-DEC-0314,,,L1,l1/docs/reference/design-decisions.md,,Not covered,Yes,Included in the prioritized missing-ADR backlog.
DEA-CANON-0306,"Every named parameter or constructor field must be supplied exactly once; unknown, duplicate, and omitted labels are errors.",Type system,,L1,Retained,Yes,DEA-DEC-0315,,,L1,l1/docs/reference/design-decisions.md,,Not covered,Yes,Included in the prioritized missing-ADR backlog.
DEA-CANON-0307,The + operator accepts exactly string + string and returns string.,Type system,,L1,Retained,Yes,DEA-DEC-0316,,,L1,l1/docs/reference/design-decisions.md,l0/docs/decisions/0016-string-value-operators.md,Covered as part of a broader ADR,Yes,One atomic historical event.
DEA-CANON-0308,"String concatenation performs no implicit coercion from bytes, numbers, nullable strings, or pointers.",Type system,,L1,Retained,Yes,DEA-DEC-0317,,,L1,l1/docs/reference/design-decisions.md,l0/docs/decisions/0016-string-value-operators.md,Covered as part of a broader ADR,Yes,One atomic historical event.
DEA-CANON-0309,String concatenation returns a fresh owned string without mutating or consuming either operand.,Ownership and memory safety,,L1,Retained,Yes,DEA-DEC-0318,,,L1,l1/docs/reference/design-decisions.md,l0/docs/decisions/0016-string-value-operators.md,Directly covered,Yes,One atomic historical event.
DEA-CANON-0310,String concatenation lowers through a dedicated runtime helper rather than open-coded buffer arithmetic.,Runtime,,L1,Retained,Yes,DEA-DEC-0319,,,L1,l1/docs/reference/design-decisions.md,l0/docs/decisions/0016-string-value-operators.md,Covered as part of a broader ADR,Yes,One atomic historical event.
DEA-CANON-0311,L1-defined variadic functions are distinct from and do not introduce C ABI varargs.,ABI and linking,,L1,Retained,Yes,DEA-DEC-0320,,,L1,l1/docs/reference/design-decisions.md,l1/docs/decisions/0017-l1-variadic-functions.md,Directly covered,Yes,One atomic historical event.
DEA-CANON-0312,A variadic signature has exactly one trailing variadic parameter.,Type system,,L1,Retained,Yes,DEA-DEC-0321,,,L1,l1/docs/reference/design-decisions.md,l1/docs/decisions/0017-l1-variadic-functions.md,Directly covered,Yes,One atomic historical event.
DEA-CANON-0313,"Variadic parameters use trailing name: T... syntax, mirrored in function-pointer types.",Language syntax,,L1,Retained,Yes,DEA-DEC-0322,,,L1,l1/docs/reference/grammar.md,l1/docs/decisions/0017-l1-variadic-functions.md,Directly covered,Yes,One atomic historical event.
DEA-CANON-0314,Variadic calls are positional-only; named arguments cannot call a variadic function.,Language syntax,,L1,Retained,Yes,DEA-DEC-0323,,,L1,l1/docs/reference/design-decisions.md,l1/docs/decisions/0017-l1-variadic-functions.md,Directly covered,Yes,One atomic historical event.
DEA-CANON-0315,"Inside the callee, a variadic parameter has effective mutable slice type T[].",Type system,,L1,Retained,Yes,DEA-DEC-0324,,,L1,l1/docs/reference/design-decisions.md,l1/docs/decisions/0017-l1-variadic-functions.md,Directly covered,Yes,One atomic historical event.
DEA-CANON-0316,Explicit variadic forwarding uses one final pack... argument and cannot mix forwarding with individual tail values.,Language syntax,,L1,Retained,Yes,DEA-DEC-0325,,,L1,l1/docs/reference/design-decisions.md,l1/docs/decisions/0017-l1-variadic-functions.md,Directly covered,Yes,One atomic historical event.
DEA-CANON-0317,Ordinary variadic calls materialize caller-owned fixed-array storage for the pack.,Ownership and memory safety,,L1,Retained,Yes,DEA-DEC-0326,,,L1,l1/docs/reference/design-decisions.md,l1/docs/decisions/0017-l1-variadic-functions.md,Directly covered,Yes,One atomic historical event.
DEA-CANON-0318,Variadic function pointers match exactly on fixed prefix and variadic element type.,Type system,,L1,Retained,Yes,DEA-DEC-0327,,,L1,l1/docs/reference/design-decisions.md,l1/docs/decisions/0017-l1-variadic-functions.md,Directly covered,Yes,One atomic historical event.
DEA-CANON-0319,LBI type encoding uses a V component so variadic function identity differs from a fixed slice signature.,ABI and linking,,L1,Retained,Yes,DEA-DEC-0328,,,L1,l1/docs/specs/compiler/abi.md,l1/docs/decisions/0008-lbi-symbol-mangling.md | l1/docs/decisions/0017-l1-variadic-functions.md,Directly covered,Yes,One atomic historical event.
DEA-CANON-0320,Copying ARC-managed data from a place-like nullable unwrap into a match or case scrutinee retains the copied value before source cleanup.,Ownership and memory safety,,Shared L0/L1,Retained,Yes,DEA-DEC-0329,,,Shared L0/L1,l0/docs/reference/ownership.md | l1/docs/reference/ownership.md,docs/decisions/0002-arc-ownership-model.md | l0/docs/decisions/0008-arc-ownership-model.md,Covered as part of a broader ADR,Yes,One atomic historical event.
DEA-CANON-0321,while and for bodies accept any Stmt rather than requiring a block.,Language syntax,,L1,Retained,Yes,DEA-DEC-0330,,,L1,l1/docs/reference/grammar.md,,ADR not warranted,No,One atomic historical event.
DEA-CANON-0322,match arms accept any Stmt rather than requiring a block.,Language syntax,,L1,Retained,Yes,DEA-DEC-0331,,,L1,l1/docs/reference/grammar.md,,ADR not warranted,No,One atomic historical event.
DEA-CANON-0323,Every loop body and match arm has a fresh synthetic scope even when written as one statement.,Language semantics,,L1,Retained,Yes,DEA-DEC-0332,,,L1,l1/docs/reference/design-decisions.md,,ADR not warranted,No,One atomic historical event.
DEA-CANON-0324,L1 visibility is controlled at module level rather than by per-declaration pub or priv modifiers.,Language semantics,,L1,Retained,Yes,DEA-DEC-0333,,,L1,l1/docs/reference/design-decisions.md,l1/docs/decisions/0009-module-visibility-exports-imports.md,Directly covered,Yes,One atomic historical event.
DEA-CANON-0325,"export * exports every top-level symbol, including names beginning with underscore.",Language semantics,,L1,Retained,Yes,DEA-DEC-0334,,,L1,l1/docs/reference/design-decisions.md,l1/docs/decisions/0009-module-visibility-exports-imports.md,Directly covered,Yes,One atomic historical event.
DEA-CANON-0326,"Without an export statement, every top-level symbol except underscore-prefixed names is exported.",Language semantics,,L1,Retained,Yes,DEA-DEC-0335,,,L1,l1/docs/reference/design-decisions.md,l1/docs/decisions/0009-module-visibility-exports-imports.md,Directly covered,Yes,One atomic historical event.
DEA-CANON-0327,An explicit export name list is an allowlist of top-level names and cannot rename exports.,Language semantics,,L1,Retained,Yes,DEA-DEC-0336,,,L1,l1/docs/reference/design-decisions.md,l1/docs/decisions/0009-module-visibility-exports-imports.md,Directly covered,Yes,One atomic historical event.
DEA-CANON-0328,import module as alias creates a namespace accessed only as alias::name.,Frontend architecture,,L1,Retained,Yes,DEA-DEC-0337,,,L1,l1/docs/reference/grammar.md,l1/docs/decisions/0009-module-visibility-exports-imports.md,Directly covered,Yes,One atomic historical event.
DEA-CANON-0329,import names from module introduces only the named exported symbols as unqualified bindings.,Frontend architecture,,L1,Retained,Yes,DEA-DEC-0338,,,L1,l1/docs/reference/grammar.md,l1/docs/decisions/0009-module-visibility-exports-imports.md,Directly covered,Yes,One atomic historical event.
DEA-CANON-0330,Import forms are not mixed within one statement.,Language syntax,,L1,Retained,Yes,DEA-DEC-0339,,,L1,l1/docs/reference/grammar.md,l1/docs/decisions/0009-module-visibility-exports-imports.md,Directly covered,Yes,One atomic historical event.
DEA-CANON-0331,A module has at most one export manifest and it appears at the beginning of the module.,Language syntax,,L1,Retained,Yes,DEA-DEC-0340,,,L1,l1/docs/reference/grammar.md,l1/docs/decisions/0009-module-visibility-exports-imports.md,Directly covered,Yes,One atomic historical event.
DEA-CANON-0332,The initial LBI used tagged length-prefixed module sections and a broad `S` terminal for every source entity.,ABI and linking,,L1,Superseded,No,DEA-DEC-0341,,DEA-REL-0030,L1,l1/docs/specs/compiler/abi.md,l1/docs/decisions/0008-lbi-symbol-mangling.md,Directly covered,Yes,The initial broad-S symbol grammar was replaced by the unified recursive LBI grammar.
DEA-CANON-0333,"LBI module identity is derived from the dotted source module path, not the filesystem path.",ABI and linking,,L1,Retained,Yes,DEA-DEC-0342,,,L1,l1/docs/specs/compiler/abi.md,l1/docs/decisions/0008-lbi-symbol-mangling.md,Directly covered,Yes,One atomic historical event.
DEA-CANON-0334,LBI identifiers use only ISO C99 identifier characters and reserve uppercase ASCII letters as category sigils.,Portability,,L1,Retained,Yes,DEA-DEC-0343,,,L1,l1/docs/specs/compiler/abi.md,l1/docs/decisions/0008-lbi-symbol-mangling.md,Directly covered,Yes,One atomic historical event.
DEA-CANON-0335,"Exported top-level declarations, including lets and consts, have external C linkage.",ABI and linking,,L1,Retained,Yes,DEA-DEC-0344,DEA-REL-0029,,L1,l1/docs/specs/compiler/abi.md,l1/docs/decisions/0008-lbi-symbol-mangling.md | l1/docs/decisions/0009-module-visibility-exports-imports.md,Directly covered,Yes,One atomic historical event.
DEA-CANON-0336,Non-exported top-level declarations use static C linkage where runtime semantics permit.,ABI and linking,,L1,Retained,Yes,DEA-DEC-0345,,,L1,l1/docs/specs/compiler/abi.md,l1/docs/decisions/0008-lbi-symbol-mangling.md | l1/docs/decisions/0009-module-visibility-exports-imports.md,Directly covered,Yes,One atomic historical event.
DEA-CANON-0337,"Compiler-generated lifecycle names use the LBI I terminal, with I4init for deferred module initialization.",ABI and linking,,L1,Retained,Yes,DEA-DEC-0346,,DEA-REL-0031,L1,l1/docs/specs/compiler/abi.md,l1/docs/decisions/0008-lbi-symbol-mangling.md | l1/docs/decisions/0020-per-module-backend-and-lifecycle-abi.md,Directly covered,Yes,One atomic historical event.
DEA-CANON-0338,extern C declarations bypass LBI mangling.,ABI and linking,,L1,Retained,Yes,DEA-DEC-0347,,,L1,l1/docs/specs/compiler/abi.md,l1/docs/decisions/0008-lbi-symbol-mangling.md,Directly covered,Yes,One atomic historical event.
DEA-CANON-0339,The public runtime header is a declaration surface; runtime implementation bodies live in compiled translation units.,Runtime,,L1,Retained,Yes,DEA-DEC-0348,,,L1,l1/docs/reference/c-backend-design.md,,Not covered,Yes,Included in the prioritized missing-ADR backlog.
DEA-CANON-0340,L1 ships separate normal and traced runtime archives named libdea_rt.a and libdea_rt_traced.a.,Runtime,,L1,Retained,Yes,DEA-DEC-0349,,,L1,l1/docs/reference/c-backend-design.md,,Not covered,Yes,Included in the prioritized missing-ADR backlog.
DEA-CANON-0341,The build driver selects the traced or normal runtime archive from user trace flags.,ABI and linking,,L1,Retained,Yes,DEA-DEC-0350,,,L1,l1/docs/reference/c-backend-design.md,,Not covered,Yes,Included in the prioritized missing-ADR backlog.
DEA-CANON-0342,"dea_rt.h replaces l1_runtime.h immediately as the public include, with no compatibility bridge.",ABI and linking,,L1,Retained,Yes,DEA-DEC-0351,,,L1,l1/docs/reference/c-backend-design.md,l1/docs/decisions/0003-c-abi-naming-policy.md,Covered as part of a broader ADR,Yes,Included in the prioritized missing-ADR backlog.
DEA-CANON-0343,dea_siphash.h remains internal to runtime C units and is not installed with public headers.,Runtime,,L1,Retained,Yes,DEA-DEC-0352,,,L1,l1/docs/reference/c-backend-design.md,,Not covered,Yes,Included in the prioritized missing-ADR backlog.
DEA-CANON-0344,Official runtime archives use the platform compiler's object format.,Portability,,L1,Retained,Yes,DEA-DEC-0353,,,L1,l1/docs/reference/c-backend-design.md,,Not covered,Yes,Included in the prioritized missing-ADR backlog.
DEA-CANON-0345,"When TinyCC's object format is incompatible with the host archive, the driver links a parallel raw runtime object set.",Portability,,L1,Retained,Yes,DEA-DEC-0354,,,L1,l1/docs/reference/c-backend-design.md,,Not covered,Yes,Included in the prioritized missing-ADR backlog.
DEA-CANON-0346,The traced archive preserves stable rt_/_rt_ wrapper ABI for non-emitter callers.,ABI and linking,,L1,Retained,Yes,DEA-DEC-0355,,,L1,l1/docs/specs/compiler/abi.md,,Not covered,Yes,Included in the prioritized missing-ADR backlog.
DEA-CANON-0347,Generated traced C calls _rt_*_impl with source file and line directly to preserve caller trace locations.,Diagnostics and recovery,,L1 Stage 1,Retained,Yes,DEA-DEC-0356,,,L1 | L1 Stage 1,l1/docs/reference/c-backend-design.md,,Not covered,Yes,Included in the prioritized missing-ADR backlog.
DEA-CANON-0348,The runtime split is L1-only; L0 retains its header-only runtime at the 1.0 scope boundary.,ABI and linking,,Shared L0/L1,Retained,Yes,DEA-DEC-0357,,,L1 | Shared L0/L1,l0/docs/reference/design-decisions.md | l1/docs/reference/design-decisions.md,,Not covered,Yes,Included in the prioritized missing-ADR backlog.
DEA-CANON-0349,"ARC-bearing lvalue replacement stabilizes the right-hand side before releasing the old slot and applies uniformly to locals, dereferences, fields, and indexed slots.",Ownership and memory safety,,Shared L0/L1,Retained,Yes,DEA-DEC-0358,,,Shared L0/L1,l0/docs/reference/ownership.md | l1/docs/reference/ownership.md,docs/decisions/0002-arc-ownership-model.md | l0/docs/decisions/0008-arc-ownership-model.md,Directly covered,Yes,The general ownership rule subsumes later pointer-index restatements.
DEA-CANON-0350,Self-referential ARC assignments are valid ordinary code and do not require builder or clone helpers.,Ownership and memory safety,,Shared L0/L1,Retained,Yes,DEA-DEC-0359,,,Shared L0/L1,l0/docs/reference/ownership.md | l1/docs/reference/ownership.md,docs/decisions/0002-arc-ownership-model.md | l0/docs/decisions/0008-arc-ownership-model.md,Covered as part of a broader ADR,Yes,One atomic historical event.
DEA-CANON-0351,concat3_s and concat4_s are removed from the public L0 and L1 standard-library surface.,Standard library,,Shared L0/L1,Retained,Yes,DEA-DEC-0360,,,Shared L0/L1,l0/docs/reference/standard-library.md | l1/docs/reference/standard-library.md,l0/docs/decisions/0016-string-value-operators.md,Covered as part of a broader ADR,Yes,One atomic historical event.
DEA-CANON-0352,concat_s remains the public binary string helper and the lowering target for string +.,Standard library,,Shared L0/L1,Retained,Yes,DEA-DEC-0361,,,Shared L0/L1,l0/docs/reference/standard-library.md | l1/docs/reference/standard-library.md,l0/docs/decisions/0016-string-value-operators.md,Covered as part of a broader ADR,Yes,One atomic historical event.
DEA-CANON-0353,L0 release workflows assemble a draft completely before publication and never mutate a published release.,CLI and distribution,Repository and process architecture,L0,Retained,Yes,DEA-DEC-0362,,,L0 | Shared,.github/workflows/l0-docs-publish.yml | .github/workflows/l0-release.yml | .github/workflows/l0-snapshot.yml,,Not covered,Yes,Immutable draft-first publication is foundational release behavior and is not captured by an ADR. Included in the prioritized missing-ADR backlog.
DEA-CANON-0354,SHA256SUMS covers every staged L0 release asset and records bare filenames without a ./ prefix.,CLI and distribution,Portability,L0,Retained,Yes,DEA-DEC-0363,,,L0 | Shared,.github/workflows/l0-release.yml | .github/workflows/l0-snapshot.yml,,Not covered,Yes,Included in the prioritized missing-ADR backlog.
DEA-CANON-0355,Manual L0 snapshot dispatch supports a draft-only mode through publish_release=false.,CLI and distribution,Repository and process architecture,L0,Retained,Yes,DEA-DEC-0364,,,L0 | Shared,.github/workflows/l0-snapshot.yml,,Not covered,Yes,Included in the prioritized missing-ADR backlog.
DEA-CANON-0356,The L0 documentation-publication workflow remains manual-only and may attach release assets only to an existing draft.,Repository and process architecture,CLI and distribution,L0,Retained,Yes,DEA-DEC-0365,,,L0 | Shared,.github/workflows/l0-docs-publish.yml,,ADR not warranted,No,One atomic historical event.
DEA-CANON-0357,Shared development and documentation dependency groups are owned once by the root pyproject rather than duplicated in level projects.,Repository and process architecture,,Repository/tooling,Retained,Yes,DEA-DEC-0367,,,Repository/tooling | Shared,CLAUDE.md | MONOREPO.md | pyproject.toml,docs/decisions/0004-monorepo-directory-structure.md,Covered as part of a broader ADR,Yes,One atomic historical event.
DEA-CANON-0358,uv remains optional: make venv prefers uv but falls back to an existing environment or python -m venv plus pip.,Portability,Repository and process architecture,Repository/tooling,Retained,Yes,DEA-DEC-0368,,,Repository/tooling | Shared,CLAUDE.md | MONOREPO.md | Makefile,docs/decisions/0004-monorepo-directory-structure.md,Partially covered,Yes,One atomic historical event.
DEA-CANON-0359,The public Markdown API-reference release asset is named dea_l0_api_reference-<TAG>.tar.gz.,CLI and distribution,,L0,Retained,Yes,DEA-DEC-0369,,,L0 | Shared,.github/workflows/l0-docs-publish.yml | .github/workflows/l0-release.yml | .github/workflows/l0-snapshot.yml | l0/docs/README.md,,Not covered,Yes,Included in the prioritized missing-ADR backlog.
DEA-CANON-0360,Raw pointer indexing is not part of the L0 language surface; all ptr[i] forms are rejected.,Type system,Language semantics,L0,Retained,Yes,DEA-DEC-0370,,,L0 | Shared,docs/specs/compiler/diagnostic-code-catalog.md | l0/docs/decisions/0002-pointer-model-no-address-of.md | l0/docs/reference/design-decisions.md,l0/docs/decisions/0002-pointer-model-no-address-of.md,Directly covered,Yes,One atomic historical event.
DEA-CANON-0361,"L0 retains postfix index syntax and EX_INDEX AST nodes, but semantic analysis rejects them because no current L0 type is indexable.",Frontend architecture,Semantic analysis,L0,Retained,Yes,DEA-DEC-0371,,,L0 | Shared,l0/docs/reference/design-decisions.md | l0/docs/reference/grammar.md,l0/docs/decisions/0002-pointer-model-no-address-of.md,Covered as part of a broader ADR,Yes,One atomic historical event.
DEA-CANON-0362,"L0 uses the generic TYP-0212 invalid-base diagnostic for non-null indexing bases, including raw pointers, rather than creating a pointer-specific code.",Diagnostics and recovery,Semantic analysis,L0,Retained,Yes,DEA-DEC-0372,,,L0 | Shared,docs/specs/compiler/diagnostic-code-catalog.md | l0/docs/reference/design-decisions.md,docs/decisions/0005-diagnostic-code-catalog.md,Covered as part of a broader ADR,Yes,One atomic historical event.
DEA-CANON-0363,unsafe is reserved and prefixes L1 function declarations as unsafe func and unsafe extern func.,Language syntax,Language semantics,L1,Retained,Yes,DEA-DEC-0373,,,L1,l1/docs/reference/design-decisions.md | l1/docs/reference/grammar.md,l1/docs/decisions/0010-unsafe-marker-and-raw-pointer-indexing.md,Directly covered,Yes,One atomic historical event.
DEA-CANON-0364,Unsafe function pointer types are spelled unsafe func(...) -> T.,Language syntax,Type system,L1,Retained,Yes,DEA-DEC-0374,,,L1,l1/docs/reference/design-decisions.md | l1/docs/reference/grammar.md,l1/docs/decisions/0007-function-pointer-types.md | l1/docs/decisions/0010-unsafe-marker-and-raw-pointer-indexing.md,Directly covered,Yes,One atomic historical event.
DEA-CANON-0365,Safe and unsafe function pointer types are distinct and have no implicit conversion in either direction.,Type system,Language semantics,L1,Retained,Yes,DEA-DEC-0375,,,L1,l1/docs/reference/design-decisions.md | l1/docs/specs/compiler/abi.md,l1/docs/decisions/0007-function-pointer-types.md | l1/docs/decisions/0010-unsafe-marker-and-raw-pointer-indexing.md,Directly covered,Yes,One atomic historical event.
DEA-CANON-0366,"The unsafe function marker is a contract/type annotation, not a call-site gate; safe code may call unsafe function values.",Language semantics,Type system,L1,Retained,Yes,DEA-DEC-0376,,,L1,l1/docs/decisions/0010-unsafe-marker-and-raw-pointer-indexing.md | l1/docs/reference/design-decisions.md,l1/docs/decisions/0007-function-pointer-types.md | l1/docs/decisions/0010-unsafe-marker-and-raw-pointer-indexing.md,Directly covered,Yes,One atomic historical event.
DEA-CANON-0367,Ordinary pointer dereference and pointer field access remain valid in safe L1 code.,Ownership and memory safety,Language semantics,L1,Retained,Yes,DEA-DEC-0377,,,L1,l1/docs/reference/design-decisions.md | l1/docs/reference/grammar.md,l1/docs/decisions/0010-unsafe-marker-and-raw-pointer-indexing.md,Directly covered,Yes,One atomic historical event.
DEA-CANON-0368,Safe and unsafe function types share the same generated C function-pointer representation while remaining distinct in L1 analysis.,ABI and linking,Backend and C emission | Type system,L1,Retained,Yes,DEA-DEC-0378,,,L1,l1/docs/reference/c-backend-design.md | l1/docs/specs/compiler/abi.md,l1/docs/decisions/0007-function-pointer-types.md | l1/docs/decisions/0008-lbi-symbol-mangling.md,Directly covered,Yes,One atomic historical event.
DEA-CANON-0369,"sys.memory externs with unchecked caller-side raw-memory preconditions are marked unsafe, while allocation functions that establish storage remain plain externs.",Standard library,Ownership and memory safety | Runtime,L1,Retained,Yes,DEA-DEC-0379,,,L1,l1/docs/reference/design-decisions.md | l1/docs/reference/standard-library.md,l1/docs/decisions/0010-unsafe-marker-and-raw-pointer-indexing.md,Covered as part of a broader ADR,Yes,One atomic historical event.
DEA-CANON-0370,Raw pointer indexing was temporarily left accepted without an unsafe-function gate until the dedicated finalization plan.,Ownership and memory safety,Language semantics,L1,Superseded,No,DEA-DEC-0380,,DEA-REL-0032,L1,l1/docs/decisions/0010-unsafe-marker-and-raw-pointer-indexing.md | l1/docs/reference/design-decisions.md,l1/docs/decisions/0010-unsafe-marker-and-raw-pointer-indexing.md,Covered as part of a broader ADR,Yes,One atomic historical event.
DEA-CANON-0371,The shared low-level raw-memory standard-library module is named sys.memory rather than sys.unsafe.,Standard library,Language syntax,Shared L0/L1,Retained,Yes,DEA-DEC-0381,DEA-REL-0054,,Shared | Shared L0/L1,l0/docs/reference/standard-library.md | l1/docs/reference/standard-library.md,l0/docs/decisions/0015-stdlib-module-boundaries.md,Covered as part of a broader ADR,Yes,Included in the prioritized missing-ADR backlog.
DEA-CANON-0372,Renaming the source module does not rename its rt_* function surface or runtime C symbols.,ABI and linking,Runtime | Standard library,Shared L0/L1,Retained,Yes,DEA-DEC-0382,,,Shared | Shared L0/L1,l0/docs/reference/standard-library.md | l1/docs/reference/standard-library.md,l0/docs/decisions/0005-extern-func-ffi-boundary.md | l1/docs/decisions/0003-c-abi-naming-policy.md,Partially covered,Yes,One atomic historical event.
DEA-CANON-0373,The sys.unsafe to sys.memory change is a hard source rename with no compatibility shim module.,Standard library,Repository and process architecture,Shared L0/L1,Retained,Yes,DEA-DEC-0383,,,Shared | Shared L0/L1,l0/docs/reference/standard-library.md | l1/docs/reference/standard-library.md,l0/docs/decisions/0015-stdlib-module-boundaries.md,Partially covered,Yes,Current ADRs record the new name but not the deliberate no-shim compatibility policy. Included in the prioritized missing-ADR backlog.
DEA-CANON-0374,Postfix ptr[i] is the L1 source form for raw pointer indexing.,Language syntax,Language semantics | Ownership and memory safety,L1,Retained,Yes,DEA-DEC-0384,,,L1,l1/docs/reference/design-decisions.md | l1/docs/reference/grammar.md,l1/docs/decisions/0010-unsafe-marker-and-raw-pointer-indexing.md,Directly covered,Yes,One atomic historical event.
DEA-CANON-0375,Raw pointer indexing is accepted only inside an unsafe func body.,Ownership and memory safety,Language semantics,L1,Retained,Yes,DEA-DEC-0385,DEA-REL-0032,,L1,l1/docs/reference/design-decisions.md | l1/docs/reference/grammar.md,l1/docs/decisions/0010-unsafe-marker-and-raw-pointer-indexing.md,Directly covered,Yes,One atomic historical event.
DEA-CANON-0376,A raw-index base must be a non-null T* whose pointee is sized and not void.,Type system,Ownership and memory safety,L1,Retained,Yes,DEA-DEC-0386,,,L1,docs/specs/compiler/diagnostic-code-catalog.md | l1/docs/reference/design-decisions.md | l1/docs/reference/grammar.md,l1/docs/decisions/0010-unsafe-marker-and-raw-pointer-indexing.md,Directly covered,Yes,One atomic historical event.
DEA-CANON-0377,Raw pointer indexes must have type int.,Type system,Language semantics,L1,Retained,Yes,DEA-DEC-0387,,,L1,l1/docs/reference/design-decisions.md | l1/docs/reference/grammar.md,l1/docs/decisions/0010-unsafe-marker-and-raw-pointer-indexing.md,Covered as part of a broader ADR,Yes,One atomic historical event.
DEA-CANON-0378,"Generated Dea pointer dereferences, pointer field accesses, pointer indexing, and generated drop cleanup are runtime-validated by default before storage is touched.",Ownership and memory safety,Backend and C emission | Ownership and memory safety | Runtime,Shared L0/L1,Retained,Yes,DEA-DEC-0388 | DEA-DEC-0533,DEA-REL-0033,DEA-REL-0033,L1 | Shared | Shared L0/L1,docs/decisions/0010-checked-runtime-pointer-access-validation.md | l0/docs/reference/ownership.md | l1/docs/reference/ownership.md,docs/decisions/0010-checked-runtime-pointer-access-validation.md,Directly covered,Yes,Groups 2 historical events.
DEA-CANON-0379,Raw pointer index reads and writes evaluate side-effectful base and index operands exactly once.,Language semantics,Backend and C emission,L1,Retained,Yes,DEA-DEC-0389,,,L1,l1/docs/reference/c-backend-design.md,l1/docs/decisions/0010-unsafe-marker-and-raw-pointer-indexing.md,Partially covered,Yes,One atomic historical event.
DEA-CANON-0380,"A runtime extern pointer parameter is nullable in Dea when the runtime already defines null as a non-panicking, non-UB sentinel outcome.",Runtime,ABI and linking | Type system,Shared L0/L1,Retained,Yes,DEA-DEC-0390,,,Shared | Shared L0/L1,l0/docs/reference/standard-library.md | l1/docs/reference/standard-library.md,l0/docs/decisions/0005-extern-func-ffi-boundary.md | l0/docs/decisions/0007-nullability-and-casts.md,ADR not warranted,No,One atomic historical event.
DEA-CANON-0381,Shared specialized container types and entry types use Type1Type2Container ordering.,Standard library,,Shared L0/L1,Retained,Yes,DEA-DEC-0391,,,Shared | Shared L0/L1,docs/reference/style-guide.md | l0/docs/reference/standard-library.md | l1/docs/reference/standard-library.md,,Not covered,Yes,Included in the prioritized missing-ADR backlog.
DEA-CANON-0382,The specialized container renames are hard renames with no compatibility aliases or mixed-name transition period.,Standard library,Repository and process architecture,Shared L0/L1,Retained,Yes,DEA-DEC-0392,,,Shared | Shared L0/L1,l0/docs/reference/standard-library.md | l1/docs/reference/standard-library.md,,Not covered,Yes,The public specialized-container naming migration and compatibility policy have no ADR. Included in the prioritized missing-ADR backlog.
DEA-CANON-0383,"Fixed-size arrays are first-class value types spelled T[N], with the element type and length both part of type identity.",Type system,Language semantics | Language syntax,L1,Retained,Yes,DEA-DEC-0393,,,L1,l1/docs/reference/design-decisions.md | l1/docs/reference/grammar.md,l1/docs/decisions/0011-fixed-size-array-policy.md,Directly covered,Yes,One atomic historical event.
DEA-CANON-0384,"L1 pointer, nullable, and fixed-array suffixes are semantic unary type constructors applied left-to-right in source order.",Type system,Language syntax,L1,Retained,Yes,DEA-DEC-0394 | DEA-DEC-0408,DEA-REL-0013,DEA-REL-0013,L1,l1/docs/reference/design-decisions.md | l1/docs/reference/grammar.md,l1/docs/decisions/0011-fixed-size-array-policy.md | l1/docs/decisions/0012-ordered-type-suffix-constructors.md,Directly covered,Yes,The general constructor rule subsumes the earlier array/pointer-only ordering decision.
DEA-CANON-0385,A fixed-array length must resolve to a positive compile-time int value that fits the L1 int range.,Type system,Language semantics,L1,Retained,Yes,DEA-DEC-0395,,,L1,l1/docs/decisions/0011-fixed-size-array-policy.md | l1/docs/reference/design-decisions.md,l1/docs/decisions/0011-fixed-size-array-policy.md | l1/docs/decisions/0016-compile-time-constant-value-contexts.md,Directly covered,Yes,One atomic historical event.
DEA-CANON-0386,"L1 fixed-array bounds accept integer literals and visible local or qualified const references, then require a positive compile-time int value.",Language syntax,Semantic analysis | Type system,L1,Retained,Yes,DEA-DEC-0396 | DEA-DEC-0498,DEA-REL-0014,DEA-REL-0014,L1 | L1 Stage 1,l1/docs/decisions/0011-fixed-size-array-policy.md | l1/docs/decisions/0016-compile-time-constant-value-contexts.md | l1/docs/reference/grammar.md,l1/docs/decisions/0011-fixed-size-array-policy.md | l1/docs/decisions/0016-compile-time-constant-value-contexts.md,Directly covered,Yes,This is the current broadened successor to literal-only bound syntax.
DEA-CANON-0387,Adjacent array dimensions follow C-like source order and contiguous row-major layout.,Language semantics,ABI and linking | Backend and C emission,L1,Retained,Yes,DEA-DEC-0397,,,L1,l1/docs/reference/c-backend-design.md | l1/docs/reference/design-decisions.md | l1/docs/specs/compiler/abi.md,l1/docs/decisions/0011-fixed-size-array-policy.md | l1/docs/decisions/0012-ordered-type-suffix-constructors.md,Directly covered,Yes,One atomic historical event.
DEA-CANON-0388,Array literals use bracket syntax and require a known contextual fixed-array target; bare literals have no standalone type.,Language syntax,Language semantics | Type system,L1,Retained,Yes,DEA-DEC-0398,,,L1,l1/docs/reference/design-decisions.md | l1/docs/reference/grammar.md,l1/docs/decisions/0011-fixed-size-array-policy.md,Directly covered,Yes,One atomic historical event.
DEA-CANON-0389,"Short contextual array literals default-initialize omitted trailing elements, [] means all-default, and overlong literals are rejected.",Language semantics,Ownership and memory safety,L1,Retained,Yes,DEA-DEC-0399,,,L1,l1/docs/reference/design-decisions.md | l1/docs/reference/grammar.md,l1/docs/decisions/0011-fixed-size-array-policy.md,Directly covered,Yes,One atomic historical event.
DEA-CANON-0390,Safe L1 array declarations must use initialized let syntax; bare uninitialized array declarations are illegal.,Ownership and memory safety,Language syntax,L1,Retained,Yes,DEA-DEC-0400,,,L1,l1/docs/reference/design-decisions.md | l1/docs/reference/grammar.md,l1/docs/decisions/0011-fixed-size-array-policy.md,Covered as part of a broader ADR,Yes,One atomic historical event.
DEA-CANON-0391,"Array constructor syntax is T[N](arg), with exactly one literal or element-typed fill argument; an array-valued element may be broadcast across an outer dimension.",Language semantics,Language syntax | Type system,L1,Retained,Yes,DEA-DEC-0401,,,L1,l1/docs/reference/design-decisions.md | l1/docs/reference/grammar.md,l1/docs/decisions/0011-fixed-size-array-policy.md,Directly covered,Yes,One atomic historical event.
DEA-CANON-0392,new T[N] allocates zero/default-initialized array wrapper storage and returns T[N]*; initialized allocation mirrors value-constructor rules.,Ownership and memory safety,Language semantics | Runtime,L1,Retained,Yes,DEA-DEC-0402,,,L1,l1/docs/reference/c-backend-design.md | l1/docs/reference/ownership.md,l1/docs/decisions/0011-fixed-size-array-policy.md,Partially covered,Yes,One atomic historical event.
DEA-CANON-0393,Each fixed-array instantiation lowers to a deterministic generated C wrapper struct containing one data[N] field.,Backend and C emission,ABI and linking,L1,Retained,Yes,DEA-DEC-0403,,,L1,l1/docs/reference/c-backend-design.md | l1/docs/specs/compiler/abi.md,l1/docs/decisions/0008-lbi-symbol-mangling.md | l1/docs/decisions/0011-fixed-size-array-policy.md,Partially covered,Yes,One atomic historical event.
DEA-CANON-0394,"Fixed-array reads and writes check bounds before access and route failures through _rt_panic_oob(index, length).",Ownership and memory safety,Backend and C emission | Language semantics,L1,Retained,Yes,DEA-DEC-0404,,,L1,l1/docs/reference/c-backend-design.md | l1/docs/reference/design-decisions.md | l1/docs/reference/standard-library.md,l1/docs/decisions/0011-fixed-size-array-policy.md,Directly covered,Yes,One atomic historical event.
DEA-CANON-0395,Fixed-array index operations evaluate their base and index expressions exactly once.,Language semantics,Backend and C emission,L1,Retained,Yes,DEA-DEC-0405,,,L1,l1/docs/reference/c-backend-design.md | l1/docs/reference/design-decisions.md,l1/docs/decisions/0011-fixed-size-array-policy.md,Directly covered,Yes,One atomic historical event.
DEA-CANON-0396,"Arrays recursively participate in ARC copy, assignment, cleanup, element replacement, and heap drop using retain-before-release and reverse cleanup rules.",Ownership and memory safety,Backend and C emission,L1,Retained,Yes,DEA-DEC-0406,,,L1,l1/docs/reference/c-backend-design.md | l1/docs/reference/ownership.md,docs/decisions/0002-arc-ownership-model.md | l1/docs/decisions/0011-fixed-size-array-policy.md,Covered as part of a broader ADR,Yes,One atomic historical event.
DEA-CANON-0397,C FFI exposure of fixed arrays uses the same wrapper-struct representation rather than a slice or raw-buffer convention.,ABI and linking,Backend and C emission,L1,Retained,Yes,DEA-DEC-0407,,,L1,l1/docs/reference/c-backend-design.md | l1/docs/specs/compiler/abi.md,l1/docs/decisions/0008-lbi-symbol-mangling.md | l1/docs/decisions/0011-fixed-size-array-policy.md,Partially covered,Yes,One atomic historical event.
DEA-CANON-0398,Nested optional types are not collapsed; T?? preserves distinct outer and inner absence states.,Type system,Language semantics,L1,Retained,Yes,DEA-DEC-0409,,,L1,l1/docs/reference/c-backend-design.md | l1/docs/reference/design-decisions.md,l1/docs/decisions/0012-ordered-type-suffix-constructors.md,Directly covered,Yes,One atomic historical event.
DEA-CANON-0399,The null-pointer niche is used only for the immediate shape Optional(Pointer(T)); outer optional layers use explicit wrappers.,Backend and C emission,ABI and linking | Type system,L1,Retained,Yes,DEA-DEC-0410,,,L1,l1/docs/reference/c-backend-design.md | l1/docs/reference/design-decisions.md,l1/docs/decisions/0012-ordered-type-suffix-constructors.md,Covered as part of a broader ADR,Yes,One atomic historical event.
DEA-CANON-0400,T?* is a valid pointer to optional-T storage and remains distinct from T*?.,Type system,Language semantics | Language syntax,L1,Retained,Yes,DEA-DEC-0411,,,L1,l1/docs/reference/design-decisions.md | l1/docs/reference/grammar.md,l1/docs/decisions/0012-ordered-type-suffix-constructors.md,Directly covered,Yes,One atomic historical event.
DEA-CANON-0401,"void* remains valid, but void? and void?* are rejected because optional void is not a value object.",Type system,Language semantics,L1,Retained,Yes,DEA-DEC-0412,,,L1,l1/docs/reference/design-decisions.md | l1/docs/reference/grammar.md,l1/docs/decisions/0012-ordered-type-suffix-constructors.md,Covered as part of a broader ADR,Yes,One atomic historical event.
DEA-CANON-0402,"The canonical parsed and semantic type representation is a recursive constructor tree, not base-name metadata plus pointer depth and a nullable flag.",Frontend architecture,Semantic analysis | Type system,L1 Stage 1,Retained,Yes,DEA-DEC-0413,,,L1 | L1 Stage 1,l1/docs/reference/architecture.md | l1/docs/reference/design-decisions.md,l1/docs/decisions/0012-ordered-type-suffix-constructors.md,Covered as part of a broader ADR,Yes,One atomic historical event.
DEA-CANON-0403,The L1 binary interface uses one end-to-end recursive mangling grammar rather than separate link-name and type-component schemes.,ABI and linking,Backend and C emission,L1,Retained,Yes,DEA-DEC-0414,DEA-REL-0030,,L1,l1/docs/specs/compiler/abi.md,l1/docs/decisions/0008-lbi-symbol-mangling.md,Directly covered,Yes,One atomic historical event.
DEA-CANON-0404,"LBI terminals use N for values, S for structs, E for enums, and I for compiler infrastructure/lifecycle symbols.",ABI and linking,,L1,Retained,Yes,DEA-DEC-0415,DEA-REL-0031,,L1,l1/docs/specs/compiler/abi.md,l1/docs/decisions/0008-lbi-symbol-mangling.md,Directly covered,Yes,One atomic historical event.
DEA-CANON-0405,An LBI function symbol appends its complete function type component to the value terminal.,ABI and linking,Type system,L1,Retained,Yes,DEA-DEC-0416,,,L1,l1/docs/specs/compiler/abi.md,l1/docs/decisions/0008-lbi-symbol-mangling.md,Directly covered,Yes,One atomic historical event.
DEA-CANON-0406,LBI names for plain let and const bindings omit their types.,ABI and linking,,L1,Retained,Yes,DEA-DEC-0417,,,L1,l1/docs/specs/compiler/abi.md,l1/docs/decisions/0008-lbi-symbol-mangling.md,Directly covered,Yes,One atomic historical event.
DEA-CANON-0407,"Unsafe function signatures carry the X type modifier in LBI names, so safe/unsafe mismatch is a link error.",ABI and linking,Ownership and memory safety | Type system,L1,Retained,Yes,DEA-DEC-0418,,,L1,l1/docs/specs/compiler/abi.md,l1/docs/decisions/0008-lbi-symbol-mangling.md | l1/docs/decisions/0010-unsafe-marker-and-raw-pointer-indexing.md,Directly covered,Yes,One atomic historical event.
DEA-CANON-0408,"The pre-release LBI migration was one atomic break with no dual emission, dual demangling, or version-negotiation period.",ABI and linking,Repository and process architecture,L1,Historical only,No,DEA-DEC-0419,,,L1,l1/docs/specs/compiler/abi.md,l1/docs/decisions/0008-lbi-symbol-mangling.md,Covered as part of a broader ADR,Yes,One atomic historical event.
DEA-CANON-0409,A source main function receives ordinary signature-bearing LBI mangling; a compiler-generated entry shim calls that mangled symbol.,ABI and linking,Backend and C emission,L1,Retained,Yes,DEA-DEC-0420,,,L1,l1/docs/reference/c-backend-design.md | l1/docs/specs/compiler/abi.md,l1/docs/decisions/0008-lbi-symbol-mangling.md | l1/docs/decisions/0020-per-module-backend-and-lifecycle-abi.md,Directly covered,Yes,One atomic historical event.
DEA-CANON-0410,"The shared integer-helper module is named std.integer, while floating-point helpers remain in the separate L1 std.real module.",Standard library,Language semantics,Shared L0/L1,Retained,Yes,DEA-DEC-0421,DEA-REL-0049,DEA-REL-0052,Shared | Shared L0/L1,l0/docs/reference/design-decisions.md | l0/docs/reference/standard-library.md | l1/docs/reference/design-decisions.md | l1/docs/reference/standard-library.md,l0/docs/decisions/0015-stdlib-module-boundaries.md,Directly covered,Yes,Included in the prioritized missing-ADR backlog.
DEA-CANON-0411,"The std.math to std.integer change is a hard source-level rename with no compatibility module, alias import, or transition shim.",Standard library,Repository and process architecture,Shared L0/L1,Retained,Yes,DEA-DEC-0422,,,Shared | Shared L0/L1,l0/docs/reference/standard-library.md | l1/docs/reference/standard-library.md | l1/docs/specs/compiler/abi.md,l0/docs/decisions/0015-stdlib-module-boundaries.md,Partially covered,Yes,"The current module name is recorded, but the explicit no-alias compatibility policy is not. Included in the prioritized missing-ADR backlog."
DEA-CANON-0412,"T[] is a first-class non-owning slice descriptor copied by value as {int len; T* data} with no retain, release, cleanup, or ownership transfer.",Ownership and memory safety,Backend and C emission | Type system,L1,Retained,Yes,DEA-DEC-0423,,,L1,l1/docs/reference/c-backend-design.md | l1/docs/reference/design-decisions.md | l1/docs/reference/ownership.md,l1/docs/decisions/0015-slice-types-and-intrinsics.md,Directly covered,Yes,One atomic historical event.
DEA-CANON-0413,T[_] is reserved for future language use and is rejected rather than interpreted as a slice.,Language syntax,Type system,L1,Retained,Yes,DEA-DEC-0424,,,L1,l1/docs/reference/design-decisions.md | l1/docs/reference/grammar.md,l1/docs/decisions/0015-slice-types-and-intrinsics.md,Directly covered,Yes,One atomic historical event.
DEA-CANON-0414,"Without lifetime analysis, slices are limited to locals, parameters, and call arguments and are rejected in returns and long-lived storage.",Ownership and memory safety,Semantic analysis | Type system,L1,Retained,Yes,DEA-DEC-0425,,,L1,l1/docs/reference/design-decisions.md | l1/docs/reference/ownership.md,l1/docs/decisions/0015-slice-types-and-intrinsics.md,Directly covered,Yes,One atomic historical event.
DEA-CANON-0415,The L1 len intrinsic returns int.,Type system,,L1,Retained,Yes,DEA-DEC-0426,,,L1,l1/docs/reference/design-decisions.md,l1/docs/decisions/0002-dea-virtual-prelude-module.md | l1/docs/decisions/0015-slice-types-and-intrinsics.md,Covered as part of a broader ADR,Yes,"Current normative documentation broadens the original array/slice domain to strings; no later eligible closed plan records that extension. After separating the independently superseded operand-domain event, this canonical records only the retained result-type choice."
DEA-CANON-0416,"The initial len intrinsic accepted only fixed arrays and slices, excluding strings and every other operand type.",Type system,Language semantics,L1,Superseded,No,DEA-DEC-0427,,DEA-REL-0015,L1,l1/docs/reference/c-backend-design.md | l1/docs/reference/design-decisions.md,l1/docs/decisions/0015-slice-types-and-intrinsics.md,Partially covered,Yes,One atomic historical event.
DEA-CANON-0417,"slice accepts only fixed arrays and slices and has one-, two-, and three-argument forms.",Language semantics,Type system,L1,Retained,Yes,DEA-DEC-0428,,,L1,l1/docs/reference/design-decisions.md | l1/docs/reference/grammar.md,l1/docs/decisions/0015-slice-types-and-intrinsics.md,Directly covered,Yes,One atomic historical event.
DEA-CANON-0418,"The third slice argument denotes a count, not an exclusive end index.",Language semantics,Language syntax,L1,Retained,Yes,DEA-DEC-0429,,,L1,l1/docs/reference/design-decisions.md | l1/docs/reference/grammar.md,l1/docs/decisions/0015-slice-types-and-intrinsics.md,Directly covered,Yes,One atomic historical event.
DEA-CANON-0419,Slice indexing performs a bounds check before any generated C pointer dereference.,Ownership and memory safety,Backend and C emission | Language semantics,L1,Retained,Yes,DEA-DEC-0430,,,L1,l1/docs/reference/c-backend-design.md | l1/docs/reference/design-decisions.md,l1/docs/decisions/0015-slice-types-and-intrinsics.md,Directly covered,Yes,One atomic historical event.
DEA-CANON-0420,A zero-length slice result is canonically represented with len = 0 and data = NULL.,ABI and linking,Backend and C emission | Language semantics,L1,Retained,Yes,DEA-DEC-0431,,,L1,l1/docs/reference/c-backend-design.md | l1/docs/reference/design-decisions.md,l1/docs/decisions/0015-slice-types-and-intrinsics.md,Directly covered,Yes,One atomic historical event.
DEA-CANON-0421,"Implicit T[N] to T[] conversion occurs only when a slice target is already known: arguments, annotated local initialization, or assignment to a slice variable.",Type system,Language semantics | Ownership and memory safety,L1,Retained,Yes,DEA-DEC-0432,,,L1,l1/docs/reference/design-decisions.md | l1/docs/reference/ownership.md,l1/docs/decisions/0015-slice-types-and-intrinsics.md,Directly covered,Yes,One atomic historical event.
DEA-CANON-0422,Raw pointer operands are rejected by slice; L1 has no pointer-to-slice conversion in this surface.,Type system,Ownership and memory safety,L1,Retained,Yes,DEA-DEC-0433,,,L1,l1/docs/reference/design-decisions.md | l1/docs/reference/grammar.md,l1/docs/decisions/0015-slice-types-and-intrinsics.md,Covered as part of a broader ADR,Yes,One atomic historical event.
DEA-CANON-0423,"The initial slice type surface supports T[], T*[], and T?[] but rejects T[]? and T[]* to preserve escape restrictions.",Type system,Language syntax | Ownership and memory safety,L1,Retained,Yes,DEA-DEC-0434,,,L1,l1/docs/reference/design-decisions.md | l1/docs/reference/grammar.md,l1/docs/decisions/0015-slice-types-and-intrinsics.md,Directly covered,Yes,One atomic historical event.
DEA-CANON-0424,The LBI type component for a slice is the single-letter recursive form W<element>.,ABI and linking,Backend and C emission,L1,Retained,Yes,DEA-DEC-0435,,,L1,l1/docs/reference/c-backend-design.md | l1/docs/specs/compiler/abi.md,l1/docs/decisions/0008-lbi-symbol-mangling.md | l1/docs/decisions/0015-slice-types-and-intrinsics.md,Directly covered,Yes,One atomic historical event.
DEA-CANON-0425,The compiler-owned virtual dea prelude exports len and slice intrinsics; ordinary prelude shadowing and qualified dea:: access apply.,Frontend architecture,Language semantics | Standard library,L1,Retained,Yes,DEA-DEC-0436,,,L1,l1/docs/reference/design-decisions.md | l1/docs/reference/grammar.md,l1/docs/decisions/0002-dea-virtual-prelude-module.md | l1/docs/decisions/0015-slice-types-and-intrinsics.md,Directly covered,Yes,One atomic historical event.
DEA-CANON-0426,Slice range construction validates start and count before pointer arithmetic or dereference and reuses _rt_panic_oob on failure.,Ownership and memory safety,Backend and C emission | Runtime,L1,Retained,Yes,DEA-DEC-0437,,,L1,l1/docs/reference/c-backend-design.md | l1/docs/reference/design-decisions.md,l1/docs/decisions/0011-fixed-size-array-policy.md | l1/docs/decisions/0015-slice-types-and-intrinsics.md,Directly covered,Yes,One atomic historical event.
DEA-CANON-0427,Repeating the same open import emits exactly one non-fatal RES-0036 warning at the redundant import.,Diagnostics and recovery,Semantic analysis,L0,Retained,Yes,DEA-DEC-0438,,,L0 | L0 Stage 1 and Stage 2,docs/specs/compiler/diagnostic-code-catalog.md | l0/docs/reference/grammar.md,docs/decisions/0005-diagnostic-code-catalog.md,Covered as part of a broader ADR,Yes,One atomic historical event.
DEA-CANON-0428,Opening the same module repeatedly is semantically idempotent: the resolver skips the redundant merge and leaves the first import's visible symbols usable.,Semantic analysis,Language semantics,L0,Retained,Yes,DEA-DEC-0439,,,L0 | L0 Stage 1 and Stage 2,l0/docs/decisions/0006-module-system-and-imports.md | l0/docs/reference/grammar.md,l0/docs/decisions/0006-module-system-and-imports.md,ADR not warranted,No,One atomic historical event.
DEA-CANON-0429,"An orphaned parent-owned statement keyword is diagnosed as unmatched (`else` without `if`, `cleanup` without `with`) rather than as a generic expression error.",Diagnostics and recovery,Frontend architecture,Shared L0/L1,Retained,Yes,DEA-DEC-0440,,,Shared | Shared L0/L1,docs/specs/compiler/diagnostic-code-catalog.md,docs/decisions/0005-diagnostic-code-catalog.md,Covered as part of a broader ADR,Yes,One atomic historical event.
DEA-CANON-0430,"The canonical case default-arm spelling is `_ => Stmt`, aligning case with match.",Language syntax,Diagnostics and recovery,Shared L0/L1,Retained,Yes,DEA-DEC-0442,,,Shared | Shared L0/L1,docs/decisions/0007-case-default-arm-wildcard.md | l0/docs/reference/grammar.md | l1/docs/reference/grammar.md,docs/decisions/0007-case-default-arm-wildcard.md,Directly covered,Yes,One atomic historical event.
DEA-CANON-0431,L0 1.x accepts deprecated case-default else with a migration warning.,Language syntax,Diagnostics and recovery,L0,Retained,Yes,DEA-DEC-0443,,DEA-REL-0016,Shared | Shared L0/L1,docs/decisions/0007-case-default-arm-wildcard.md | docs/specs/compiler/diagnostic-code-catalog.md | l0/docs/reference/grammar.md,docs/decisions/0007-case-default-arm-wildcard.md,Directly covered,Yes,Current warning-bearing compatibility is independent of the separate deferred removal milestone and remains retained.
DEA-CANON-0432,"While the legacy case-default `else` remains, an unbraced value-arm `if` followed by ambiguous `else` is rejected with PAR-0243.",Diagnostics and recovery,Language syntax,L0,Retained,Yes,DEA-DEC-0444,,DEA-REL-0017,Shared | Shared L0/L1,docs/decisions/0007-case-default-arm-wildcard.md | docs/specs/compiler/diagnostic-code-catalog.md | l0/docs/reference/grammar.md,docs/decisions/0007-case-default-arm-wildcard.md,Directly covered,Yes,The ambiguity diagnostic ceased to apply to L1 after wildcard-only Phase 2 and remains current only for L0's compatibility grammar.
DEA-CANON-0433,L1 case arm values use the same type-comparability model as `==` rather than requiring exact literal/scrutinee type equality.,Language semantics,Type system,L1,Retained,Yes,DEA-DEC-0445,,,L1 | L1 Stage 1,l1/docs/reference/design-decisions.md | l1/docs/reference/grammar.md,l1/docs/decisions/0004-wide-integer-types.md | l1/docs/decisions/0005-floating-point-semantics.md,Partially covered,Yes,Included in the prioritized missing-ADR backlog.
DEA-CANON-0434,"L1 case scrutinees support builtin integer families, float, double, bool, and string, with corresponding literal arm families; other type families remain excluded.",Type system,Language semantics | Language syntax,L1,Retained,Yes,DEA-DEC-0446,,,L1 | L1 Stage 1,l1/docs/reference/design-decisions.md | l1/docs/reference/grammar.md,l1/docs/decisions/0004-wide-integer-types.md | l1/docs/decisions/0005-floating-point-semantics.md,Partially covered,Yes,Included in the prioritized missing-ADR backlog.
DEA-CANON-0435,A well-formed integer case arm outside the scrutinee's value domain remains valid but emits an always-false warning instead of an error.,Language semantics,Diagnostics and recovery,L1,Retained,Yes,DEA-DEC-0447,,,L1 | L1 Stage 1,docs/specs/compiler/diagnostic-code-catalog.md | l1/docs/reference/design-decisions.md,l1/docs/decisions/0004-wide-integer-types.md,Not covered,Yes,Included in the prioritized missing-ADR backlog.
DEA-CANON-0436,"The backend uses C switch only when every arm is a safe C case label semantically identical to L1 equality; converted, real, string, or always-false cases lower as equality chains.",Backend and C emission,Language semantics | Portability,L1 Stage 1,Retained,Yes,DEA-DEC-0448,,,L1 Stage 1,l1/docs/reference/c-backend-design.md | l1/docs/reference/design-decisions.md,l1/docs/decisions/0005-floating-point-semantics.md,ADR not warranted,No,One atomic historical event.
DEA-CANON-0437,"The body of an always-false case arm is still type-checked, so local source errors are not hidden by reachability classification.",Semantic analysis,Diagnostics and recovery | Language semantics,L1 Stage 1,Retained,Yes,DEA-DEC-0449,,,L1 Stage 1,docs/specs/compiler/diagnostic-code-catalog.md | l1/docs/reference/design-decisions.md,,Not covered,Yes,Included in the prioritized missing-ADR backlog.
DEA-CANON-0438,"L1 Phase 2 accepts only `_ =>` as a case default; `else` is an unmatched else (PAR-0123), and transitional PAR-0242/PAR-0243 behavior is removed.",Language syntax,Diagnostics and recovery,L1,Retained,Yes,DEA-DEC-0450,DEA-REL-0016 | DEA-REL-0017,,L1 | L1 Stage 1,docs/decisions/0007-case-default-arm-wildcard.md | docs/specs/compiler/diagnostic-code-catalog.md | l1/docs/reference/grammar.md,docs/decisions/0007-case-default-arm-wildcard.md,Directly covered,Yes,One atomic historical event.
DEA-CANON-0439,"An unreleased language level may intentionally advance a grammar migration before L0, with diagnostic-parity skips documenting the forward-only divergence from the L0 oracle.",Bootstrap and self-hosting,Bootstrap and self-hosting | Diagnostics and recovery,Shared L0/L1,Retained,Yes,DEA-DEC-0451,,,L1 Stage 1 | Shared L0/L1,docs/decisions/0001-two-stage-architecture.md | docs/decisions/0007-case-default-arm-wildcard.md,docs/decisions/0001-two-stage-architecture.md | docs/decisions/0007-case-default-arm-wildcard.md,Partially covered,Yes,The existing two-stage and case-migration ADRs do not fully record the general policy for intentional cross-level oracle exceptions. Included in the prioritized missing-ADR backlog.
DEA-CANON-0440,Invalid break or continue outside a loop reports its placement error but does not make the following statement unreachable; valid loop control still does.,Semantic analysis,Diagnostics and recovery | Language semantics,Shared L0/L1,Retained,Yes,DEA-DEC-0452,,,Shared | Shared L0/L1,l0/docs/reference/ownership.md | l1/docs/reference/ownership.md,,ADR not warranted,No,One atomic historical event.
DEA-CANON-0441,An opening brace is a statement synchronization boundary and must not be consumed while recovering from the preceding malformed statement.,Diagnostics and recovery,Frontend architecture,Shared L0/L1,Retained,Yes,DEA-DEC-0453,,,Shared | Shared L0/L1,l0/docs/reference/architecture.md | l1/docs/reference/architecture.md,,Not covered,Yes,Included in the prioritized missing-ADR backlog.
DEA-CANON-0442,"Canonical Dea source text is UTF-8; invalid UTF-8 is rejected during source decoding, and optional BOM stripping remains a level-local compiler-contract detail.",Language syntax,Portability,Dea-wide,Retained,Yes,DEA-DEC-0454,,,Dea-wide | L0 Stage 1,docs/decisions/0008-source-text-encoding-and-ascii-language-vocabulary.md | docs/specs/language/source-text-and-language-vocabulary.md,docs/decisions/0008-source-text-encoding-and-ascii-language-vocabulary.md,Directly covered,Yes,One atomic historical event.
DEA-CANON-0443,Unicode text is permitted in comments and string literal payloads even though the language vocabulary is restricted.,Language syntax,,Dea-wide,Retained,Yes,DEA-DEC-0455,,,Dea-wide | L0 Stage 1,docs/decisions/0008-source-text-encoding-and-ascii-language-vocabulary.md | docs/specs/language/source-text-and-language-vocabulary.md,docs/decisions/0008-source-text-encoding-and-ascii-language-vocabulary.md,Directly covered,Yes,One atomic historical event.
DEA-CANON-0444,"Identifiers, module-name components, keywords, builtin type names, and other grammar-defined vocabulary are ASCII-only.",Language syntax,Portability,Dea-wide,Retained,Yes,DEA-DEC-0456,,,Dea-wide | L0 Stage 1,docs/decisions/0008-source-text-encoding-and-ascii-language-vocabulary.md | docs/specs/language/source-text-and-language-vocabulary.md | l0/docs/reference/grammar.md | l1/docs/reference/grammar.md,docs/decisions/0008-source-text-encoding-and-ascii-language-vocabulary.md,Directly covered,Yes,One atomic historical event.
DEA-CANON-0445,Parsing runs after recoverable lexer errors over the logical token stream; accumulated errors gate semantic analysis and code generation.,Frontend architecture,Diagnostics and recovery,Shared L0/L1,Retained,Yes,DEA-DEC-0458 | DEA-DEC-0463,DEA-REL-0008,DEA-REL-0008,Shared | Shared L0/L1,docs/decisions/0009-logical-lexer-error-recovery-tokens-and-codepoint-columns.md | l0/docs/reference/architecture.md | l1/docs/reference/architecture.md,docs/decisions/0009-logical-lexer-error-recovery-tokens-and-codepoint-columns.md,Directly covered,Yes,This is the current successor to the historical pre-parser barrier. Included in the prioritized missing-ADR backlog.
DEA-CANON-0446,"The first missing statement-block close at EOF puts the parser in a terminal aborted state, emits PAR-0091 once, stops every recovery loop, and still returns its partial module.",Diagnostics and recovery,Frontend architecture,Shared L0/L1,Retained,Yes,DEA-DEC-0459,,,Shared | Shared L0/L1,docs/specs/compiler/diagnostic-code-catalog.md | l0/docs/reference/architecture.md | l1/docs/reference/architecture.md,,Not covered,Yes,Included in the prioritized missing-ADR backlog.
DEA-CANON-0447,Lexer recovery parity is defined as a shared logical-token contract; each frontend may use a different physical wrapper layout.,Frontend architecture,Bootstrap and self-hosting | Diagnostics and recovery,Shared L0/L1,Retained,Yes,DEA-DEC-0461,,,Shared | Shared L0/L1,docs/decisions/0009-logical-lexer-error-recovery-tokens-and-codepoint-columns.md | l0/docs/reference/architecture.md | l1/docs/reference/architecture.md,docs/decisions/0009-logical-lexer-error-recovery-tokens-and-codepoint-columns.md,Directly covered,Yes,One atomic historical event.
DEA-CANON-0448,"Parser token access is logical: it emits each wrapped lexer diagnostic exactly once despite backtracking, skips wrappers without recovery, and exposes the recovered token when present.",Diagnostics and recovery,Frontend architecture,Shared L0/L1,Retained,Yes,DEA-DEC-0462,,,Shared | Shared L0/L1,docs/decisions/0009-logical-lexer-error-recovery-tokens-and-codepoint-columns.md | l0/docs/specs/compiler/stage1-contract.md,docs/decisions/0009-logical-lexer-error-recovery-tokens-and-codepoint-columns.md,Directly covered,Yes,One atomic historical event.
DEA-CANON-0449,Malformed recoverable literal and numeric diagnostics preserve a reasonable parser-visible placeholder or valid-prefix token through the wrapper stream.,Diagnostics and recovery,Frontend architecture,Shared L0/L1,Retained,Yes,DEA-DEC-0464,,,Shared | Shared L0/L1,docs/decisions/0009-logical-lexer-error-recovery-tokens-and-codepoint-columns.md | docs/specs/compiler/diagnostic-code-catalog.md,docs/decisions/0009-logical-lexer-error-recovery-tokens-and-codepoint-columns.md,Directly covered,Yes,One atomic historical event.
DEA-CANON-0450,LEX-0040 groups one contiguous invalid-character run in a no-recovery wrapper that the parser skips logically.,Diagnostics and recovery,Frontend architecture,Shared L0/L1,Retained,Yes,DEA-DEC-0465,,,Shared | Shared L0/L1,docs/decisions/0009-logical-lexer-error-recovery-tokens-and-codepoint-columns.md | docs/specs/compiler/diagnostic-code-catalog.md,docs/decisions/0009-logical-lexer-error-recovery-tokens-and-codepoint-columns.md,Directly covered,Yes,One atomic historical event.
DEA-CANON-0451,An unterminated block comment remains an unrecoverable trivia error with no parser-visible recovery token.,Diagnostics and recovery,Frontend architecture,Shared L0/L1,Retained,Yes,DEA-DEC-0466,,,Shared | Shared L0/L1,docs/decisions/0009-logical-lexer-error-recovery-tokens-and-codepoint-columns.md | docs/specs/compiler/diagnostic-code-catalog.md,docs/decisions/0009-logical-lexer-error-recovery-tokens-and-codepoint-columns.md,Directly covered,Yes,One atomic historical event.
DEA-CANON-0452,Token-dump modes expose physical lexer-error wrappers and their recovery tokens but do not emit the deferred diagnostics.,CLI and distribution,Diagnostics and recovery | Frontend architecture,Shared L0/L1,Retained,Yes,DEA-DEC-0468,,,Shared | Shared L0/L1,docs/decisions/0009-logical-lexer-error-recovery-tokens-and-codepoint-columns.md | l0/docs/specs/compiler/stage1-contract.md,docs/decisions/0009-logical-lexer-error-recovery-tokens-and-codepoint-columns.md,Directly covered,Yes,One atomic historical event.
DEA-CANON-0453,The .l1m module-interface artifact is deterministic human-readable text rather than a binary arena dump.,CLI and distribution,,L1,Retained,Yes,DEA-DEC-0469,,,L1,l1/docs/specs/compiler/module-interface-format.md,l1/docs/decisions/0014-module-interface-artifact.md,Directly covered,Yes,One atomic historical event.
DEA-CANON-0454,Every .l1m file begins with module interface <name>;.,CLI and distribution,,L1,Retained,Yes,DEA-DEC-0470,,,L1,l1/docs/specs/compiler/module-interface-format.md,l1/docs/decisions/0014-module-interface-artifact.md,Directly covered,Yes,One atomic historical event.
DEA-CANON-0455,The .l1m grammar reserves a fingerprint string field while hash semantics are defined separately.,CLI and distribution,,L1,Retained,Yes,DEA-DEC-0471,,DEA-REL-0050,L1,l1/docs/specs/compiler/module-interface-format.md,l1/docs/decisions/0014-module-interface-artifact.md | l1/docs/decisions/0019-whole-module-interface-fingerprints.md,Directly covered,Yes,One atomic historical event.
DEA-CANON-0456,Exported transparent structs and enums are serialized structurally so importers can reconstruct layout.,ABI and linking,,L1,Retained,Yes,DEA-DEC-0472,,,L1,l1/docs/specs/compiler/module-interface-format.md,l1/docs/decisions/0014-module-interface-artifact.md,Directly covered,Yes,One atomic historical event.
DEA-CANON-0457,Exported functions appear in .l1m as declarations ending in semicolons and never include bodies.,CLI and distribution,,L1,Retained,Yes,DEA-DEC-0473,,,L1,l1/docs/specs/compiler/module-interface-format.md,l1/docs/decisions/0014-module-interface-artifact.md,Directly covered,Yes,One atomic historical event.
DEA-CANON-0458,Exported const declarations inline literal values in .l1m.,CLI and distribution,,L1,Retained,Yes,DEA-DEC-0474,,,L1,l1/docs/specs/compiler/module-interface-format.md,l1/docs/decisions/0014-module-interface-artifact.md,Directly covered,Yes,One atomic historical event.
DEA-CANON-0459,Exported let declarations carry types but not initializer values in .l1m.,CLI and distribution,,L1,Retained,Yes,DEA-DEC-0475,,,L1,l1/docs/specs/compiler/module-interface-format.md,l1/docs/decisions/0014-module-interface-artifact.md,Directly covered,Yes,One atomic historical event.
DEA-CANON-0460,Interface emission order is canonical and independent of source declaration order.,CLI and distribution,,L1,Retained,Yes,DEA-DEC-0476,,,L1,l1/docs/specs/compiler/module-interface-format.md,l1/docs/decisions/0014-module-interface-artifact.md,Directly covered,Yes,One atomic historical event.
DEA-CANON-0461,The source export manifest is omitted from .l1m; only the effective exported declarations are serialized.,CLI and distribution,,L1,Retained,Yes,DEA-DEC-0477,,,L1,l1/docs/specs/compiler/module-interface-format.md,l1/docs/decisions/0014-module-interface-artifact.md,Directly covered,Yes,One atomic historical event.
DEA-CANON-0462,Stage 1 parses .l1m in a constrained mode that accepts only interface constructs.,Frontend architecture,,L1 Stage 1,Retained,Yes,DEA-DEC-0478,,,L1 | L1 Stage 1,l1/docs/specs/compiler/module-interface-format.md,l1/docs/decisions/0014-module-interface-artifact.md,Directly covered,Yes,One atomic historical event.
DEA-CANON-0463,-c <module> and --compile <module> are the stable compile-only CLI spellings.,CLI and distribution,,Shared L0/L1,Retained,Yes,DEA-DEC-0479,,,L1 | Shared L0/L1,docs/specs/compiler/cli-contract.md,docs/decisions/0003-shared-cli-contract.md | l1/docs/decisions/0018-canonical-artifact-association-and-module-graph.md,Directly covered,Yes,One atomic historical event.
DEA-CANON-0464,-I <dir> and --interface-path <dir> define the interface search path for compile-involving flows.,CLI and distribution,,Shared L0/L1,Retained,Yes,DEA-DEC-0480,,,L1 | Shared L0/L1,docs/specs/compiler/cli-contract.md,docs/decisions/0003-shared-cli-contract.md | l1/docs/decisions/0018-canonical-artifact-association-and-module-graph.md,Directly covered,Yes,One atomic historical event.
DEA-CANON-0465,Runtime include and library paths keep long options but move their short aliases from -I/-L to -Ri/-Rl.,CLI and distribution,,Shared L0/L1,Retained,Yes,DEA-DEC-0481,DEA-REL-0043,,L1 | Shared L0/L1,docs/specs/compiler/cli-contract.md,docs/decisions/0003-shared-cli-contract.md,Directly covered,Yes,One atomic historical event.
DEA-CANON-0466,"Dea-specific controls use semantic short namespaces, while conventional -g, -S, -L, and -l stay reserved until their normal capabilities land.",CLI and distribution,,Shared L0/L1,Retained,Yes,DEA-DEC-0482,,,L1 | Shared L0/L1,docs/specs/compiler/cli-contract.md,docs/decisions/0003-shared-cli-contract.md,Directly covered,Yes,One atomic historical event.
DEA-CANON-0467,The compiler driver owns import-closure and build-graph computation rather than delegating it to scripts.,Frontend architecture,,L1 Stage 1,Retained,Yes,DEA-DEC-0483,,DEA-REL-0019,L1 | L1 Stage 1,l1/docs/reference/architecture.md,l1/docs/decisions/0018-canonical-artifact-association-and-module-graph.md,Directly covered,Yes,One atomic historical event.
DEA-CANON-0468,Semantic analysis and C generation can consume a supplied direct-provider .l1m without loading provider source.,Frontend architecture,,L1 Stage 1,Retained,Yes,DEA-DEC-0484,,,L1 | L1 Stage 1,l1/docs/reference/architecture.md | l1/docs/specs/compiler/module-interface-format.md,l1/docs/decisions/0014-module-interface-artifact.md | l1/docs/decisions/0018-canonical-artifact-association-and-module-graph.md,Directly covered,Yes,One atomic historical event.
DEA-CANON-0469,Interface replay preserves transparent nominal layout and keeps opaque imported nominals layout-hidden and pointer-only.,Type system,,L1,Retained,Yes,DEA-DEC-0485,,,L1,l1/docs/specs/compiler/module-interface-format.md,l1/docs/decisions/0013-opaque-type-exports-and-layout-hiding-visibility.md,Directly covered,Yes,One atomic historical event.
DEA-CANON-0470,"L1 recursively resolves interface require and link dependencies, but only require providers are activated for semantic replay.",Frontend architecture,,L1,Retained,Yes,DEA-DEC-0486 | DEA-DEC-0622,DEA-REL-0020,DEA-REL-0020,L1 | L1 Stage 1,l1/docs/reference/architecture.md | l1/docs/specs/compiler/module-interface-format.md,l1/docs/decisions/0018-canonical-artifact-association-and-module-graph.md,Directly covered,Yes,The current graph contract broadens the earlier direct-import-only activation event. The current transitive require/link activation contract is directly recorded by its linked L1 ADR.
DEA-CANON-0471,Dropping an imported opaque pointee is rejected because hidden owned fields require provider-side cleanup.,Ownership and memory safety,,L1,Retained,Yes,DEA-DEC-0487,,,L1,l1/docs/specs/compiler/module-interface-format.md,l1/docs/decisions/0013-opaque-type-exports-and-layout-hiding-visibility.md,Directly covered,Yes,One atomic historical event.
DEA-CANON-0472,Source-module resolution searches system roots before project roots and preserves declaration order within each tier.,Frontend architecture,,L1,Retained,Yes,DEA-DEC-0488,,,L1 | L1 Stage 1,docs/specs/compiler/cli-contract.md,l1/docs/decisions/0018-canonical-artifact-association-and-module-graph.md,Covered as part of a broader ADR,Yes,This corrects the frozen event's conflation of source-root precedence with ordered interface -I roots.
DEA-CANON-0473,L1 opacity is a derived state of layout-hiding field visibility rather than a distinct type-system primitive.,Type system,ABI and linking | Language semantics,L1,Retained,Yes,DEA-DEC-0489,,,L1 | L1 Stage 1,l1/docs/decisions/0013-opaque-type-exports-and-layout-hiding-visibility.md | l1/docs/specs/compiler/module-visibility-and-imports.md,l1/docs/decisions/0009-module-visibility-exports-imports.md | l1/docs/decisions/0013-opaque-type-exports-and-layout-hiding-visibility.md,Directly covered,Yes,One atomic historical event.
DEA-CANON-0474,"A public pointer type `U*` may cross an exported surface only when `U`'s nominal name is explicitly exported, opaque or transparent.",Type system,ABI and linking | Language semantics,L1,Retained,Yes,DEA-DEC-0490,,,L1 | L1 Stage 1,l1/docs/decisions/0013-opaque-type-exports-and-layout-hiding-visibility.md | l1/docs/specs/compiler/module-visibility-and-imports.md,l1/docs/decisions/0013-opaque-type-exports-and-layout-hiding-visibility.md,Directly covered,Yes,One atomic historical event.
DEA-CANON-0475,A type used by value in an exported signature or visible aggregate field must be transparent; opaque and unexported by-value types are rejected.,Type system,ABI and linking | Language semantics,L1,Retained,Yes,DEA-DEC-0491,,,L1 | L1 Stage 1,l1/docs/decisions/0013-opaque-type-exports-and-layout-hiding-visibility.md | l1/docs/specs/compiler/module-visibility-and-imports.md,l1/docs/decisions/0013-opaque-type-exports-and-layout-hiding-visibility.md,Directly covered,Yes,One atomic historical event.
DEA-CANON-0476,"Transparent aggregate exports require a transparent by-value layout closure, while pointer fields stop traversal at an exported nominal frontier.",Type system,ABI and linking | Semantic analysis,L1,Retained,Yes,DEA-DEC-0492,,,L1 | L1 Stage 1,l1/docs/decisions/0013-opaque-type-exports-and-layout-hiding-visibility.md | l1/docs/specs/compiler/module-visibility-and-imports.md,l1/docs/decisions/0013-opaque-type-exports-and-layout-hiding-visibility.md,Directly covered,Yes,One atomic historical event.
DEA-CANON-0477,An `.l1m` interface projects opaque types as explicit name-only declarations and transparent types as full definitions.,ABI and linking,CLI and distribution | Type system,L1,Retained,Yes,DEA-DEC-0493,,,L1 | L1 Stage 1,l1/docs/decisions/0013-opaque-type-exports-and-layout-hiding-visibility.md | l1/docs/specs/compiler/module-interface-format.md,l1/docs/decisions/0013-opaque-type-exports-and-layout-hiding-visibility.md | l1/docs/decisions/0014-module-interface-artifact.md,Directly covered,Yes,One atomic historical event.
DEA-CANON-0478,The implemented visibility model supports only transparent and fully opaque endpoints; mixed or partial field visibility is rejected pending a later offset-versus-accessor decision.,Type system,ABI and linking,L1,Retained,Yes,DEA-DEC-0494,,,L1 | L1 Stage 1,l1/docs/decisions/0013-opaque-type-exports-and-layout-hiding-visibility.md | l1/docs/specs/compiler/module-visibility-and-imports.md,l1/docs/decisions/0013-opaque-type-exports-and-layout-hiding-visibility.md,Directly covered,Yes,One atomic historical event.
DEA-CANON-0479,Enum visibility is all-or-none: per-variant visibility is not part of the opaque-export model.,Type system,ABI and linking | Language semantics,L1,Retained,Yes,DEA-DEC-0495,,,L1 | L1 Stage 1,l1/docs/decisions/0013-opaque-type-exports-and-layout-hiding-visibility.md | l1/docs/specs/compiler/module-visibility-and-imports.md,l1/docs/decisions/0013-opaque-type-exports-and-layout-hiding-visibility.md,Directly covered,Yes,One atomic historical event.
DEA-CANON-0480,"The grouped source form `export opaque { T, ... }` exports nominal names while hiding all of their fields or variants.",Language syntax,ABI and linking | Type system,L1,Retained,Yes,DEA-DEC-0496,,,L1 | L1 Stage 1,l1/docs/decisions/0013-opaque-type-exports-and-layout-hiding-visibility.md | l1/docs/specs/compiler/module-visibility-and-imports.md,l1/docs/decisions/0013-opaque-type-exports-and-layout-hiding-visibility.md,Directly covered,Yes,One atomic historical event.
DEA-CANON-0481,"Importers may name, hold, pass, and return pointers to an opaque nominal, but operations requiring its hidden layout—field access, dereference, construction, allocation, or by-value use—are rejected.",Language semantics,ABI and linking | Type system,L1,Retained,Yes,DEA-DEC-0497,,,L1 | L1 Stage 1,l1/docs/decisions/0013-opaque-type-exports-and-layout-hiding-visibility.md | l1/docs/specs/compiler/module-visibility-and-imports.md,l1/docs/decisions/0013-opaque-type-exports-and-layout-hiding-visibility.md,Directly covered,Yes,One atomic historical event.
DEA-CANON-0482,Case-arm value syntax accepts the existing literals plus visible local or qualified `const` references.,Language syntax,Language semantics | Type system,L1,Retained,Yes,DEA-DEC-0499,,,L1 | L1 Stage 1,l1/docs/decisions/0016-compile-time-constant-value-contexts.md | l1/docs/reference/design-decisions.md | l1/docs/reference/grammar.md,l1/docs/decisions/0016-compile-time-constant-value-contexts.md,Directly covered,Yes,One atomic historical event.
DEA-CANON-0483,"L1 defines separate constant-expression domains for array bounds, case arms, const initializers, and serialized interface constants instead of one universal constexpr rule.",Language semantics,ABI and linking | Type system,L1,Retained,Yes,DEA-DEC-0500,,,L1 | L1 Stage 1,l1/docs/decisions/0016-compile-time-constant-value-contexts.md | l1/docs/reference/design-decisions.md,l1/docs/decisions/0016-compile-time-constant-value-contexts.md,Directly covered,Yes,One atomic historical event.
DEA-CANON-0484,One reusable semantic `ConstValue` evaluator resolves literals and visible local or qualified const references for every constant-value consumer.,Semantic analysis,Frontend architecture | Type system,L1 Stage 1,Retained,Yes,DEA-DEC-0501,,DEA-REL-0055 | DEA-REL-0056,L1 Stage 1,l1/docs/decisions/0016-compile-time-constant-value-contexts.md | l1/docs/reference/architecture.md,l1/docs/decisions/0016-compile-time-constant-value-contexts.md,Directly covered,Yes,One atomic historical event.
DEA-CANON-0485,"Array bounds are resolved to concrete numeric lengths before semantic types, generated ABI, and `.l1m` signatures; symbolic bound names are not preserved there.",ABI and linking,Backend and C emission | Type system,L1,Retained,Yes,DEA-DEC-0502,,,L1 | L1 Stage 1,l1/docs/decisions/0011-fixed-size-array-policy.md | l1/docs/decisions/0016-compile-time-constant-value-contexts.md | l1/docs/specs/compiler/module-interface-format.md,l1/docs/decisions/0011-fixed-size-array-policy.md | l1/docs/decisions/0016-compile-time-constant-value-contexts.md,Directly covered,Yes,One atomic historical event.
DEA-CANON-0486,"Duplicate case-arm detection compares evaluated constant values, so distinct constant names denoting the same value conflict.",Language semantics,Diagnostics and recovery | Semantic analysis,L1,Retained,Yes,DEA-DEC-0503,,,L1 | L1 Stage 1,l1/docs/decisions/0016-compile-time-constant-value-contexts.md | l1/docs/reference/design-decisions.md,l1/docs/decisions/0016-compile-time-constant-value-contexts.md,Directly covered,Yes,One atomic historical event.
DEA-CANON-0487,Direct or indirect cycles among compile-time const references are rejected with a semantic cycle diagnostic.,Semantic analysis,Diagnostics and recovery | Language semantics,L1,Retained,Yes,DEA-DEC-0504,,,L1 | L1 Stage 1,docs/specs/compiler/diagnostic-code-catalog.md | l1/docs/decisions/0016-compile-time-constant-value-contexts.md,l1/docs/decisions/0016-compile-time-constant-value-contexts.md,Directly covered,Yes,One atomic historical event.
DEA-CANON-0488,Compile-time casts cover every L1 integer family and require exact target-range validity; out-of-range values are rejected rather than wrapped.,Language semantics,Diagnostics and recovery | Type system,L1,Retained,Yes,DEA-DEC-0505,DEA-REL-0055,,L1 | L1 Stage 1,l1/docs/decisions/0016-compile-time-constant-value-contexts.md | l1/docs/reference/design-decisions.md,l1/docs/decisions/0004-wide-integer-types.md | l1/docs/decisions/0016-compile-time-constant-value-contexts.md,Directly covered,Yes,One atomic historical event.
DEA-CANON-0489,Compile-time real casts support only `float` to/from `double`; integer-to-real and real-to-integer casts remain outside the const-expression subset.,Language semantics,Type system,L1,Retained,Yes,DEA-DEC-0506,,,L1 | L1 Stage 1,l1/docs/decisions/0005-floating-point-semantics.md | l1/docs/decisions/0016-compile-time-constant-value-contexts.md,l1/docs/decisions/0005-floating-point-semantics.md | l1/docs/decisions/0016-compile-time-constant-value-contexts.md,Directly covered,Yes,One atomic historical event.
DEA-CANON-0490,Compile-time bool and string casts are identity-only.,Language semantics,Type system,L1,Retained,Yes,DEA-DEC-0507,,,L1 | L1 Stage 1,l1/docs/decisions/0016-compile-time-constant-value-contexts.md | l1/docs/reference/design-decisions.md,l1/docs/decisions/0016-compile-time-constant-value-contexts.md,Directly covered,Yes,One atomic historical event.
DEA-CANON-0491,Exported cast constants serialize in `.l1m` as folded target-typed literals rather than preserving cast expression syntax.,ABI and linking,Backend and C emission | CLI and distribution,L1,Retained,Yes,DEA-DEC-0508,,DEA-REL-0034,L1 | L1 Stage 1,l1/docs/decisions/0016-compile-time-constant-value-contexts.md | l1/docs/specs/compiler/module-interface-format.md,l1/docs/decisions/0014-module-interface-artifact.md | l1/docs/decisions/0016-compile-time-constant-value-contexts.md,Directly covered,Yes,One atomic historical event.
DEA-CANON-0492,"Nullable, pointer, and aggregate casts are excluded from L1's compile-time constant-expression subset.",Type system,Language semantics,L1,Retained,Yes,DEA-DEC-0509,,,L1 | L1 Stage 1,l1/docs/decisions/0016-compile-time-constant-value-contexts.md | l1/docs/reference/design-decisions.md,l1/docs/decisions/0016-compile-time-constant-value-contexts.md,Directly covered,Yes,One atomic historical event.
DEA-CANON-0493,"For initialization and update headers retain ordinary abrupt simple statements—return, break, continue, and drop—rather than being restricted to non-abrupt BasicStmt forms.",Language syntax,Language semantics,Shared L0/L1,Retained,Yes,DEA-DEC-0510,,,Shared | Shared L0/L1,l0/docs/reference/grammar.md | l1/docs/reference/grammar.md,,Not covered,Yes,Included in the prioritized missing-ADR backlog.
DEA-CANON-0494,"A for initialization may declare a local, but the update clause rejects declarations: `let` uses PAR-0145 and L1 local `const` uses PAR-0263.",Language syntax,Diagnostics and recovery,Shared L0/L1,Retained,Yes,DEA-DEC-0511,,,Shared | Shared L0/L1,docs/specs/compiler/diagnostic-code-catalog.md | l0/docs/reference/grammar.md | l1/docs/reference/grammar.md,,Not covered,Yes,Included in the prioritized missing-ADR backlog.
DEA-CANON-0495,"Break and continue executed in a for initialization or update clause target the enclosing loop context, not the loop whose header is still being executed; absent an enclosing loop they are invalid.",Language semantics,Backend and C emission | Semantic analysis,Shared L0/L1,Retained,Yes,DEA-DEC-0512,,,Shared | Shared L0/L1,l0/docs/reference/grammar.md | l0/docs/reference/ownership.md | l1/docs/reference/grammar.md | l1/docs/reference/ownership.md,,Not covered,Yes,Included in the prioritized missing-ADR backlog.
DEA-CANON-0496,For executes initialization once before the inner loop is active; update runs after body fallthrough or an inner-body continue and before the next condition check.,Language semantics,Backend and C emission,Shared L0/L1,Retained,Yes,DEA-DEC-0513,,,Shared | Shared L0/L1,l0/docs/reference/grammar.md | l1/docs/reference/grammar.md,,Not covered,Yes,Included in the prioritized missing-ADR backlog.
DEA-CANON-0497,For-loop definite liveness assumes the body may execute zero times; a binding is usable only if alive on every path reaching the use.,Ownership and memory safety,Semantic analysis,Shared L0/L1,Retained,Yes,DEA-DEC-0514,,,Shared | Shared L0/L1,l0/docs/reference/ownership.md | l1/docs/reference/ownership.md,,ADR not warranted,No,One atomic historical event.
DEA-CANON-0498,Assignment to a dropped bare local revives the binding only after the right-hand side has been validated and evaluated.,Ownership and memory safety,Language semantics | Semantic analysis,Shared L0/L1,Retained,Yes,DEA-DEC-0515,,,Shared | Shared L0/L1,l0/docs/reference/ownership.md | l1/docs/reference/ownership.md,docs/decisions/0002-arc-ownership-model.md,Partially covered,Yes,One atomic historical event.
DEA-CANON-0499,"A definite return from for initialization contributes to function definite-return analysis, but returns in the body or update do not because the loop may execute zero times.",Semantic analysis,Language semantics,Shared L0/L1,Retained,Yes,DEA-DEC-0516,,,Shared | Shared L0/L1,l0/docs/reference/grammar.md | l1/docs/reference/grammar.md,,Not covered,Yes,Included in the prioritized missing-ADR backlog.
DEA-CANON-0500,"Definite-return analysis recognizes returns from established `with` header, inline-cleanup, cleanup-block, and body forms while honoring cleanup's ability to replace a pending exit.",Semantic analysis,Language semantics | Ownership and memory safety,Shared L0/L1,Retained,Yes,DEA-DEC-0517,,,Shared | Shared L0/L1,l0/docs/decisions/0010-with-statement-cleanup.md | l0/docs/reference/ownership.md | l1/docs/reference/ownership.md,l0/docs/decisions/0010-with-statement-cleanup.md,Partially covered,Yes,Included in the prioritized missing-ADR backlog.
DEA-CANON-0501,"Compile-time arithmetic and unary negation are limited to checked Dea 32-bit `int` payloads; bigint, real, string, aggregate, pointer, and nullable arithmetic remain unsupported.",Language semantics,Type system,L1,Retained,Yes,DEA-DEC-0518,DEA-REL-0056,,L1 | L1 Stage 1,l1/docs/decisions/0016-compile-time-constant-value-contexts.md | l1/docs/reference/design-decisions.md,l1/docs/decisions/0016-compile-time-constant-value-contexts.md,Directly covered,Yes,One atomic historical event.
DEA-CANON-0502,"Compile-time bitwise and shift operators accept only non-negative 32-bit `int` payloads, and bitwise complement remains bounded by the same domain.",Language semantics,Type system,L1,Retained,Yes,DEA-DEC-0519,,,L1 | L1 Stage 1,l1/docs/decisions/0016-compile-time-constant-value-contexts.md | l1/docs/reference/design-decisions.md,l1/docs/decisions/0016-compile-time-constant-value-contexts.md,Directly covered,Yes,One atomic historical event.
DEA-CANON-0503,"Compile-time `&&` and `||` use short-circuit evaluation, so an unreachable non-constant or invalid operand does not invalidate the constant initializer.",Language semantics,Diagnostics and recovery | Semantic analysis,L1,Retained,Yes,DEA-DEC-0520,,,L1 | L1 Stage 1,l1/docs/decisions/0016-compile-time-constant-value-contexts.md | l1/docs/reference/design-decisions.md,l1/docs/decisions/0016-compile-time-constant-value-contexts.md,Directly covered,Yes,One atomic historical event.
DEA-CANON-0504,The scalar constant subset folds unary logical not over supported boolean values.,Language semantics,Type system,L1,Retained,Yes,DEA-DEC-0521,,,L1 | L1 Stage 1,l1/docs/decisions/0016-compile-time-constant-value-contexts.md | l1/docs/reference/design-decisions.md,l1/docs/decisions/0016-compile-time-constant-value-contexts.md,Directly covered,Yes,One atomic historical event.
DEA-CANON-0505,"Overflow, invalid shifts, divide/modulo by zero, unsupported value families, and reachable non-constant operands make a const expression non-evaluable and diagnostic-producing rather than causing a compiler failure.",Diagnostics and recovery,Language semantics | Semantic analysis,L1 Stage 1,Retained,Yes,DEA-DEC-0522,,,L1 Stage 1,docs/specs/compiler/diagnostic-code-catalog.md | l1/docs/decisions/0016-compile-time-constant-value-contexts.md,docs/decisions/0005-diagnostic-code-catalog.md | l1/docs/decisions/0016-compile-time-constant-value-contexts.md,Covered as part of a broader ADR,Yes,One atomic historical event.
DEA-CANON-0506,Accepted scalar const expressions serialize in `.l1m` as folded literals; source expression syntax is not preserved.,ABI and linking,Backend and C emission,L1,Retained,Yes,DEA-DEC-0523,DEA-REL-0034,,L1 | L1 Stage 1,l1/docs/decisions/0016-compile-time-constant-value-contexts.md | l1/docs/specs/compiler/module-interface-format.md,l1/docs/decisions/0014-module-interface-artifact.md | l1/docs/decisions/0016-compile-time-constant-value-contexts.md,Directly covered,Yes,One atomic historical event.
DEA-CANON-0507,"A visible top-level const bool determines `if`, `while`, and `for` liveness, but a shadowing local binding keeps the condition dynamic.",Semantic analysis,Language semantics | Ownership and memory safety,L1 Stage 1,Retained,Yes,DEA-DEC-0524,,,L1 Stage 1,l1/docs/decisions/0016-compile-time-constant-value-contexts.md | l1/docs/reference/design-decisions.md,l1/docs/decisions/0016-compile-time-constant-value-contexts.md,Directly covered,Yes,One atomic historical event.
DEA-CANON-0508,Branches proven dead by constant-boolean flow still undergo ordinary type checking; only impossible liveness paths are removed.,Semantic analysis,Diagnostics and recovery | Language semantics,L1 Stage 1,Retained,Yes,DEA-DEC-0525,,,L1 Stage 1,l1/docs/decisions/0016-compile-time-constant-value-contexts.md | l1/docs/reference/design-decisions.md,l1/docs/decisions/0016-compile-time-constant-value-contexts.md,Directly covered,Yes,One atomic historical event.
DEA-CANON-0509,The scalar constant subset folds equality and ordering comparisons over supported scalar values.,Language semantics,Type system,L1,Retained,Yes,DEA-DEC-0526,,,L1 | L1 Stage 1,l1/docs/decisions/0016-compile-time-constant-value-contexts.md | l1/docs/reference/design-decisions.md,l1/docs/decisions/0016-compile-time-constant-value-contexts.md,Directly covered,Yes,One atomic historical event.
DEA-CANON-0510,L1 keeps the per-site pointer-check fast path `static inline` in its public runtime header while exporting slow-path and string-tracking helpers through both normal and traced archive manifests.,ABI and linking,Ownership and memory safety | Runtime,L1 Stage 1,Retained,Yes,DEA-DEC-0527,,,L1 Stage 1,docs/decisions/0010-checked-runtime-pointer-access-validation.md | l1/compiler/shared/runtime/include/dea_rt.h | l1/docs/reference/architecture.md,docs/decisions/0010-checked-runtime-pointer-access-validation.md,Covered as part of a broader ADR,Yes,One atomic historical event.
DEA-CANON-0511,L0 and L1 editor tooling is maintained in one shared repository package under `editors/`.,Repository and process architecture,CLI and distribution,Repository/tooling,Retained,Yes,DEA-DEC-0528,,DEA-REL-0053,Repository/tooling | Shared,editors/README.md,docs/decisions/0004-monorepo-directory-structure.md,Partially covered,Yes,The monorepo ADR covers placement but not the full shared-implementation/two-identities/editor-authority design. Included in the prioritized missing-ADR backlog.
DEA-CANON-0512,"The baseline editor stack is syntax and navigation tooling—TextMate, Tree-sitter, Vim/Emacs fallbacks, and Ctags—while LSP and semantic services are deferred.",Repository and process architecture,CLI and distribution,Repository/tooling,Retained,Yes,DEA-DEC-0529,,,Repository/tooling | Shared,editors/README.md,,Not covered,Yes,Included in the prioritized missing-ADR backlog.
DEA-CANON-0513,"The single Tree-sitter grammar is named `dea`, parses the error-tolerant L1 syntactic superset, and relies on separate host mappings for L0 versus L1.",Repository and process architecture,Language syntax,Repository/tooling,Retained,Yes,DEA-DEC-0530,,,Repository/tooling | Shared,editors/tree-sitter-dea/README.md | editors/tree-sitter-dea/grammar.js,,Not covered,Yes,Included in the prioritized missing-ADR backlog.
DEA-CANON-0514,"The compiler remains the semantic authority; editor grammars must be conservative, error-tolerant structural tools rather than semantic validators.",Frontend architecture,Language syntax | Semantic analysis,Repository/tooling,Retained,Yes,DEA-DEC-0531,,,Repository/tooling | Shared,editors/README.md,,Not covered,Yes,The compiler/editor authority boundary is cross-cutting and likely to be revisited as semantic tooling grows. Included in the prioritized missing-ADR backlog.
DEA-CANON-0515,"Editor hosts expose L0 and L1 as distinct language identities, scopes, filetypes, and extension mappings even though their tooling package is shared.",CLI and distribution,Repository and process architecture,Repository/tooling,Retained,Yes,DEA-DEC-0532,,,Repository/tooling | Shared,editors/README.md | editors/vscode-dea/package.json,,Not covered,Yes,Included in the prioritized missing-ADR backlog.
DEA-CANON-0516,"Pointer validation is backed by allocation records carrying base, extent, alignment, generation, state, memory kind, source sites, and a reserved type identity.",Runtime,Ownership and memory safety,Shared L0/L1,Retained,Yes,DEA-DEC-0534,,,Shared | Shared L0/L1,docs/decisions/0010-checked-runtime-pointer-access-validation.md | l0/docs/reference/ownership.md | l1/docs/reference/ownership.md,docs/decisions/0010-checked-runtime-pointer-access-validation.md,Directly covered,Yes,One atomic historical event.
DEA-CANON-0517,"Allocation records reserve a type-id field, but runtime type-compatibility enforcement is deferred to a future type-identity initiative.",Ownership and memory safety,Runtime | Type system,Shared L0/L1,Deferred,Yes,DEA-DEC-0535,,,Shared | Shared L0/L1,docs/decisions/0010-checked-runtime-pointer-access-validation.md,docs/decisions/0010-checked-runtime-pointer-access-validation.md,Directly covered,Yes,One atomic historical event.
DEA-CANON-0518,"The checked tracker covers `new` plus raw allocation, reallocation, free, and drop entry points rather than validating only generated object allocation.",Runtime,Ownership and memory safety,Shared L0/L1,Retained,Yes,DEA-DEC-0536,,DEA-REL-0036,Shared | Shared L0/L1,docs/decisions/0010-checked-runtime-pointer-access-validation.md | l0/docs/reference/standard-library.md | l1/docs/reference/standard-library.md,docs/decisions/0010-checked-runtime-pointer-access-validation.md,Directly covered,Yes,One atomic historical event.
DEA-CANON-0519,"Generated drop is a begin/finish protocol: exact-base validity is established before owned-field cleanup, and the allocation is quarantined only after cleanup completes.",Ownership and memory safety,Backend and C emission | Runtime,Shared L0/L1,Retained,Yes,DEA-DEC-0537,,DEA-REL-0037,Shared | Shared L0/L1,docs/decisions/0010-checked-runtime-pointer-access-validation.md | l0/docs/reference/ownership.md | l1/docs/reference/ownership.md,docs/decisions/0010-checked-runtime-pointer-access-validation.md,Directly covered,Yes,One atomic historical event.
DEA-CANON-0520,"Released blocks remain in a bounded quarantine; temporal-error detection is guaranteed only while a record remains retained, with pointer tagging excluded.",Ownership and memory safety,Runtime,Shared L0/L1,Retained,Yes,DEA-DEC-0538,,,Shared | Shared L0/L1,docs/decisions/0010-checked-runtime-pointer-access-validation.md | l0/docs/reference/ownership.md | l1/docs/reference/ownership.md,docs/decisions/0010-checked-runtime-pointer-access-validation.md,Directly covered,Yes,One atomic historical event.
DEA-CANON-0521,"Memory tracing remains lifecycle-oriented: allocation/free/new/drop events stay visible, but successful access checks, derived validation, and quarantine eviction do not emit trace lines.",Runtime,Diagnostics and recovery,Shared L0/L1,Retained,Yes,DEA-DEC-0539,,,Shared | Shared L0/L1,docs/decisions/0010-checked-runtime-pointer-access-validation.md | l0/docs/reference/ownership.md | l1/docs/reference/ownership.md,docs/decisions/0010-checked-runtime-pointer-access-validation.md,Covered as part of a broader ADR,Yes,One atomic historical event.
DEA-CANON-0522,Every generated checked-access site owns a static cache of its last allocation record and generation; misses use the full tracker and refill it.,Backend and C emission,Ownership and memory safety | Runtime,Shared L0/L1,Retained,Yes,DEA-DEC-0540,,,Shared | Shared L0/L1,docs/decisions/0010-checked-runtime-pointer-access-validation.md | l0/docs/reference/c-backend-design.md | l1/docs/reference/c-backend-design.md,docs/decisions/0010-checked-runtime-pointer-access-validation.md,Directly covered,Yes,One atomic historical event.
DEA-CANON-0523,Runtime helpers that derive interior pointers validate them against the owning allocation range instead of registering a separate derived-pointer record per call.,Runtime,Ownership and memory safety,Shared L0/L1,Retained,Yes,DEA-DEC-0541,,,Shared | Shared L0/L1,docs/decisions/0010-checked-runtime-pointer-access-validation.md,docs/decisions/0010-checked-runtime-pointer-access-validation.md,Directly covered,Yes,One atomic historical event.
DEA-CANON-0524,"Heap string blocks are initially registered eagerly at allocation, while static string spans are registered lazily when raw bytes are exposed.",Runtime,Ownership and memory safety,Shared L0/L1,Superseded,No,DEA-DEC-0542,,DEA-REL-0035,Shared | Shared L0/L1,docs/decisions/0010-checked-runtime-pointer-access-validation.md,docs/decisions/0010-checked-runtime-pointer-access-validation.md,Directly covered,Yes,One atomic historical event.
DEA-CANON-0525,Heap and static string storage exposed as raw bytes is tracked read-only: checked reads succeed and checked writes fail before mutation.,Ownership and memory safety,Runtime,Shared L0/L1,Retained,Yes,DEA-DEC-0543,,,Shared | Shared L0/L1,docs/decisions/0010-checked-runtime-pointer-access-validation.md | l0/docs/reference/ownership.md | l1/docs/reference/ownership.md,docs/decisions/0010-checked-runtime-pointer-access-validation.md,Directly covered,Yes,One atomic historical event.
DEA-CANON-0526,"ARC-managed and static tracked storage cannot be released through drop, rt_free, or rt_realloc.",Ownership and memory safety,Runtime,Shared L0/L1,Retained,Yes,DEA-DEC-0544,,,Shared | Shared L0/L1,docs/decisions/0010-checked-runtime-pointer-access-validation.md | l0/docs/reference/ownership.md | l1/docs/reference/ownership.md,docs/decisions/0010-checked-runtime-pointer-access-validation.md,Directly covered,Yes,One atomic historical event.
DEA-CANON-0527,"Checked validation is the default, but compile-time unchecked defines remove validation, tracking, and quarantine without changing generated C shape.",Runtime,Backend and C emission | Ownership and memory safety,Shared L0/L1,Retained,Yes,DEA-DEC-0545,,DEA-REL-0038,Shared | Shared L0/L1,docs/decisions/0010-checked-runtime-pointer-access-validation.md | l0/docs/reference/design-decisions.md | l1/docs/reference/design-decisions.md,docs/decisions/0010-checked-runtime-pointer-access-validation.md,Directly covered,Yes,One atomic historical event.
DEA-CANON-0528,"Pointer-safety semantics are shared across levels, but each level may retain its existing runtime layout, naming, and header-versus-archive boundary.",Runtime,ABI and linking | Bootstrap and self-hosting,Shared L0/L1,Retained,Yes,DEA-DEC-0546,,,Shared | Shared L0/L1,docs/decisions/0010-checked-runtime-pointer-access-validation.md | l0/docs/reference/architecture.md | l1/docs/reference/architecture.md,docs/decisions/0010-checked-runtime-pointer-access-validation.md,Directly covered,Yes,One atomic historical event.
DEA-CANON-0529,Output and link-facing flags follow the generated C input so object and archive link order stays stable.,ABI and linking,,Shared L0/L1,Retained,Yes,DEA-DEC-0547,,,Shared L0/L1,docs/specs/compiler/cli-contract.md | l0/docs/specs/compiler/cli-contract.md,,ADR not warranted,No,One atomic historical event.
DEA-CANON-0530,Allocation-tracker and quarantine constants are compile-time override points in both runtimes.,Runtime,,Shared L0/L1,Retained,Yes,DEA-DEC-0548,,,Shared L0/L1,l0/docs/reference/design-decisions.md | l1/docs/reference/design-decisions.md,docs/decisions/0010-checked-runtime-pointer-access-validation.md,Covered as part of a broader ADR,Yes,One atomic historical event.
DEA-CANON-0531,The prebuilt L1 archive runtime reads quarantine byte and record overrides once at first tracker use.,Runtime,,L1,Retained,Yes,DEA-DEC-0549,,,L1 | Shared L0/L1,l0/docs/reference/design-decisions.md | l1/docs/reference/design-decisions.md,docs/decisions/0010-checked-runtime-pointer-access-validation.md,Directly covered,Yes,One atomic historical event.
DEA-CANON-0532,Heap strings enter the pointer tracker lazily at first raw-byte exposure rather than at allocation.,Runtime,,Shared L0/L1,Retained,Yes,DEA-DEC-0550,DEA-REL-0035,,Shared L0/L1,l0/docs/reference/design-decisions.md | l1/docs/reference/design-decisions.md,docs/decisions/0010-checked-runtime-pointer-access-validation.md,Directly covered,Yes,One atomic historical event.
DEA-CANON-0533,Heap-string tracking is based at the exact exposed byte pointer so basic-mode writes see a read-only exact-base record.,Runtime,,Shared L0/L1,Retained,Yes,DEA-DEC-0551 | DEA-DEC-0566,DEA-REL-0039,DEA-REL-0039,Shared L0/L1,l0/docs/reference/design-decisions.md | l1/docs/reference/design-decisions.md,docs/decisions/0010-checked-runtime-pointer-access-validation.md,Directly covered,Yes,Groups 2 historical events.
DEA-CANON-0534,"`--unchecked` is a first-class mode flag for build, run, and generated-C operations.",CLI and distribution,,Shared L0/L1,Retained,Yes,DEA-DEC-0552,DEA-REL-0038,,Shared L0/L1,docs/specs/compiler/cli-contract.md | l0/docs/specs/compiler/cli-contract.md,docs/decisions/0010-checked-runtime-pointer-access-validation.md,Directly covered,Yes,One atomic historical event.
DEA-CANON-0535,"Unchecked mode is mutually exclusive with ARC or memory tracing, and no traced-unchecked runtime variant exists.",Runtime,,Shared L0/L1,Retained,Yes,DEA-DEC-0553,,,Shared L0/L1,l0/docs/reference/design-decisions.md | l1/docs/reference/design-decisions.md,docs/decisions/0010-checked-runtime-pointer-access-validation.md,Directly covered,Yes,One atomic historical event.
DEA-CANON-0536,L1 links a dedicated unchecked runtime archive or TinyCC object set that matches the generated unchecked prelude.,Runtime,,L1,Retained,Yes,DEA-DEC-0554,,,L1 | Shared L0/L1,l0/docs/reference/design-decisions.md | l1/docs/reference/design-decisions.md,docs/decisions/0010-checked-runtime-pointer-access-validation.md,Directly covered,Yes,One atomic historical event.
DEA-CANON-0537,The unchecked runtime preserves the full public runtime symbol surface as pass-through stubs so mixed generated-code/runtime variants remain link-compatible.,ABI and linking,,L1,Retained,Yes,DEA-DEC-0555,,,L1 | Shared L0/L1,l0/docs/reference/design-decisions.md | l1/docs/reference/design-decisions.md,docs/decisions/0010-checked-runtime-pointer-access-validation.md,Covered as part of a broader ADR,Yes,One atomic historical event.
DEA-CANON-0538,"Native L0 Stage 2 and L1 Stage 1 compiler executables default to basic checks plus a 256-record quarantine, while generated programs and the default L1 archive remain fully checked.",Runtime,,Shared L0/L1,Retained,Yes,DEA-DEC-0556 | DEA-DEC-0586,DEA-REL-0040,DEA-REL-0040,Shared L0/L1,l0/docs/reference/design-decisions.md | l1/docs/reference/design-decisions.md,docs/decisions/0010-checked-runtime-pointer-access-validation.md,Directly covered,Yes,Groups 2 historical events.
DEA-CANON-0539,"Compiler-build runtime mode selection preserves explicit raw defines first, then level-named mode controls, with defaults applied only when neither is set.",Repository and process architecture,,Repository/tooling,Retained,Yes,DEA-DEC-0557 | DEA-DEC-0588,,,Repository/tooling | Shared L0/L1,l0/docs/reference/design-decisions.md | l1/docs/reference/design-decisions.md,docs/decisions/0010-checked-runtime-pointer-access-validation.md,Covered as part of a broader ADR,Yes,This is the current rule after merging the earlier explicit-override event.
DEA-CANON-0540,`unsafe func` is a source-level proof boundary independent of optional checked-runtime validation.,Language semantics,,L1,Retained,Yes,DEA-DEC-0558,,,L1 | Shared L0/L1,l1/docs/reference/design-decisions.md,l1/docs/decisions/0010-unsafe-marker-and-raw-pointer-indexing.md,Directly covered,Yes,One atomic historical event.
DEA-CANON-0541,"`--check-basic` is a first-class checked mode for build, run, and generated-C operations.",CLI and distribution,,Shared L0/L1,Retained,Yes,DEA-DEC-0559,,,Shared L0/L1,docs/specs/compiler/cli-contract.md | l0/docs/specs/compiler/cli-contract.md,docs/decisions/0010-checked-runtime-pointer-access-validation.md,Directly covered,Yes,One atomic historical event.
DEA-CANON-0542,"Basic mode is mutually exclusive with unchecked and trace modes, with no traced-basic archive.",Runtime,,Shared L0/L1,Retained,Yes,DEA-DEC-0560,,,Shared L0/L1,l0/docs/reference/design-decisions.md | l1/docs/reference/design-decisions.md,docs/decisions/0010-checked-runtime-pointer-access-validation.md,Directly covered,Yes,One atomic historical event.
DEA-CANON-0543,"Basic checked mode retains exact-base validation, quarantine, generation caches, read-only exact-base protection, and alignment checks while omitting treap containment and spatial checks for hash misses.",Runtime,,Shared L0/L1,Retained,Yes,DEA-DEC-0561,,,Shared L0/L1,l0/docs/reference/design-decisions.md | l1/docs/reference/design-decisions.md,docs/decisions/0010-checked-runtime-pointer-access-validation.md,Directly covered,Yes,One atomic historical event.
DEA-CANON-0544,"L0 realizes basic checks through a generated prelude define, while L1 selects a dedicated basic archive or TinyCC object variant.",Runtime,,Shared L0/L1,Retained,Yes,DEA-DEC-0562,,,Shared L0/L1,l0/docs/reference/design-decisions.md | l1/docs/reference/design-decisions.md,docs/decisions/0010-checked-runtime-pointer-access-validation.md,Directly covered,Yes,One atomic historical event.
DEA-CANON-0545,"Darwin arm64 compiler executables retain UUID and ad-hoc signature commands, while only non-executable comparison copies neutralize UUID payloads.",Portability,,L0 Stage 2,Retained,Yes,DEA-DEC-0563,DEA-REL-0041,,L0 Stage 2,l0/compiler/stage2_l0/README.md,,Not covered,Yes,Included in the prioritized missing-ADR backlog.
DEA-CANON-0546,"Tracked allocations carry distinct raw, new, ARC, static, and foreign provenance; drop accepts only new storage, while free and realloc accept only raw storage.",Ownership and memory safety,,Shared L0/L1,Retained,Yes,DEA-DEC-0564,,,Shared L0/L1,l0/docs/reference/design-decisions.md | l0/docs/reference/ownership.md | l1/docs/reference/design-decisions.md | l1/docs/reference/ownership.md,docs/decisions/0010-checked-runtime-pointer-access-validation.md,Directly covered,Yes,One atomic historical event.
DEA-CANON-0547,Generated drop uses a sized begin/finish ABI that validates expected pointee size and alignment before cleanup; no unsized compatibility entry point remains.,ABI and linking,,Shared L0/L1,Retained,Yes,DEA-DEC-0565,DEA-REL-0037,,Shared L0/L1,l0/docs/reference/design-decisions.md | l0/docs/reference/ownership.md | l1/docs/reference/design-decisions.md | l1/docs/reference/ownership.md,docs/decisions/0010-checked-runtime-pointer-access-validation.md,Directly covered,Yes,One atomic historical event.
DEA-CANON-0548,Foreign memory enters checked pointer validation only through explicit register and unregister operations that record lifetime and extent without transferring ownership.,Runtime,,Shared L0/L1,Retained,Yes,DEA-DEC-0567,DEA-REL-0036,,Shared L0/L1,l0/docs/reference/design-decisions.md | l1/docs/reference/design-decisions.md,docs/decisions/0010-checked-runtime-pointer-access-validation.md,Directly covered,Yes,One atomic historical event.
DEA-CANON-0549,"Identical live foreign registrations are idempotent, conflicting registrations panic, and unregistration never frees foreign storage.",Runtime,,Shared L0/L1,Retained,Yes,DEA-DEC-0568,,,Shared L0/L1,l0/docs/reference/design-decisions.md | l1/docs/reference/design-decisions.md,docs/decisions/0010-checked-runtime-pointer-access-validation.md,Directly covered,Yes,One atomic historical event.
DEA-CANON-0550,Unchecked mode validates foreign-registration arguments but intentionally records no tracker state.,Runtime,,Shared L0/L1,Retained,Yes,DEA-DEC-0569,,,Shared L0/L1,l0/docs/reference/design-decisions.md | l1/docs/reference/design-decisions.md,docs/decisions/0010-checked-runtime-pointer-access-validation.md,Directly covered,Yes,One atomic historical event.
DEA-CANON-0551,"Darwin arm64 bootstrap executables retain Mach-O UUID and ad-hoc signature load commands, while Intel Darwin keeps the existing linker normalization.",Portability,,L0 Stage 2,Retained,Yes,DEA-DEC-0570,DEA-REL-0028,DEA-REL-0041,L0 Stage 2 | Shared L0/L1,l0/compiler/stage2_l0/README.md,,Not covered,Yes,Included in the prioritized missing-ADR backlog.
DEA-CANON-0552,Stable L0 release tags use the l0-vX.Y.Z namespace.,CLI and distribution,,L0,Retained,Yes,DEA-DEC-0571,DEA-REL-0045,,L0,l0/docs/releases/README.md,,Not covered,Yes,Included in the prioritized missing-ADR backlog.
DEA-CANON-0553,Every stable L0 tag has a matching versioned release-notes file that is used unchanged as the GitHub release body.,CLI and distribution,,L0,Retained,Yes,DEA-DEC-0572,DEA-REL-0046,,L0,l0/docs/releases/README.md,,Not covered,Yes,Included in the prioritized missing-ADR backlog.
DEA-CANON-0554,The public `googlielmo/dea-lang` repository is the sole L0 release target; the private monorepo receives no duplicate GitHub release.,CLI and distribution,,L0,Retained,Yes,DEA-DEC-0573,,,L0,l0/docs/releases/README.md,,Not covered,Yes,Included in the prioritized missing-ADR backlog.
DEA-CANON-0555,Removal of deprecated case-default else from L0 is deferred to L0 2.0.,Language syntax,,L0,Deferred,Yes,DEA-DEC-0574,,,L0,l0/docs/reference/grammar.md,docs/decisions/0007-case-default-arm-wildcard.md,Covered as part of a broader ADR,Yes,"The shared Phase 1 migration split by level; this key now represents the surviving L0 compatibility branch. The future removal milestone is an atomic deferred direction, separate from current L0 1.x compatibility."
DEA-CANON-0556,"Repository review and organization requests are read-only, while a draft request authorizes only the named draft.",Repository and process architecture,,Repository/tooling,Retained,Yes,DEA-DEC-0575,,,Repository/tooling,AGENTS.md | CLAUDE.md,,ADR not warranted,No,One atomic historical event.
DEA-CANON-0557,A local implementation or commit never authorizes a push; every push requires an explicit user request.,Repository and process architecture,,Repository/tooling,Retained,Yes,DEA-DEC-0576,,,Repository/tooling,AGENTS.md | CLAUDE.md,,ADR not warranted,No,One atomic historical event.
DEA-CANON-0558,"Public, cross-repository, workflow-dispatching, and deployment-triggering writes require fresh confirmation immediately before execution with exact target and downstream effects.",Repository and process architecture,,Repository/tooling,Retained,Yes,DEA-DEC-0577,,,Repository/tooling,AGENTS.md | CLAUDE.md,,ADR not warranted,No,One atomic historical event.
DEA-CANON-0559,A public branch push is permitted only to the exact designated branch already configured as the checked-out branch's upstream; refspec and upstream overrides cannot bypass the gate.,Repository and process architecture,,Repository/tooling,Retained,Yes,DEA-DEC-0578,,,Repository/tooling,AGENTS.md | CLAUDE.md,,ADR not warranted,No,One atomic historical event.
DEA-CANON-0560,Creating a release tag requires an explicit request naming both tag and target.,Repository and process architecture,,Repository/tooling,Retained,Yes,DEA-DEC-0579,,,Repository/tooling,AGENTS.md | CLAUDE.md,,ADR not warranted,No,One atomic historical event.
DEA-CANON-0561,Pushing a release tag has its own fresh confirmation gate listing the remote and every known automatic publication effect.,Repository and process architecture,,Repository/tooling,Retained,Yes,DEA-DEC-0580,,,Repository/tooling,AGENTS.md | CLAUDE.md,,ADR not warranted,No,One atomic historical event.
DEA-CANON-0562,"Plans, sandbox approvals, tool approvals, CI, and agent review grant no remote or publication authority.",Repository and process architecture,,Repository/tooling,Retained,Yes,DEA-DEC-0581,,,Repository/tooling,AGENTS.md | CLAUDE.md,,ADR not warranted,No,One atomic historical event.
DEA-CANON-0563,"Normative Stage 1 compiler diagnostics use a direct, context-free stderr channel independent of operational log thresholds and formatting.",Diagnostics and recovery,,L0 Stage 1,Retained,Yes,DEA-DEC-0583,,,L0 Stage 1,docs/specs/compiler/diagnostic-code-catalog.md | l0/docs/specs/compiler/diagnostic-format.md,,ADR not warranted,No,One atomic historical event.
DEA-CANON-0564,`test` is the stable normal validation tier and excludes only the dedicated broad trace sweep; focused trace regressions remain included.,Repository and process architecture,,Repository/tooling,Retained,Yes,DEA-DEC-0584,,,Repository/tooling,CLAUDE.md | l0/CLAUDE.md | l1/CLAUDE.md,,ADR not warranted,No,One atomic historical event.
DEA-CANON-0565,"`test-all` is mandatory for trace-sensitive, runtime, memory, ownership, ARC, pointer-validation, emitted-lifetime, mixed, or uncertain changes.",Repository and process architecture,,Repository/tooling,Retained,Yes,DEA-DEC-0585,,,Repository/tooling,CLAUDE.md | l0/CLAUDE.md | l1/CLAUDE.md,,ADR not warranted,No,One atomic historical event.
DEA-CANON-0566,"L1 exposes level-named controls for the L0 runtime embedded in its Stage 1 compiler, separate from generated-program flags and L1 runtime-archive controls.",Repository and process architecture,,Repository/tooling,Retained,Yes,DEA-DEC-0587,,,Repository/tooling | Shared L0/L1,l0/docs/reference/design-decisions.md | l1/docs/reference/design-decisions.md,docs/decisions/0010-checked-runtime-pointer-access-validation.md,Covered as part of a broader ADR,Yes,One atomic historical event.
DEA-CANON-0567,Compiler quarantine limits are selected independently from runtime mode and each explicit limit can override or disable only its corresponding default.,Repository and process architecture,,Repository/tooling,Retained,Yes,DEA-DEC-0589,,,Repository/tooling | Shared L0/L1,l0/docs/reference/design-decisions.md | l1/docs/reference/design-decisions.md,docs/decisions/0010-checked-runtime-pointer-access-validation.md,Covered as part of a broader ADR,Yes,One atomic historical event.
DEA-CANON-0568,"Interface compatibility is one fingerprint of the canonical effective exported surface, replacing declaration-level hashes.",ABI and linking,,L1,Retained,Yes,DEA-DEC-0590,DEA-REL-0050,,L1,l1/docs/specs/compiler/abi.md | l1/docs/specs/compiler/module-interface-format.md,l1/docs/decisions/0019-whole-module-interface-fingerprints.md,Directly covered,Yes,One atomic historical event.
DEA-CANON-0569,"LBI fingerprint version 1 uses SipHash-1-3 with public fixed key `DeaL1-fp-v1-key!`, distinct from randomized runtime hashing.",ABI and linking,,L1,Retained,Yes,DEA-DEC-0591,,,L1,l1/docs/specs/compiler/abi.md,l1/docs/decisions/0019-whole-module-interface-fingerprints.md,Directly covered,Yes,One atomic historical event.
DEA-CANON-0570,"Fingerprint input is a versioned, length-framed UTF-8 byte stream with LF separators, no NUL terminator, and no dependence on rendered prose or host layout.",ABI and linking,,L1,Retained,Yes,DEA-DEC-0592,,,L1,l1/docs/specs/compiler/abi.md,l1/docs/decisions/0019-whole-module-interface-fingerprints.md,Directly covered,Yes,One atomic historical event.
DEA-CANON-0571,"The textual fingerprint is mandatory `sip13:` plus exactly 16 lowercase hexadecimal digits, with no implicit tag or alternate spelling.",ABI and linking,,L1,Retained,Yes,DEA-DEC-0593,,,L1,l1/docs/specs/compiler/abi.md | l1/docs/specs/compiler/module-interface-format.md,l1/docs/decisions/0019-whole-module-interface-fingerprints.md,Directly covered,Yes,One atomic historical event.
DEA-CANON-0572,"The fingerprint includes exported structs, enums, aliases, functions, consts, and lets, exposing full transparent layouts but only opacity marker and name for opaque nominals.",ABI and linking,,L1,Retained,Yes,DEA-DEC-0594,,,L1,l1/docs/specs/compiler/abi.md,l1/docs/decisions/0019-whole-module-interface-fingerprints.md,Directly covered,Yes,One atomic historical event.
DEA-CANON-0573,"Top-level declaration groups and names are canonically sorted, while field, parameter, variant, and other nested semantic orders are preserved.",ABI and linking,,L1,Retained,Yes,DEA-DEC-0595,,,L1,l1/docs/specs/compiler/abi.md,l1/docs/decisions/0019-whole-module-interface-fingerprints.md,Covered as part of a broader ADR,Yes,One atomic historical event.
DEA-CANON-0574,String literals enter fingerprints through one decoded canonical value: scalar escapes become UTF-8 while octal escapes retain raw-byte meaning.,ABI and linking,,L1 Stage 1,Retained,Yes,DEA-DEC-0596,,,L1 | L1 Stage 1,l1/docs/specs/compiler/abi.md,l1/docs/decisions/0019-whole-module-interface-fingerprints.md,Covered as part of a broader ADR,Yes,One atomic historical event.
DEA-CANON-0575,"Integer literals enter fingerprints by checked canonical numeric value rather than source base, separators, or spelling.",ABI and linking,,L1 Stage 1,Retained,Yes,DEA-DEC-0597,,,L1 | L1 Stage 1,l1/docs/specs/compiler/abi.md,l1/docs/decisions/0019-whole-module-interface-fingerprints.md,Covered as part of a broader ADR,Yes,One atomic historical event.
DEA-CANON-0576,"Dependency records retain their syntax but store the provider module's whole fingerprint, and declaration records contain no hash fields or suffixes.",ABI and linking,,L1,Retained,Yes,DEA-DEC-0598,,,L1,l1/docs/specs/compiler/module-interface-format.md,l1/docs/decisions/0019-whole-module-interface-fingerprints.md,Directly covered,Yes,One atomic historical event.
DEA-CANON-0577,"A module's dependency manifest is excluded from its own fingerprint, so private import changes do not invalidate unchanged downstream public surfaces.",ABI and linking,,L1,Retained,Yes,DEA-DEC-0599,,,L1,l1/docs/specs/compiler/abi.md,l1/docs/decisions/0019-whole-module-interface-fingerprints.md,Directly covered,Yes,One atomic historical event.
DEA-CANON-0578,"Consumers validate spelling, recompute the canonical fingerprint, and reject mismatches before normalization, graph registration, name resolution, or semantic replay.",Semantic analysis,,L1 Stage 1,Retained,Yes,DEA-DEC-0600,,,L1 | L1 Stage 1,l1/docs/reference/architecture.md | l1/docs/specs/compiler/module-interface-format.md,l1/docs/decisions/0019-whole-module-interface-fingerprints.md,Directly covered,Yes,One atomic historical event.
DEA-CANON-0579,Version 1 accepts only tagged SipHash-1-3 fingerprints and provides no implicit algorithm or legacy placeholder fallback.,ABI and linking,,L1,Retained,Yes,DEA-DEC-0601,,,L1,l1/docs/specs/compiler/abi.md | l1/docs/specs/compiler/module-interface-format.md,l1/docs/decisions/0019-whole-module-interface-fingerprints.md,Directly covered,Yes,One atomic historical event.
DEA-CANON-0580,The compiler retains the legacy whole-program generator beside one named per-module generator during the separate-compilation transition.,Backend and C emission,,L1 Stage 1,Retained,Yes,DEA-DEC-0602,,,L1 | L1 Stage 1,l1/docs/reference/c-backend-design.md,l1/docs/decisions/0020-per-module-backend-and-lifecycle-abi.md,Directly covered,Yes,One atomic historical event.
DEA-CANON-0581,Per-module output defines exactly one source-backed target module and emits only declarations and required visible type layouts for imported providers.,Backend and C emission,,L1 Stage 1,Retained,Yes,DEA-DEC-0603,,,L1 | L1 Stage 1,l1/docs/reference/c-backend-design.md,l1/docs/decisions/0020-per-module-backend-and-lifecycle-abi.md,Directly covered,Yes,One atomic historical event.
DEA-CANON-0582,"Compiler-generated I4init, I4fini, and optional I5entry symbols are external ABI infrastructure independent of source export visibility.",ABI and linking,,L1,Retained,Yes,DEA-DEC-0604,,,L1,l1/docs/reference/c-backend-design.md | l1/docs/specs/compiler/abi.md,l1/docs/decisions/0020-per-module-backend-and-lifecycle-abi.md,Directly covered,Yes,Preserves only the new atomic clause from B06-D089 after repeated source-linkage clauses are removed.
DEA-CANON-0583,Every module defines an external one-shot `void I4init(void)` that initializes only its own deferred top-level lets and never its dependencies.,ABI and linking,,L1,Retained,Yes,DEA-DEC-0605,,,L1,l1/docs/reference/c-backend-design.md | l1/docs/specs/compiler/abi.md,l1/docs/decisions/0020-per-module-backend-and-lifecycle-abi.md,Directly covered,Yes,One atomic historical event.
DEA-CANON-0584,Every module defines an external one-shot `void I4fini(void)` that cleans only its own ARC-managed top-level lets and never its dependencies.,ABI and linking,,L1,Retained,Yes,DEA-DEC-0606,,,L1,l1/docs/reference/c-backend-design.md | l1/docs/specs/compiler/abi.md,l1/docs/decisions/0020-per-module-backend-and-lifecycle-abi.md,Directly covered,Yes,One atomic historical event.
DEA-CANON-0585,"A source-backed module emits external `I5entry` only when it defines a resolved zero-parameter non-extern `main`, even when that source main is non-exported.",ABI and linking,,L1,Retained,Yes,DEA-DEC-0607,,,L1,l1/docs/specs/compiler/abi.md,l1/docs/decisions/0020-per-module-backend-and-lifecycle-abi.md,Directly covered,Yes,One atomic historical event.
DEA-CANON-0586,"`I5entry` always returns C `int`: L1 int passes through, bool maps true to 0 and false to 1, and other result types normalize to 0.",ABI and linking,,L1,Retained,Yes,DEA-DEC-0608,,,L1,l1/docs/specs/compiler/abi.md,l1/docs/decisions/0020-per-module-backend-and-lifecycle-abi.md,Directly covered,Yes,One atomic historical event.
DEA-CANON-0587,"Per-module output contains no process-level C `main`, dependency lifecycle calls, or argument initialization; a later wrapper owns the complete process sequence.",Backend and C emission,,L1,Retained,Yes,DEA-DEC-0609,,,L1,l1/docs/reference/c-backend-design.md,l1/docs/decisions/0020-per-module-backend-and-lifecycle-abi.md,Directly covered,Yes,One atomic historical event.
DEA-CANON-0588,"A canonical dotted module name maps to a slash-separated relative stem with sibling `.c`, `.o`, and `.l1m` artifacts.",CLI and distribution,,L1,Retained,Yes,DEA-DEC-0610,,,L1,l1/docs/reference/architecture.md | l1/docs/specs/compiler/module-interface-format.md,l1/docs/decisions/0018-canonical-artifact-association-and-module-graph.md,Directly covered,Yes,One atomic historical event.
DEA-CANON-0589,"An explicit compile-only output must be a regular `.o` path, and replacing only its final suffix selects the `.c` and `.l1m` companions.",CLI and distribution,,L1,Retained,Yes,DEA-DEC-0611,,,L1,l1/docs/reference/architecture.md,l1/docs/decisions/0018-canonical-artifact-association-and-module-graph.md,Directly covered,Yes,One atomic historical event.
DEA-CANON-0590,"Separate-compilation artifact identity depends only on canonical module identity, never source-path spelling, search roots, or import aliases.",ABI and linking,,L1,Retained,Yes,DEA-DEC-0612,,,L1,l1/docs/reference/architecture.md,l1/docs/decisions/0018-canonical-artifact-association-and-module-graph.md,Directly covered,Yes,One atomic historical event.
DEA-CANON-0591,The requested compilation target is always source-backed; an interface can satisfy imports but cannot replace the module being compiled.,Frontend architecture,,L1 Stage 1,Retained,Yes,DEA-DEC-0613,,,L1 | L1 Stage 1,l1/docs/reference/architecture.md,l1/docs/decisions/0018-canonical-artifact-association-and-module-graph.md,Covered as part of a broader ADR,Yes,One atomic historical event.
DEA-CANON-0592,"Imported interfaces are searched in explicit `-I` root order, and the first existing dotted-path `.l1m` candidate wins over source and lower-priority interfaces.",Frontend architecture,,L1 Stage 1,Retained,Yes,DEA-DEC-0614,,,L1 | L1 Stage 1,l1/docs/reference/architecture.md | l1/docs/specs/compiler/module-interface-format.md,l1/docs/decisions/0018-canonical-artifact-association-and-module-graph.md,Directly covered,Yes,One atomic historical event.
DEA-CANON-0593,"A selected interface is authoritative: unreadable, malformed, invalid-UTF-8, or identity-mismatched interfaces fail without source fallback.",Frontend architecture,,L1 Stage 1,Retained,Yes,DEA-DEC-0615,,,L1 | L1 Stage 1,l1/docs/reference/architecture.md | l1/docs/specs/compiler/module-interface-format.md,l1/docs/decisions/0018-canonical-artifact-association-and-module-graph.md,Directly covered,Yes,One atomic historical event.
DEA-CANON-0594,Strict interface resolution reports a missing-interface error for every non-virtual imported module.,Frontend architecture,,L1 Stage 1,Retained,Yes,DEA-DEC-0616,,,L1 | L1 Stage 1,l1/docs/reference/architecture.md,l1/docs/decisions/0018-canonical-artifact-association-and-module-graph.md,Covered as part of a broader ADR,Yes,One atomic historical event.
DEA-CANON-0595,"When interface resolution permits source fallback and finds no interface, the resolver selects source under the existing source-root precedence and schedules it as a module-graph node.",Frontend architecture,,L1 Stage 1,Retained,Yes,DEA-DEC-0617,,,L1 | L1 Stage 1,l1/docs/reference/architecture.md,l1/docs/decisions/0018-canonical-artifact-association-and-module-graph.md,Covered as part of a broader ADR,Yes,One atomic historical event.
DEA-CANON-0596,Compiler-synthesized prelude modules remain virtual and require no `.l1m` or object artifact.,Frontend architecture,,L1,Retained,Yes,DEA-DEC-0618,DEA-REL-0018,,L1,l1/docs/reference/architecture.md,l1/docs/decisions/0018-canonical-artifact-association-and-module-graph.md,Covered as part of a broader ADR,Yes,One atomic historical event.
DEA-CANON-0597,"One module-graph node represents one canonical module with exactly one selected source, interface, supplied-registry, or virtual origin.",Frontend architecture,,L1 Stage 1,Retained,Yes,DEA-DEC-0619,DEA-REL-0019,,L1 | L1 Stage 1,l1/docs/reference/architecture.md,l1/docs/decisions/0018-canonical-artifact-association-and-module-graph.md,Directly covered,Yes,One atomic historical event.
DEA-CANON-0598,"Source nodes preserve direct imports in exact declaration order, including duplicates and imports used only for side effects.",Frontend architecture,,L1 Stage 1,Retained,Yes,DEA-DEC-0620,,,L1 | L1 Stage 1,l1/docs/reference/architecture.md | l1/docs/specs/compiler/module-interface-format.md,l1/docs/decisions/0018-canonical-artifact-association-and-module-graph.md,Directly covered,Yes,One atomic historical event.
DEA-CANON-0599,"Interface `require` denotes a public-surface semantic dependency, while `link` denotes an implementation-only graph obligation that exposes no provider names.",Semantic analysis,,L1,Retained,Yes,DEA-DEC-0621,,,L1,l1/docs/specs/compiler/module-interface-format.md,l1/docs/decisions/0018-canonical-artifact-association-and-module-graph.md,Directly covered,Yes,One atomic historical event.
DEA-CANON-0600,"Emitted dependency manifests are sorted and deduplicated by provider symbol, and `require` dominates `link` for a symbol present in both.",ABI and linking,,L1,Retained,Yes,DEA-DEC-0623,,,L1,l1/docs/specs/compiler/module-interface-format.md,l1/docs/decisions/0018-canonical-artifact-association-and-module-graph.md,Covered as part of a broader ADR,Yes,One atomic historical event.
DEA-CANON-0601,Every dependency record naming one provider repeats that provider's whole-module fingerprint; no per-symbol compatibility hash is computed.,ABI and linking,,L1,Retained,Yes,DEA-DEC-0624,,,L1,l1/docs/specs/compiler/module-interface-format.md,l1/docs/decisions/0018-canonical-artifact-association-and-module-graph.md | l1/docs/decisions/0019-whole-module-interface-fingerprints.md,Directly covered,Yes,One atomic historical event.
DEA-CANON-0602,Source and interface cycles share the complete canonical module-chain diagnostic policy; cache hits are not cycles and failed nodes never become resolved.,Frontend architecture,,L1 Stage 1,Retained,Yes,DEA-DEC-0625,,,L1 | L1 Stage 1,l1/docs/reference/architecture.md,l1/docs/decisions/0018-canonical-artifact-association-and-module-graph.md,Covered as part of a broader ADR,Yes,One atomic historical event.
DEA-CANON-0603,"Semantic types are finalized after source signature resolution so nested wrappers, nominal kinds, and source/interface transparent aliases materialize against the complete provider set.",Semantic analysis,,L1 Stage 1,Retained,Yes,DEA-DEC-0626,,,L1 Stage 1,l1/docs/reference/architecture.md,l1/docs/decisions/0014-module-interface-artifact.md,Covered as part of a broader ADR,Yes,One atomic historical event.
DEA-CANON-0604,"An interface public surface is valid only against its transitive semantic closure: interface nodes traverse `require`, source nodes traverse direct imports, and `link` never grants surface visibility.",Semantic analysis,,L1 Stage 1,Retained,Yes,DEA-DEC-0627,,,L1 Stage 1,l1/docs/specs/compiler/module-interface-format.md,l1/docs/decisions/0018-canonical-artifact-association-and-module-graph.md,Covered as part of a broader ADR,Yes,One atomic historical event.
DEA-CANON-0605,"Each separately compiled Dea object embeds enough module identity, interface, import, lifecycle, and entry metadata for standalone validation without reopening `.l1m` files.",ABI and linking,,L1,Retained,Yes,DEA-DEC-0628,,,L1,l1/docs/specs/compiler/abi.md,l1/docs/decisions/0021-portable-object-metadata-and-inspection.md,Directly covered,Yes,One atomic historical event.
DEA-CANON-0606,Object metadata is emitted as two external C99 `const uint8_t` arrays named by reserved LBI terminals `I8metadata` and `I7imports`.,ABI and linking,,L1,Retained,Yes,DEA-DEC-0629,,,L1,l1/docs/specs/compiler/abi.md,l1/docs/decisions/0021-portable-object-metadata-and-inspection.md,Directly covered,Yes,One atomic historical event.
DEA-CANON-0607,"Both metadata records use a fixed 16-byte little-endian envelope with `DEAL1OBJ` magic, version, record kind, and payload length.",ABI and linking,,L1,Retained,Yes,DEA-DEC-0630,,,L1,l1/docs/specs/compiler/abi.md,l1/docs/decisions/0021-portable-object-metadata-and-inspection.md,Directly covered,Yes,One atomic historical event.
DEA-CANON-0608,"The identity record contains module name, raw whole-module fingerprint, and the `HAS_ENTRY` flag.",ABI and linking,,L1,Retained,Yes,DEA-DEC-0631,,,L1,l1/docs/specs/compiler/abi.md,l1/docs/decisions/0021-portable-object-metadata-and-inspection.md,Directly covered,Yes,One atomic historical event.
DEA-CANON-0609,"The imports record contains each unique direct non-virtual provider once, in first source-import order, including side-effect-only imports.",ABI and linking,,L1,Retained,Yes,DEA-DEC-0632,,,L1,l1/docs/specs/compiler/abi.md,l1/docs/decisions/0021-portable-object-metadata-and-inspection.md,Directly covered,Yes,One atomic historical event.
DEA-CANON-0610,Metadata format version 1 stores raw SipHash-1-3 digests; supporting another fingerprint algorithm requires a new metadata version.,ABI and linking,,L1,Retained,Yes,DEA-DEC-0633,,,L1,l1/docs/specs/compiler/abi.md,l1/docs/decisions/0021-portable-object-metadata-and-inspection.md,Directly covered,Yes,One atomic historical event.
DEA-CANON-0611,Both metadata arrays are retained by volatile byte reads from the always-present module `I4init` function.,ABI and linking,,L1,Retained,Yes,DEA-DEC-0634,,,L1,l1/docs/specs/compiler/abi.md,l1/docs/decisions/0021-portable-object-metadata-and-inspection.md,Directly covered,Yes,One atomic historical event.
DEA-CANON-0612,"Object inspection returns exactly one metadata classification: valid Dea metadata, no Dea metadata, or malformed Dea metadata.",ABI and linking,,L1 Stage 1,Retained,Yes,DEA-DEC-0635,,,L1 | L1 Stage 1,l1/docs/reference/architecture.md,l1/docs/decisions/0021-portable-object-metadata-and-inspection.md,Directly covered,Yes,One atomic historical event.
DEA-CANON-0613,`NoDeaMetadata` requires a supported relocatable object with neither metadata symbols nor any external normalized `__dea` definition.,ABI and linking,,L1 Stage 1,Retained,Yes,DEA-DEC-0636,,,L1 | L1 Stage 1,l1/docs/reference/architecture.md,l1/docs/decisions/0021-portable-object-metadata-and-inspection.md,Directly covered,Yes,One atomic historical event.
DEA-CANON-0614,"File access, unsupported-container, and corrupt-container failures remain object-read errors outside the metadata tri-state.",Diagnostics and recovery,,L1 Stage 1,Retained,Yes,DEA-DEC-0637,,,L1 | L1 Stage 1,l1/docs/reference/architecture.md,l1/docs/decisions/0021-portable-object-metadata-and-inspection.md,Covered as part of a broader ADR,Yes,One atomic historical event.
DEA-CANON-0615,"L1 inspects relocatable ELF, Mach-O, and PE/COFF files with bounded in-repository readers rather than invoking host tools.",Portability,,L1 Stage 1,Retained,Yes,DEA-DEC-0638,,,L1 | L1 Stage 1,l1/docs/reference/architecture.md,l1/docs/decisions/0021-portable-object-metadata-and-inspection.md,Directly covered,Yes,One atomic historical event.
DEA-CANON-0616,"Object symbol normalization is format- and architecture-specific and removes only enumerated ABI prefixes, never fuzzy suffixes or arbitrary leading characters.",Portability,,L1 Stage 1,Retained,Yes,DEA-DEC-0639,,,L1 | L1 Stage 1,l1/docs/reference/architecture.md,l1/docs/decisions/0021-portable-object-metadata-and-inspection.md,Covered as part of a broader ADR,Yes,One atomic historical event.
DEA-CANON-0617,"Valid Dea metadata requires identity/import pairing, supported version and flags, canonical consistent identity, lifecycle symbols, and entry-flag agreement.",ABI and linking,,L1 Stage 1,Retained,Yes,DEA-DEC-0640,,,L1 | L1 Stage 1,l1/docs/specs/compiler/abi.md,l1/docs/decisions/0021-portable-object-metadata-and-inspection.md,Directly covered,Yes,One atomic historical event.
DEA-CANON-0618,"A metadata-free foreign object has no module identity, fingerprint obligation, dependency edge, lifecycle participation, or entry eligibility; process-level C `main` is reported separately.",ABI and linking,,L1,Retained,Yes,DEA-DEC-0641,,,L1,l1/docs/reference/architecture.md,l1/docs/decisions/0021-portable-object-metadata-and-inspection.md,Covered as part of a broader ADR,Yes,One atomic historical event.
