record_type,path,date,title,kind,repository_area,scope,stage,subsystem,final_status,decision_count,notes
Plan,l0/work/plans/bug-fixes/closed/2026-02-15-arc-bug-fixes-noref.md,2026-02-14,Fix ARC leaks for temporaries and discarded results in Stage 1 backend,Bug Fix,L0,L0 Stage 1,Stage 1,Backend code generation / ARC,Closed (fixed),2,Final audited decision count: 2. The metadata date is one day earlier than the filename date. The plan establishes an ARC-temporary lifetime rule and a borrowed-parameter strategy that was later superseded.
Plan,l0/work/plans/features/closed/2026-02-14-stage2-parser-specification-noref.md,2026-02-14,Stage 2 Parser Specification,Feature,L0,L0 Stage 2,Stage 2,Frontend parser,Implemented,4,"Final audited decision count: 4. Defines the Stage 2 parser's parity boundary, AST storage architecture, phase responsibility, and result ownership. Port milestones and test lists are not counted."
Plan,l0/work/plans/tools/closed/2026-02-16-trace-log-analyzer.md,2026-02-14,Implement Stage 2 trace log analyzer for runtime issue detection,Tool,L0,L0 Stage 2,Stage 2,Trace tooling,Closed (implemented),1,Final audited decision count: 1. The metadata date is two days earlier than the filename date. Detailed parsing checks are implementation mechanics; the standalone-input and failure-policy contracts are counted. Global reconciliation removed 1 repeated or non-architectural candidate event(s).
Plan,l0/work/plans/bug-fixes/closed/2026-02-17-arc-return-expression-temp-cleanup-noref.md,2026-02-17,Fix leaked ARC temporaries materialized while emitting return expressions,Bug Fix,L0,L0 Stage 1,Stage 1,Backend code generation / ARC,Closed,0,"Final audited decision count: 0. The return-emission reorder is a correction mechanically required by the already-counted ARC-temporary lifetime contract, not a new architectural choice."
Plan,l0/work/plans/bug-fixes/closed/2026-02-17-missing-cleanup-when-try-fails-in-with-noref.md,2026-02-17,Fix missing cleanup when `?` fails in `with` header initializers,Bug Fix,L0,L0 Stage 1,Stage 1,Backend code generation / type checking / `with`,Closed (fixed),2,"Final audited decision count: 2. Separates the language cleanup contract, nullable-header lowering, and the static safety restriction for possibly uninitialized non-nullable bindings. Global reconciliation removed 1 repeated or non-architectural candidate event(s)."
Plan,l0/work/plans/refactors/closed/2026-02-18-stage2-parser-module-split.md,2026-02-18,Split Stage 2 parser into internal modules while preserving `import parser` API,Refactor,L0,L0 Stage 2,Stage 2,Frontend parser,Closed (implemented),2,Final audited decision count: 2. Counts the stable parser facade and the then-current single-error public API. The exact extraction sequence and file list are not decisions.
Plan,l0/work/plans/refactors/closed/2026-02-19-l0c-cli-global-mode-flags.md,2026-02-19,Replace `l0c` subcommand parser with global mode flags and a simple legacy command shim,Refactor,L0,L0 Stage 1,Stage 1,Compiler CLI,Closed (implemented),9,Final audited decision count: 9. Public CLI choices are split atomically. The legacy shim and original `-I` meaning are historical; the rest largely survive in the current shared CLI contract.
Plan,l0/work/plans/features/closed/2026-02-24-stage2-driver-l0c-port-syntax-plumbing-noref.md,2026-02-24,Port Stage 2 driver and `l0c` command-line tool with syntax-check and token-dump modes,Feature,L0,L0 Stage 2,Stage 2,Driver / compiler CLI,Implemented (2026-02-25),1,Final audited decision count: 1. Most items are mechanical Stage 1 parity or temporary milestone capability limits. The intentional rejection of the Stage 1 legacy command-word shim is the independent decision.
Plan,l0/work/plans/refactors/closed/2026-02-24-stage-independent-shared-assets-layout-noref.md,2026-02-24,Relocate Stage 1-owned stdlib/runtime assets into stage-independent shared directories and update all path defaults,Refactor,L0,L0,Stage 1/2,Compiler asset layout / environment defaults,Closed (implemented),2,"Final audited decision count: 2. Counts the shared asset boundary, the one-time hard cut, and the canonical compiler-home interpretation separately. Global reconciliation removed 1 repeated or non-architectural candidate event(s)."
Plan,l0/work/plans/refactors/closed/2026-02-24-stage2-lexer-parser-diag-unification.md,2026-02-24,Refactor Stage 2 lexer and parser to use `util.diag` with parser multi-diagnostic collection,Refactor,L0,L0 Stage 2,Stage 2,Lexer / parser / diagnostics,Closed (implemented),5,Final audited decision count: 5. Captures both retained diagnostic API choices and historical recovery/transport choices later replaced by statement recovery and logical lexer-error wrapper tokens.
Plan,l0/work/plans/refactors/closed/2026-02-24-stage2-util-stdlib-lift.md,2026-02-24,Move reusable Stage 2 util modules into Stage 1 stdlib and hard-cut Stage 2 imports to `std.*`,Refactor,L0,L0,Stage 1/2,Standard library / Stage 2 infrastructure,Closed (implemented),4,Final audited decision count: 4. The decisions concern durable public-vs-compiler module boundaries and dependency constraints; the mechanical import migration is not counted.
Plan,l0/work/plans/bug-fixes/closed/2026-02-25-arc-opt-as-string-unwrap-ownership-noref.md,2026-02-25,Stabilize Stage 1 ownership lowering for `string?` unwrap (`opt as string`),Bug Fix,L0,L0 Stage 1,Stage 1,Backend code generation / ARC,Closed (fixed),1,Final audited decision count: 1. The non-consuming ownership semantics are counted once; retain gating and temp suppression are required lowering consequences.
Plan,l0/work/plans/bug-fixes/closed/2026-02-25-stdio-stale-errno-io-wrappers-noref.md,2026-02-25,Remove stale-`errno` gating from `std.io` success/failure classification,Bug Fix,L0,L0,Shared L0 stdlib,Standard library I/O / runtime boundary,Closed (fixed),1,Final audited decision count: 1. Establishes the authoritative error channel at the stdlib/runtime boundary.
Plan,l0/work/plans/refactors/closed/2026-02-25-stage2-driver-state-source-cache-noref.md,2026-02-25,Unify `DriverResult` into `DriverState` with embedded source cache,Refactor,L0,L0 Stage 2,Stage 2,Driver,Closed (implemented),0,Final audited decision count: 0. A local API simplification and cache optimization explicitly described as having no behavioral change; it does not cross the architectural threshold.
Plan,l0/work/plans/bug-fixes/closed/2026-02-27-stage1-backend-mixed-int-byte-binary-ice-1014-noref.md,2026-02-27,Align Stage 1 backend binary-op lowering with typechecker mixed numeric semantics,Bug Fix,L0,L0,Stage 1,Type system / backend code generation,Closed (fixed),1,"Final audited decision count: 1. Counts the reaffirmed mixed numeric compatibility rule, not the ICE root cause or tests."
Plan,l0/work/plans/bug-fixes/closed/2026-02-27-with-cleanup-drop-false-positive-noref.md,2026-02-27,Fix false use-after-drop error for variables dropped in `with` cleanup clause,Bug Fix,L0,L0,Stage 1,Type checker / `with` scope semantics,Closed (fixed),1,Final audited decision count: 1. The reorder itself follows existing LIFO cleanup semantics; the independently durable header-binding scope rule is counted.
Plan,l0/work/plans/features/closed/2026-02-27-stdlib-string-conversions-noref.md,2026-02-27,"Unify base-digit helpers, move decimal int parsing to `std.text`, and add builtin bool/byte conversions",Feature,L0,L0,Shared L0 stdlib,Standard library string/text conversions,Implemented (2026-02-27),5,"Final audited decision count: 5. Public helper behavior is grouped by independently selectable conversion contract, not by function or implementation phase."
Plan,l0/work/plans/features/closed/2026-02-27-stdlib-string-text-split-helpers-noref.md,2026-02-27,"Add `is_empty_s`/`find_last_s`, standard split/line/join/replace helpers, and document `trim_s`",Feature,L0,L0,Shared L0 stdlib,Standard library string/text operations,Implemented (2026-02-27),7,"Final audited decision count: 7. The explicit public behavior section is split into atomic separator, line-ending, empty-input, terminal-newline, replacement-order, and invalid-pattern choices."
Plan,l0/work/plans/features/closed/2026-02-27-stdlib-time-interface-noref.md,2026-02-27,"Add one-call time snapshots, UTC/local date breakdown, and monotonic duration helpers",Feature,L0,L0,Shared L0 stdlib/runtime,Standard library time / runtime ABI,Implemented (2026-02-27),8,Final audited decision count: 8. The plan has an explicit behavior-and-design section. Temporary v1 omissions such as sleep and formatting APIs are not counted.
Plan,l0/work/plans/refactors/closed/2026-02-27-remove-drop-workarounds-noref.md,2026-02-27,Remove workarounds for `drop` in `with` clauses,Refactor,L0,L0,Stage 1/2,Ownership semantics / parser / standard library,Closed (implemented),1,Final audited decision count: 1. The wrapper deletions are mechanics; the durable nullable-pointer `drop` contract is counted.
Plan,l0/work/plans/bug-fixes/closed/2026-02-28-stage1-backend-loop-continue-arc-release-uninitialized-noref.md,2026-02-28,Fix Stage 1 loop lowering that emits ARC cleanup for a local not initialized on `continue` paths,Bug Fix,L0,L0 Stage 1,Stage 1,Backend control flow / ARC,Closed (fixed),4,"Final audited decision count: 4. Counts the path-sensitive ownership invariant and the distinct cleanup boundaries for `for` continue, `for` break, and `while` exits."
Plan,l0/work/plans/features/closed/2026-02-28-stage2-semantic-foundation-milestone-noref.md,2026-02-28,Stage 2 semantic foundation milestone,Feature,L0,L0 Stage 2,Stage 2,Semantic analysis,Implemented (2026-02-28),4,"Final audited decision count: 4. Mechanical Stage 1 parity is not recounted. The ledger records the semantic data model, owning aggregate, resolver ordering, narrow top-level inference rule, and `--check` phase boundary. Global reconciliation removed 3 repeated or non-architectural candidate event(s)."
Plan,l0/work/plans/refactors/closed/2026-02-28-trace-source-location.md,2026-02-28,Enhance ARC and Memory tracing with L0 call-site location reporting,Refactor,L0,L0,Runtime / compiler shared,Runtime tracing / C emission / trace analysis,Closed (implemented),2,Final audited decision count: 2. Separates the trace artifact contract from the macro-based compiler/runtime capture mechanism.
Plan,l0/work/plans/features/closed/2026-03-01-stage2-expression-type-checking-milestone.md,2026-03-01,Stage 2 expression type checking milestone,Feature,L0,L0 Stage 2,L0 Stage 2,Frontend semantics,Implemented (2026-03-01),0,Final audited decision count: 0. The feature work is a mechanical Stage 1 port; only the explicit Stage 1-oracle rule is architectural. Global reconciliation removed 1 repeated or non-architectural candidate event(s).
Plan,l0/work/plans/refactors/closed/2026-03-01-stage1-diagnostics.md,2026-03-01,Unified Stage 1 Diagnostics Collector and Full Error Recovery,Refactor,L0,L0 Stage 1,L0 Stage 1,Lexer / parser / driver / CLI,Closed (implemented),3,"Final audited decision count: 3. Settles collector ownership, recovery boundaries, and the parse-to-semantics barrier."
Plan,l0/work/plans/tools/closed/2026-03-02-doxygen-mcss-docs-system.md,2026-03-02,"Integrated Doxygen + m.css documentation system with generated HTML, Markdown, and LaTeX output",Feature,L0,Repository/tooling,Repository/tooling,Documentation generation,Implemented,3,Final audited decision count: 3. A dense explicit decision record; presentation-only tweaks were excluded. Global reconciliation removed 5 repeated or non-architectural candidate event(s).
Plan,l0/work/plans/tools/closed/2026-03-04-release-oriented-docs-publishing-automation-noref.md,2026-03-04,"Release-oriented automation for publishing generated HTML, Chirpy-integrated Markdown, and PDF API documentation",Feature,L0,Repository/tooling,Repository/tooling,Documentation / CI,Implemented,5,Final audited decision count: 5. The direct cross-repository synchronization decision was later superseded.
Plan,l0/work/plans/features/closed/2026-03-06-explicit-cast-constant-safety-diagnostics-noref.md,2026-03-06,Add compile-time diagnostics for provably-invalid explicit casts (`int -> byte` overflow and constant-null pointer unwrap),Feature,L0,L0 Stage 1,L0 Stage 1,Type checking / cast semantics,Closed (implemented),2,"Final audited decision count: 2. Counts the two independently chosen compile-time rejection rules, not diagnostic wording or codes."
Plan,l0/work/plans/features/closed/2026-03-08-l0-cflags-c-compiler-options-noref.md,2026-03-08,"Support `L0_CFLAGS` in Stage 1 and Stage 2 CLI plumbing, merged with `--c-options`",Feature,L0,L0,L0 Stage 1 and Stage 2,CLI / host-C option resolution,Closed (implemented),4,Final audited decision count: 4. Contains an explicit final policy section with four durable option-resolution choices.
Plan,l0/work/plans/features/closed/2026-03-09-stage2-backend-c-emitter-milestone.md,2026-03-09,Stage 2 backend and C emitter milestone,Feature,L0,L0 Stage 2,L0 Stage 2,Backend / C emission / CLI --gen,Implemented (2026-03-09),3,Final audited decision count: 3. Mechanical lowering ports were excluded; parity-oracle and backend-boundary choices remain. Global reconciliation removed 1 repeated or non-architectural candidate event(s).
Plan,l0/work/plans/features/closed/2026-03-09-stdlib-runtime-fs-path-raw-io-bootstrap-noref.md,2026-03-09,"Add shared stdlib/runtime bootstrap APIs for filesystem helpers, path utilities, file metadata, and safe raw byte stdio",Feature,L0,L0,L0 Stage 1 and Stage 2,Standard library / runtime,Closed (implemented),14,Final audited decision count: 14. The reopened plan explicitly replaces its earlier raw std.io direction with a safe/unsafe boundary.
Plan,l0/work/plans/bug-fixes/closed/2026-03-10-stage2-source-paths-l0-home-fallback-noref.md,2026-03-10,Restore Stage 2 source-root defaulting parity with Stage 1 by honoring the `L0_HOME/shared/l0/stdlib` fallback,Bug Fix,L0,L0 Stage 2,L0 Stage 2,Driver / source path resolution,Closed (fixed),1,Final audited decision count: 1. Records the durable source-root precedence restored by the fix.
Plan,l0/work/plans/features/closed/2026-03-10-stage2-build-run-driver-milestone.md,2026-03-10,Implement Stage 2 `l0c --build` and `--run` on top of the Stage 2 backend,Feature,L0,L0 Stage 2,L0 Stage 2,Driver / CLI / host compiler invocation,Implemented (2026-03-10),4,Final audited decision count: 4. Existing Stage 1 CLI behavior ported mechanically was not recounted. Global reconciliation removed 1 repeated or non-architectural candidate event(s).
Plan,l0/work/plans/tools/closed/2026-03-09-stage2-bootstrap-compiler-artifact-noref.md,2026-03-10,"Bootstrap, Make workflow, and installable Stage 2 toolchain",Feature,L0,L0 Stage 2,L0 Stage 2,Bootstrap / build workflow / install layout,Closed (implemented),7,Final audited decision count: 7. Filename date is March 9; metadata date is March 10. Phase mechanics were excluded.
Plan,l0/work/plans/bug-fixes/closed/2026-03-11-general-logical-short-circuit-arc-temp-lowering-noref.md,2026-03-11,Fix general non-control-flow `&&` / `||` lowering that evaluates ARC-producing operands eagerly,Bug Fix,L0,L0,L0 Stage 1 and Stage 2,Backend code generation,Closed (fixed),1,Final audited decision count: 1. Broadens the preceding condition-only lowering rule to all value contexts.
Plan,l0/work/plans/bug-fixes/closed/2026-03-11-stage1-backend-condition-arc-temp-control-flow-noref.md,2026-03-11,Fix Stage 1 control-flow condition lowering that hoists ARC temps out of `if` / `while` / `for` headers,Bug Fix,L0,L0,L0 Stage 1 and Stage 2,Backend code generation,Closed (fixed),1,"Final audited decision count: 1. Establishes the structured, evaluation-point condition-lowering rule."
Plan,l0/work/plans/bug-fixes/closed/2026-03-11-stage2-self-host-parity-fixes-noref.md,2026-03-11,Fix Stage 2 semantic and backend parity bugs blocking self-hosting correctness,Bug Fix,L0,L0 Stage 2,L0 Stage 2,Semantics / parser / backend,Closed (fixed),0,Final audited decision count: 0. All changes restore already-settled Stage 1 rules or retained-C spellings; no new architectural choice.
Plan,l0/work/plans/bug-fixes/closed/2026-03-11-stage2-triple-bootstrap-self-hosting-bug-fixes-noref.md,2026-03-11,Fix Stage 2 self-hosting parity bugs exposed by the triple-bootstrap / triple-compilation regression,Bug Fix,L0,L0 Stage 2,L0 Stage 2,Self-hosting / semantics / C emission,Closed (fixed),0,Final audited decision count: 0. A bug inventory and mechanical parity restoration under a separately settled bootstrap strategy.
Plan,l0/work/plans/features/closed/2026-03-11-triple-bootstrap-self-hosting-noref.md,2026-03-11,Triple-bootstrap / triple-compilation test and Stage 2 self-hosting prerequisites,Feature,L0,L0 Stage 2,L0 Stage 2,Bootstrap / self-hosting validation,Closed (implemented),3,"Final audited decision count: 3. Separates retained-C identity, native identity, and the TCC exception as independently selectable rules."
Plan,l0/work/plans/tools/closed/2026-03-11-windows-build-support.md,2026-03-11,"Windows Build Support (MinGW-w64 Tier 1, MSVC Tier 2)",Feature,L0,L0,L0 Stage 1 and Stage 2,Build workflow / driver / CI,Closed (implemented),3,Final audited decision count: 3. The original MINGW64-default support tier was later superseded by UCRT64-default policy. Global reconciliation removed 1 repeated or non-architectural candidate event(s).
Plan,l0/work/plans/bug-fixes/closed/2026-03-12-stage2-cli-help-usage-parity-noref.md,2026-03-12,Restore Stage 2 `l0c` help and usage output parity without porting Python `argparse`,Bug Fix,L0,L0 Stage 2,L0 Stage 2,CLI / driver,Closed (fixed),0,Final audited decision count: 0. The custom-parser direction repeats the existing CLI contract; help wording and mechanical parity add no new architectural event. Global reconciliation removed 1 repeated or non-architectural candidate event(s).
Plan,l0/work/plans/bug-fixes/closed/2026-03-12-stage2-new-expression-parity-noref.md,2026-03-12,Fix Stage 2 `new` semantic-analysis parity for zero-argument struct allocation and enum-variant heap allocation,Bug Fix,L0,L0 Stage 2,L0 Stage 2,Semantic analysis / typing,Closed (fixed),0,Final audited decision count: 0. Mechanical restoration of pre-existing Stage 1 new-expression semantics.
Plan,l0/work/plans/bug-fixes/closed/2026-03-12-stage2-project-root-parity-noref.md,2026-03-12,Restore Stage 2 project-root selection parity with Stage 1 for path-like entry targets,Bug Fix,L0,L0 Stage 2,L0 Stage 2,CLI / source paths,Closed (fixed),0,Final audited decision count: 0. Mechanical Stage 2 parity correction for an already-settled shared CLI rule.
Plan,l0/work/plans/bug-fixes/closed/2026-03-12-stage2-verbose-parity-noref.md,2026-03-12,"Restore Stage 2 verbose stderr parity for analysis, codegen, build, and run flows",Bug Fix,L0,L0 Stage 2,L0 Stage 2,CLI / driver / analysis / backend,Closed (fixed),0,"Final audited decision count: 0. Logging wording, ordering, and level adjustments are excluded."
Plan,l0/work/plans/bug-fixes/closed/2026-03-12-stage2-with-cleanup-header-predecl-noref.md,2026-03-12,Fix Stage 2 backend lowering for nullable `with`-header lets referenced by cleanup blocks on header `?` failure,Bug Fix,L0,L0 Stage 2,L0 Stage 2,Backend / with lowering,Closed (fixed),0,Final audited decision count: 0. Mechanical Stage 2 port of the established Stage 1 ownership lowering.
Plan,l0/work/plans/features/closed/2026-03-12-cli-version-flag-and-identity-text-noref.md,2026-03-12,Add `--version` and shared compiler identity text for both compiler stages,Feature,L0,L0,L0 Stage 1 and Stage 2,CLI,Closed (implemented),2,Final audited decision count: 2. Separates the version operation from reuse of identity text across public output surfaces.
Plan,l0/work/plans/features/closed/2026-03-12-shared-cli-contract-spec.md,2026-03-12,Define a stable shared CLI contract under `docs/specs/` for Stage 1 and Stage 2 compiler behavior,Feature,L0,Shared L0/L1,Dea compiler stages,CLI / specifications,Closed,2,Final audited decision count: 2. Promotes stage-independent behavior to one normative home and makes deviations explicit.
Plan,l0/work/plans/features/closed/2026-03-12-stage2-build-info-version-output-noref.md,2026-03-12,Embed build-provenance metadata in Stage 2 binaries for `install-dev-stage2` and `install` without perturbing triple-bootstrap stability,Feature,L0,L0 Stage 2,L0 Stage 2,CLI / build tooling / installed artifacts,Closed (implemented),5,"Final audited decision count: 5. Counts public artifact/provenance contracts, not individual field formatting details."
Plan,l0/work/plans/bug-fixes/closed/2026-03-13-linux-c99-compatibility-noref.md,2026-03-13,Fix Linux and strict C99 compatibility bugs blocking host validation and bootstrap checks,Bug Fix,L0,L0,L0 Stage 1 and Stage 2,Runtime / backend / bootstrap,Closed (fixed),3,"Final audited decision count: 3. One runtime failure rule, one emitted-C portability rule, and one bootstrap normalization rule."
Plan,l0/work/plans/bug-fixes/closed/2026-03-13-windows-stage2-shell-test-regressions-noref.md,2026-03-13,"Fix remaining Windows CI Stage 2 test failures caused by missing `.cmd` wrapper `L0_HOME`, `/tmp` path mapping, and missing `win32` platform handling",Bug Fix,L0,L0 Stage 2,L0 Stage 2,Driver / build tooling / tests,Implemented,1,Final audited decision count: 1. Test-path mechanics were excluded; wrapper root derivation and Windows bootstrap identity policy remain. Global reconciliation removed 1 repeated or non-architectural candidate event(s).
Plan,l0/work/plans/refactors/closed/2026-03-13-stdlib-fs-io-boundary-cleanup-noref.md,2026-03-13,"Move path-based file helpers out of `std.io`, add `std.fs::exists`, and remove redundant `rt_file_exists`",Refactor,L0,L0,L0 Stage 1 and Stage 2,Standard library / runtime,Closed (implemented),3,"Final audited decision count: 3. Explicit public module boundary, generic-existence semantics, and hard-cut migration policy."
Plan,l0/work/plans/tools/closed/2026-03-13-linux-ci-workflow.md,2026-03-13,Linux GitHub Actions CI workflow for full validation,Feature,L0,Repository/tooling,Repository/tooling,CI,Closed (implemented),1,Final audited decision count: 1. The initial no-push trigger policy was later superseded. Global reconciliation removed 1 repeated or non-architectural candidate event(s).
Plan,l0/work/plans/tools/closed/2026-03-13-linux-docker-test-workflow.md,2026-03-13,Explicit Linux Docker workflow for repository validation,Feature,L0,Repository/tooling,Repository/tooling,Build workflow / Docker,Closed (implemented),2,Final audited decision count: 2. Captures opt-in Docker policy and delegation to canonical Make targets.
Plan,l0/work/plans/tools/closed/2026-03-13-windows-dev-install-and-prefix-workflow.md,2026-03-13,"Add a usable Windows workflow for `install-dev-*`, `use-dev-*`, and `install`",Feature,L0,L0,L0 Stage 1 and Stage 2,Build workflow / launchers,Closed,2,"Final audited decision count: 2. Defines native activation, alias implementation, and environment ownership. Global reconciliation removed 1 repeated or non-architectural candidate event(s)."
Plan,l0/work/plans/bug-fixes/closed/2026-03-14-stage2-windows-argv-crlf-test-noref.md,2026-03-14,Normalize Windows CRLF output in the Stage 2 argv forwarding shell regression,Bug Fix,L0,L0 Stage 2,L0 Stage 2,Test infrastructure,Implemented,0,Final audited decision count: 0. A narrow test normalization; no durable architectural choice.
Plan,l0/work/plans/bug-fixes/closed/2026-03-14-stage2-windows-relative-run-command-noref.md,2026-03-14,Normalize Windows relative executable tokens before Stage 2 `system()` execution,Bug Fix,L0,L0 Stage 2,L0 Stage 2,Driver / build-run execution,Implemented,0,Final audited decision count: 0. A platform-specific correctness repair to the already-chosen execution path.
Plan,l0/work/plans/bug-fixes/closed/2026-03-14-windows-stage1-make-guidance-noref.md,2026-03-14,Correct the Windows `make use-dev-stage1` guidance to use `scripts\\l0c.cmd` in native shells,Bug Fix,L0,Repository/tooling,Repository/tooling,Developer documentation,Implemented,0,Final audited decision count: 0. Corrects documentation to then-current behavior; no new direction.
Plan,l0/work/plans/features/closed/2026-03-14-stage2-final-cli-parity-milestone.md,2026-03-14,Implement the remaining Stage 2 public CLI parity gap (`--ast`) and close the Stage 2 parity milestone,Feature,L0,L0 Stage 2,L0 Stage 2,CLI / AST inspection,Implemented,0,Final audited decision count: 0. Mechanical implementation of the shared --ast contract and Stage 1 traversal behavior.
Plan,l0/work/plans/tools/closed/2026-03-14-stage2-run-tests-target-selection-noref.md,2026-03-14,Add direct Stage 2 test-name selection and per-test wall-clock timing to `run_tests.py`,Tool,L0,Repository/tooling,Repository/tooling,Test runner,Implemented,0,Final audited decision count: 0. Local test-runner convenience behavior is below the architectural threshold.
Plan,l0/work/plans/tools/closed/2026-03-14-windows-readme-addendum-noref.md,2026-03-14,"Add a root-level Windows addendum for shell usage, launcher layout, and install workflows",Feature,L0,Repository/tooling,Repository/tooling,Documentation / developer workflow,Implemented,0,Final audited decision count: 0. Consolidates existing behavior without choosing new architecture.
Plan,l0/work/plans/tools/closed/2026-03-15-stage2-dist-target.md,2026-03-15,Add `make dist` and `make test-dist` for relocatable Stage 2 packaging,Feature,L0,L0,L0 Stage 2,Distribution packaging,Closed (implemented),3,"Final audited decision count: 3. Defines one relocatable contract, host archive formats, and a stable archive layout/naming surface."
Plan,l0/work/plans/tools/closed/2026-03-16-github-release-workflow-noref.md,2026-03-16,Add tag-triggered GitHub Release workflow with multi-platform binary archives,Feature,L0,L0,L0 Stage 2,CI / distribution / release management,Implemented,8,Final audited decision count: 8. Several historical release choices were later superseded by level-prefixed semantic-version tags and curated release bodies. Global reconciliation removed 1 repeated or non-architectural candidate event(s).
Plan,l0/work/plans/bug-fixes/closed/2026-03-17-darwin-arm64-triple-bootstrap-native-mismatch-noref.md,2026-03-17,Darwin arm64 triple-bootstrap native mismatch,Bug Fix,L0,L0 Stage 2,L0 Stage 2,Bootstrap / self-hosting,Closed (fixed),1,Final audited decision count: 1. Refines the native identity contract through platform normalization while retaining strict C identity.
Plan,l0/work/plans/features/closed/2026-03-17-runtime-string-perf.md,2026-03-17,Fix memory/string performance bottlenecks causing Stage 2 slowness,Feature,L0,L0,L0 Stage 1 and Stage 2,Runtime / standard library / codegen,Closed (implemented),0,"Final audited decision count: 0. The candidate hot-path data-movement choices were judged replaceable performance implementation details, so no durable architectural event remains. Global reconciliation removed 2 repeated or non-architectural candidate event(s)."
Plan,l0/work/plans/tools/closed/2026-03-20-github-workflows-current-state-noref.md,2026-03-20,Document the current GitHub workflow set,Tool,L0,Repository/tooling,Repository/tooling,GitHub Actions,Closed (implemented),0,Final audited decision count: 0. Explicitly retrospective inventory; it restates prior decisions.
Plan,l0/work/plans/bug-fixes/closed/2026-03-21-chirpy-blog-export-link-target-parity-noref.md,2026-03-21,Fix Chirpy blog export fragment-target mismatches and operational defaults for the API sync workflow,Bug Fix,L0,Repository/tooling,Repository/tooling,Documentation / blog export,Closed,2,Final audited decision count: 2. Counts publication opt-in and canonical-surface ownership; fragment rewrites are mechanics.
Plan,l0/work/plans/bug-fixes/closed/2026-03-21-l0-docgen-declaration-fidelity-noref.md,2026-03-21,Restore faithful L0 declaration rendering in generated API docs,Bug Fix,L0,Repository/tooling,Repository/tooling,Documentation generation,Closed,0,Final audited decision count: 0. Chooses original L0 source as the declaration authority with XML fallback. Global reconciliation removed 1 repeated or non-architectural candidate event(s).
Plan,l0/work/plans/bug-fixes/closed/2026-03-21-latex-detail-signature-block-parity-noref.md,2026-03-21,Make PDF detail-signature normalization robust across Doxygen LaTeX variants,Bug Fix,L0,Repository/tooling,Repository/tooling,Documentation generation,Closed,0,Final audited decision count: 0. Robustness fix to an already-chosen LaTeX normalizer.
Plan,l0/work/plans/bug-fixes/closed/2026-03-21-latex-documented-function-signature-parity-noref.md,2026-03-21,Restore L0 function signatures in PDF detail sections for documented members,Bug Fix,L0,Repository/tooling,Repository/tooling,Documentation generation,Closed,0,Final audited decision count: 0. Source-location recovery mechanics under an existing fidelity rule.
Plan,l0/work/plans/bug-fixes/closed/2026-03-21-latex-enum-summary-parity-noref.md,2026-03-21,Remove broken Doxygen enum payload dumps from PDF summary lists,Bug Fix,L0,Repository/tooling,Repository/tooling,Documentation generation,Closed,0,Final audited decision count: 0. A narrow PDF presentation correction.
Plan,l0/work/plans/bug-fixes/closed/2026-03-21-latex-member-id-fallback-parity-noref.md,2026-03-21,Recover L0 PDF detail signatures when XML and LaTeX member ids diverge,Bug Fix,L0,Repository/tooling,Repository/tooling,Documentation generation,Closed,0,Final audited decision count: 0. Implementation fallback for an existing source-fidelity decision.
Plan,l0/work/plans/tools/closed/2026-03-21-undocumented-functions-report-noref.md,2026-03-21,Generate and surface undocumented-function reports during documentation builds,Tool,L0,Repository/tooling,Repository/tooling,Documentation / CI,Closed,0,Final audited decision count: 0. Settles whether undocumented functions fail strict docs validation. Global reconciliation removed 1 repeated or non-architectural candidate event(s).
Plan,l0/work/plans/bug-fixes/closed/2026-03-22-stage2-null-statement-parity-noref.md,2026-03-22,Fix Stage 2 backend parity for statement-position `null` lowering and add null-form golden coverage,Bug Fix,L0,L0 Stage 2,L0 Stage 2,Backend / null lowering,Closed (fixed),0,Final audited decision count: 0. Mechanical retained-C parity correction.
Plan,l0/work/plans/refactors/closed/2026-03-22-backend-emitter-boundary-cleanup-noref.md,2026-03-22,Move backend-owned C fragments behind emitter helpers in Stage 1 and Stage 2,Refactor,L0,L0,L0 Stage 1 and Stage 2,Backend / C emitter,Closed (implemented),1,Final audited decision count: 1. An explicit target-boundary section distinguishes semantic policy from C spelling. Global reconciliation removed 1 repeated or non-architectural candidate event(s).
Plan,l0/work/plans/tools/closed/2026-03-22-release-pdf-upload-automation-noref.md,2026-03-22,Extract reusable docs-build workflow and automate PDF upload to tag-triggered releases,Refactor,L0,Repository/tooling,Repository/tooling,CI / release / documentation,Implemented,0,Final audited decision count: 0. Defines reusable workflow ownership and the PDF release-asset contract. Global reconciliation removed 2 repeated or non-architectural candidate event(s).
Plan,l0/work/plans/tools/closed/2026-03-23-decouple-chirpy-blog-publishing-noref.md,2026-03-23,Replace direct blog-repo push with release-asset archive and optional `repository_dispatch`,Tool,L0,Repository/tooling,Repository/tooling,CI / documentation publishing,Closed (implemented),3,Final audited decision count: 3. Supersedes direct destination-repository writes with artifact handoff and optional notification.
Plan,l0/work/plans/tools/closed/2026-03-23-shell-to-python-tooling-port-noref.md,2026-03-23,Port build and test shell scripts to Python; keep thin launcher/env pairs,Tool,L0,Repository/tooling,Repository/tooling,Build workflow / test harness,Closed (implemented),2,Final audited decision count: 2. Contains an explicit rule of thumb and preserves Make as the orchestrator.
Plan,l0/work/plans/tools/closed/2026-03-23-stage1-stage2-whole-compiler-codegen-compare-noref.md,2026-03-23,Add an on-demand Stage 1 vs Stage 2 whole-compiler `--gen` comparison script,Tool,L0,L0 Stage 2,L0 Stage 2,Bootstrap / codegen validation,Implemented,0,Final audited decision count: 0. Adds an explicitly on-demand exact parity tier rather than another mandatory suite gate. Global reconciliation removed 1 repeated or non-architectural candidate event(s).
Plan,l0/work/plans/refactors/closed/2026-03-24-monorepo-language-level-layout-noref.md,2026-03-24,"Restructure repository into a monorepo layout supporting Dea/L0, L1, and future language levels",Refactor,L0,Repository/tooling,Dea-wide,Repository layout / build / CI / docs,Implemented,8,Final audited decision count: 8. The plan has eight labeled decisions plus two separable cross-level/shared-extraction rules. Global reconciliation removed 2 repeated or non-architectural candidate event(s).
Plan,l0/work/plans/bug-fixes/closed/2026-03-30-stale-workflow-test-assertions-noref.md,2026-03-30,Fix stale assertions in `test_dist_tools_lib_fallback.py` and `test_release_tag_policy.py`,Bug Fix,L0,Repository/tooling,Repository/tooling,Distribution / workflow tests,Implemented,0,Final audited decision count: 0. Only test expectations were repaired.
Plan,l0/work/plans/bug-fixes/closed/2026-03-30-windows-dist-libwinpthread-dll-dependency-noref.md,2026-03-30,Statically link GCC runtime in Windows dist/install builds to eliminate `libwinpthread-1.dll` dependency,Bug Fix,L0,L0,L0 Stage 2,Distribution / build tooling,Implemented,1,Final audited decision count: 1. Adopts a durable standalone-Windows binary linkage policy.
Plan,l0/work/plans/tools/closed/2026-03-30-versioned-blog-pdf-link-noref.md,2026-03-30,Pin blog export PDF link to the release asset and display version on tab page,Tool,L0,Repository/tooling,Repository/tooling,Documentation publishing,Closed (implemented),0,Final audited decision count: 0. Defines version-pinned release documentation with a Pages fallback. Global reconciliation removed 1 repeated or non-architectural candidate event(s).
Plan,l0/work/plans/bug-fixes/closed/2026-03-31-msys2-mingw64-dev-environment-test-failures-noref.md,2026-03-31,Fix Stage 2 test failures under MSYS2 MINGW64 with MinGW Python,Bug Fix,L0,L0,L0 Stage 1 and Stage 2,Portability / emitted C / runtime,Closed,1,Final audited decision count: 1. Test-environment repairs were excluded; generated-C path normalization and portable time-zone logic remain. Global reconciliation removed 1 repeated or non-architectural candidate event(s).
Plan,l0/work/plans/tools/closed/2026-03-31-windows-ci-msys2-mingw-python-noref.md,2026-03-31,Expand Windows CI and documentation for MSYS2 UCRT64 and MINGW64 developer environments,Tool,L0,Repository/tooling,Repository/tooling,CI / Windows support,Closed (implemented),2,Final audited decision count: 2. Explicitly chooses Option A and supersedes the original MINGW64-default support posture.
Plan,l0/work/plans/bug-fixes/closed/2026-04-01-stage2-drop-liveness-parity-noref.md,2026-04-01,Restore Stage 2 parity for `drop` diagnostics and dropped-local liveness,Bug Fix,L0,L0,L0 Stage 2,Type Checker,Closed (fixed),0,"Final audited decision count: 0. Reviewed in full. No independent durable architectural choice counted; work is mechanical parity, testing/tooling, audit, diagnostic wording, or local code organization."
Plan,l0/work/plans/bug-fixes/closed/2026-04-01-stage2-return-diagnostic-precision-noref.md,2026-04-01,Distinguish bare `return;` from failed return-expression inference in the Stage 2 type checker,Bug Fix,L0,L0,L0 Stage 2,Type Checker,Closed (fixed),0,"Final audited decision count: 0. Reviewed in full. No independent durable architectural choice counted; work is mechanical parity, testing/tooling, audit, diagnostic wording, or local code organization."
Plan,l0/work/plans/bug-fixes/closed/2026-04-01-stage2-windows-trace-runner-pipe-capture-noref.md,2026-04-01,Remove the Windows-only Stage 2 trace-runner serialization fallback,Bug Fix,L0,L0,L0,Stage 2 test infrastructure / Windows trace capture,Closed (implemented),0,"Final audited decision count: 0. Reviewed in full. No independent durable architectural choice counted; work is mechanical parity, testing/tooling, audit, diagnostic wording, or local code organization."
Plan,work/plans/refactors/closed/2026-04-02-l1-bootstrap-scaffold-noref.md,2026-04-02,"Create the Dea/L1 bootstrap scaffold, root Dea-wide plans tree, and a small shared tooling core",Refactor,Root/shared,Shared L0/L1,Shared L0/L1,Monorepo layout / L1 bootstrap / shared tooling,Implemented,3,Final audited decision count: 3. Reviewed in full; 4 atomic historical architectural decision events extracted. Global reconciliation removed 1 repeated or non-architectural candidate event(s).
Plan,work/plans/tools/closed/2026-04-02-l1-ci-release-line-noref.md,2026-04-02,Define the first L1 CI and release-line workflow policy,Tool,Root/shared,Repository/tooling,Repository/tooling,GitHub Actions / release tagging / monorepo release policy,Closed,3,Final audited decision count: 3. Reviewed in full; 5 atomic historical architectural decision events extracted. Global reconciliation removed 2 repeated or non-architectural candidate event(s).
Plan,l0/work/plans/bug-fixes/closed/2026-04-03-stage2-0310-0311-diagnostic-parity-noref.md,2026-04-03,Restore Stage 2 parity for `let` and assignment mismatch diagnostics,Bug Fix,L0,L0,L0 Stage 2,Type Checker,Closed (fixed),0,"Final audited decision count: 0. Reviewed in full. No independent durable architectural choice counted; work is mechanical parity, testing/tooling, audit, diagnostic wording, or local code organization."
Plan,l0/work/plans/bug-fixes/closed/2026-04-03-stage2-diagnostic-code-parity-audit-noref.md,2026-04-03,Audit and fix remaining Stage 2 diagnostic-code parity drift against Stage 1,Bug Fix,L0,L0,L0 Stage 2,Diagnostics / Type Checker,Closed (fixed),0,"Final audited decision count: 0. Reviewed in full. No independent durable architectural choice counted; work is mechanical parity, testing/tooling, audit, diagnostic wording, or local code organization."
Plan,l0/work/plans/bug-fixes/closed/2026-04-03-stage2-pointer-cast-parity-noref.md,2026-04-03,Restore Stage 2 parity for invalid explicit pointer casts,Bug Fix,L0,L0,L0 Stage 2,Type Checker,Draft,0,Final audited decision count: 0. Located under closed/ but metadata still says Draft. No event counted because it mechanically restores the already-settled Stage 1 cast contract.
Plan,l1/work/plans/bug-fixes/closed/2026-04-03-l1-stage1-pointer-cast-parity-noref.md,2026-04-03,Restore L1 Stage 1 cast validation and mismatch diagnostic parity,Bug Fix,L1,L1,L1 Stage 1,Type Checker,Implemented,0,"Final audited decision count: 0. Reviewed in full. No independent durable architectural choice counted; work is mechanical parity, testing/tooling, audit, diagnostic wording, or local code organization."
Plan,l1/work/plans/features/closed/2026-04-03-dea-virtual-module-noref.md,2026-04-03,Introduce the `dea` virtual prelude module for Stage 1 intrinsic resolution,Feature,L1,L1,L1,Name resolution / type checking / backend / CLI symbols,Implemented,4,Final audited decision count: 4. Reviewed in full; 5 atomic historical architectural decision events extracted. Global reconciliation removed 1 repeated or non-architectural candidate event(s).
Plan,work/plans/bug-fixes/closed/2026-04-03-shared-field-index-diagnostic-parity-noref.md,2026-04-03,Fix shared field-access and indexing diagnostic parity drift in L0 Stage 2 and L1 Stage 1,Bug Fix,Root/shared,Shared L0/L1,Shared L0/L1,Type Checker,Closed,0,"Final audited decision count: 0. Reviewed in full. No independent durable architectural choice counted; work is mechanical parity, testing/tooling, audit, diagnostic wording, or local code organization."
Plan,work/plans/features/closed/2026-04-03-diagnostic-code-catalog-meanings-noref.md,2026-04-03,Expand the shared compiler diagnostic-code catalog with semantic meanings,Feature,Root/shared,Shared L0/L1,Shared L0/L1,Documentation,Closed (implemented),1,Final audited decision count: 1. Reviewed in full; 1 atomic historical architectural decision event extracted.
Plan,work/plans/features/closed/2026-04-03-shared-diagnostic-code-catalog-noref.md,2026-04-03,Add a shared Dea compiler diagnostic-code catalog,Feature,Root/shared,Shared L0/L1,Shared L0/L1,Documentation,Closed (implemented),3,Final audited decision count: 3. Reviewed in full; 3 atomic historical architectural decision events extracted.
Plan,l1/work/plans/features/closed/2026-04-04-l1-dea-c-abi-prefix-migration-noref.md,2026-04-04,Migrate L1 public C ABI names from `l0_*` to `dea_*`,Feature,L1,L1,L1 Stage 1,Runtime / C emitter / generated C ABI / docs,Completed,5,Final audited decision count: 5. Reviewed in full; 5 atomic historical architectural decision events extracted.
Plan,l1/work/plans/features/closed/2026-04-04-l1-float-double-literals-noref.md,2026-04-04,Add L1 float and double types and literals,Feature,L1,L1,L1 Stage 1,Tokens / parser / AST / typing / backend / C emission,Completed,11,Final audited decision count: 11. Reviewed in full; 11 atomic historical architectural decision events extracted.
Plan,l1/work/plans/features/closed/2026-04-04-l1-prefixed-int-literals-noref.md,2026-04-04,Add L1-prefixed integer literals,Feature,L1,L1,L1 Stage 1,Lexer / parser / literal semantics,Completed,3,Final audited decision count: 3. Reviewed in full; 4 atomic historical architectural decision events extracted. Global reconciliation removed 1 repeated or non-architectural candidate event(s).
Plan,l1/work/plans/features/closed/2026-04-04-l1-small-int-builtins-on-dea-abi-noref.md,2026-04-04,"Add `tiny`, `short`, and `ushort` to L1 on the `dea_*` ABI base",Feature,L1,L1,L1 Stage 1,Lexer / parser / typing / C emission / runtime integer helpers,Completed,12,Final audited decision count: 12. Global atomicity review split the joint uint/long/ulong deferral into three independently choosable historical events.
Plan,work/plans/refactors/closed/2026-04-04-docs-work-taxonomy-reorg-noref.md,2026-04-04,"Separate stable documentation from lifecycle work artifacts across root, L0, and L1",Refactor,Root/shared,Shared L0/L1,Shared L0/L1,Documentation taxonomy / work tracking,Closed,3,Final audited decision count: 3. Reviewed in full; 3 atomic historical architectural decision events extracted.
Plan,work/plans/refactors/closed/2026-04-04-stage-runner-scripts-subdirs-noref.md,2026-04-04,Move Stage 2 and L1 Stage 1 Python runner helpers into stage-local `scripts/` subdirectories,Refactor,Root/shared,Shared L0/L1,Shared L0/L1,Test/trace runner layout,Closed,0,"Final audited decision count: 0. Reviewed in full. No independent durable architectural choice counted; work is mechanical parity, testing/tooling, audit, diagnostic wording, or local code organization."
Plan,work/plans/features/closed/2026-04-09-shared-siphash-global-include-noref.md,2026-04-09,Move SipHash to a monorepo-global shared include,Feature,Root/shared,Shared L0/L1,Shared L0/L1,Shared runtime headers / C backend includes / build layout,Closed (will not implement),0,Final audited decision count: 0. Reviewed in full; 2 atomic historical architectural decision events extracted. Global reconciliation removed 2 repeated or non-architectural candidate event(s).
Plan,l1/work/plans/features/closed/2026-04-10-l1-numeric-literal-lexer-groundwork-noref.md,2026-04-10,Establish L1 numeric-literal lexer groundwork,Feature,L1,L1,L1 Stage 1,Lexer / token model / diagnostics / lexer tests,Completed,1,Final audited decision count: 1. Reviewed in full; 2 atomic historical architectural decision events extracted. Global reconciliation removed 1 repeated or non-architectural candidate event(s).
Plan,work/plans/bug-fixes/closed/2026-04-10-shared-case-diagnostic-parity-noref.md,2026-04-10,Restore shared `case` diagnostic parity in self-hosted statement checking,Bug Fix,Root/shared,Shared L0/L1,Shared L0/L1,Statement analysis / Diagnostics,Closed,0,"Final audited decision count: 0. Reviewed in full. No independent durable architectural choice counted; work is mechanical parity, testing/tooling, audit, diagnostic wording, or local code organization."
Plan,work/plans/bug-fixes/closed/2026-04-10-shared-condition-diagnostic-code-parity-noref.md,2026-04-10,Restore shared condition-diagnostic code parity for self-hosted statement checking,Bug Fix,Root/shared,Shared L0/L1,Shared L0/L1,Statement analysis / Diagnostic codes,Closed,0,"Final audited decision count: 0. Reviewed in full. No independent durable architectural choice counted; work is mechanical parity, testing/tooling, audit, diagnostic wording, or local code organization."
Plan,work/plans/bug-fixes/closed/2026-04-10-shared-let-diagnostic-tail-parity-noref.md,2026-04-10,Restore shared `let` diagnostic-tail parity in self-hosted statement checking,Bug Fix,Root/shared,Shared L0/L1,Shared L0/L1,Statement analysis / Local declarations,Closed,0,"Final audited decision count: 0. Reviewed in full. No independent durable architectural choice counted; work is mechanical parity, testing/tooling, audit, diagnostic wording, or local code organization."
Plan,work/plans/bug-fixes/closed/2026-04-10-shared-let-initializer-parity-noref.md,2026-04-10,Restore shared `let` initializer and annotation parity in self-hosted statement checking,Bug Fix,Root/shared,Shared L0/L1,Shared L0/L1,Statement analysis / Local declarations,Closed,0,"Final audited decision count: 0. Reviewed in full. No independent durable architectural choice counted; work is mechanical parity, testing/tooling, audit, diagnostic wording, or local code organization."
Plan,work/plans/bug-fixes/closed/2026-04-10-shared-loop-control-statement-parity-noref.md,2026-04-10,Restore shared `break` / `continue` statement parity in self-hosted statement checking,Bug Fix,Root/shared,Shared L0/L1,Shared L0/L1,Statement analysis / Control Flow / Diagnostics,Closed,0,"Final audited decision count: 0. Reviewed in full. No independent durable architectural choice counted; work is mechanical parity, testing/tooling, audit, diagnostic wording, or local code organization."
Plan,work/plans/bug-fixes/closed/2026-04-10-shared-match-diagnostic-tail-parity-noref.md,2026-04-10,Audit and restore remaining shared enum `match` diagnostic parity after `TYP-0104`,Bug Fix,Root/shared,Shared L0/L1,Shared L0/L1,Type Checker / Diagnostics,Closed,0,"Final audited decision count: 0. Reviewed in full. No independent durable architectural choice counted; work is mechanical parity, testing/tooling, audit, diagnostic wording, or local code organization."
Plan,work/plans/bug-fixes/closed/2026-04-10-shared-match-exhaustiveness-return-path-parity-noref.md,2026-04-10,Fix shared enum `match` exhaustiveness and return-path parity in L0 Stage 2 and L1 Stage 1,Bug Fix,Root/shared,Shared L0/L1,Shared L0/L1,Type Checker / Control Flow,Closed,0,"Final audited decision count: 0. Reviewed in full. No independent durable architectural choice counted; work is mechanical parity, testing/tooling, audit, diagnostic wording, or local code organization."
Plan,work/plans/bug-fixes/closed/2026-04-10-shared-match-pattern-parity-noref.md,2026-04-10,Restore shared `match` scrutinee and arm-pattern typing parity in self-hosted statement checking,Bug Fix,Root/shared,Shared L0/L1,Shared L0/L1,Statement analysis / Match typing,Closed,0,"Final audited decision count: 0. Reviewed in full. No independent durable architectural choice counted; work is mechanical parity, testing/tooling, audit, diagnostic wording, or local code organization."
Plan,work/plans/bug-fixes/closed/2026-04-10-shared-match-qualified-pattern-parity-noref.md,2026-04-10,Restore shared module-qualified `match` pattern parity in self-hosted statement checking,Bug Fix,Root/shared,Shared L0/L1,Shared L0/L1,Statement analysis / Match typing,Closed,0,"Final audited decision count: 0. Reviewed in full. No independent durable architectural choice counted; work is mechanical parity, testing/tooling, audit, diagnostic wording, or local code organization."
Plan,work/plans/bug-fixes/closed/2026-04-10-shared-self-hosted-stage1-statement-parity-audit-noref.md,2026-04-10,Audit remaining self-hosted statement and control-flow parity drift against L0 Stage 1,Bug Fix,Root/shared,Shared L0/L1,Shared L0/L1,Statement analysis / Control Flow / Diagnostics,Closed,0,"Final audited decision count: 0. Reviewed in full. No independent durable architectural choice counted; work is mechanical parity, testing/tooling, audit, diagnostic wording, or local code organization."
Plan,work/plans/bug-fixes/closed/2026-04-10-shared-unreachable-warning-parity-noref.md,2026-04-10,Restore shared unreachable-code warning parity in self-hosted statement checking,Bug Fix,Root/shared,Shared L0/L1,Shared L0/L1,Statement analysis / Control Flow / Warnings,Closed,0,"Final audited decision count: 0. Reviewed in full. No independent durable architectural choice counted; work is mechanical parity, testing/tooling, audit, diagnostic wording, or local code organization."
Plan,work/plans/bug-fixes/closed/2026-04-10-shared-with-cleanup-header-guard-parity-noref.md,2026-04-10,Restore shared `with` cleanup header-failure guard parity in self-hosted statement checking,Bug Fix,Root/shared,Shared L0/L1,Shared L0/L1,Statement analysis / Flow-sensitive diagnostics,Closed,0,"Final audited decision count: 0. Reviewed in full. No independent durable architectural choice counted; work is mechanical parity, testing/tooling, audit, diagnostic wording, or local code organization."
Plan,work/plans/bug-fixes/closed/2026-04-11-shared-diagnostic-code-parity-noref.md,2026-04-11,Restore native L0 Stage 2 and L1 Stage 1 diagnostic-code parity for Dea/L0 v1.0.0,Bug Fix,Root/shared,Shared L0/L1,Shared L0/L1,Diagnostics / Lexer / Driver / Type checking / Test runners,Closed,0,"Final audited decision count: 0. Reviewed in full. No independent durable architectural choice counted; work is mechanical parity, testing/tooling, audit, diagnostic wording, or local code organization."
Plan,work/plans/bug-fixes/closed/2026-04-12-shared-nested-symbol-path-wording-parity-noref.md,2026-04-12,Restore shared nested symbol-path diagnostic wording parity across Python and self-hosted compilers,Bug Fix,Root/shared,Shared L0/L1,Shared L0/L1,Diagnostics / Type resolution / Expression typing / Shared docs,Closed,0,"Final audited decision count: 0. Reviewed in full. No independent durable architectural choice counted; work is mechanical parity, testing/tooling, audit, diagnostic wording, or local code organization."
Plan,work/plans/bug-fixes/closed/2026-04-12-shared-typ-0020-fatal-parity-follow-up-noref.md,2026-04-12,Restore fatal `TYP-0020` parity after native source cleanup,Bug Fix,Root/shared,Shared L0/L1,Shared L0/L1,Diagnostics / Type checking / Bootstrap sources,Closed,0,Final audited decision count: 0. Reviewed in full; 1 atomic historical architectural decision event extracted. Global reconciliation removed 1 repeated or non-architectural candidate event(s).
Plan,l1/work/plans/features/closed/2026-04-13-l1-float-backend-contract-followup-noref.md,2026-04-13,Define L1 floating-point semantic and C backend contract,Feature,L1,L1,L1 Stage 1,Typing / semantics / backend / C emission / validation / tests,Completed,7,Final audited decision count: 7. Reviewed in full; 7 atomic historical architectural decision events extracted.
Plan,l1/work/plans/features/closed/2026-04-13-l1-uint-long-ulong-bigint-builtins-noref.md,2026-04-13,"Add `uint`, `long`, and `ulong` to L1 through opaque bigint literals",Feature,L1,L1,L1 Stage 1,Lexer / parser / AST / typing / C emission / runtime integer helpers,Completed,10,Final audited decision count: 10. Reviewed in full; 12 atomic historical architectural decision events extracted. Global reconciliation removed 2 repeated or non-architectural candidate event(s).
Plan,l1/work/plans/features/closed/2026-04-14-l1-std-math-wide-integer-followup-noref.md,2026-04-14,"Extend `std.math` with L1-only `uint`, `long`, and `ulong` helpers",Feature,L1,L1,L1 Stage 1,Stdlib / docs / tests,Completed,10,Final audited decision count: 10. Reviewed in full; 10 atomic historical architectural decision events extracted.
Plan,l1/work/plans/features/closed/2026-04-14-l1-std-real-module-noref.md,2026-04-14,Add `std.real` floating-point standard library module,Feature,L1,L1,L1,Stdlib / runtime / build / docs / tests,Completed,7,Final audited decision count: 7. Reviewed in full; 8 atomic historical architectural decision events extracted. Global reconciliation removed 1 repeated or non-architectural candidate event(s).
Plan,work/plans/features/closed/2026-04-14-shared-std-math-int-surface-noref.md,2026-04-14,Expand `std.math` with a shared `int` helper surface for L0 and L1,Feature,Root/shared,Shared L0/L1,Shared L0/L1,stdlib / docs / tests,Completed,10,Final audited decision count: 10. Global atomicity review split the retained numeric-module partition from the later-superseded std.math name.
Plan,l1/work/plans/bug-fixes/closed/2026-04-17-l1-diagnostic-tab-caret-alignment-noref.md,2026-04-17,Align L1 diagnostic spans and printed carets on tab-bearing lines,Bug Fix,L1,L1,L1 Stage 1,Diagnostics / lexer columns / parser spans / snippet rendering,Done,1,Final audited decision count: 1. Reviewed in full; 1 atomic historical architectural decision event extracted.
Plan,l1/work/plans/features/closed/2026-04-17-l1-let-non-constant-initializers-noref.md,2026-04-17,Support non-constant initializers for top-level let declarations,Feature,L1,L1,L1,Backend / initialization / C emitter,Completed,3,Final audited decision count: 3. Reviewed in full; 3 atomic historical architectural decision events extracted.
Plan,l1/work/plans/features/closed/2026-04-17-l1-std-io-wide-numeric-io-noref.md,2026-04-17,Extend `std.io` with wide numeric I/O helpers,Feature,L1,L1,L1 Stage 1,Stdlib / runtime / docs / tests,Completed,4,Final audited decision count: 4. Reviewed in full; 6 atomic historical architectural decision events extracted. Global reconciliation removed 2 repeated or non-architectural candidate event(s).
Plan,l1/work/plans/features/closed/2026-04-18-l1-bitwise-operators-noref.md,2026-04-18,Add L1 bitwise operators,Feature,L1,L1,L1,Parser / expression typing / constant folding / C emitter,Completed,7,Final audited decision count: 7. Reviewed in full; 7 atomic historical architectural decision events extracted.
Plan,l1/work/plans/features/closed/2026-04-18-l1-const-declarations-noref.md,2026-04-18,Add L1 const declarations,Feature,L1,L1,L1,Lexer / parser / expression typing / constant evaluator / C emitter,Completed,6,Final audited decision count: 6. Reviewed in full; 6 atomic historical architectural decision events extracted.
Plan,l1/work/plans/features/closed/2026-04-18-l1-function-pointer-types-noref.md,2026-04-18,Add L1 function pointer types,Feature,L1,L1,L1,Parser / type system / expression typing / C emitter / ABI,Completed,8,Final audited decision count: 8. Reviewed in full; 8 atomic historical architectural decision events extracted.
Plan,l1/work/plans/features/closed/2026-04-18-string-equality-operators-noref.md,2026-04-18,Land string equality and inequality operators,Feature,L1,L1,L1,Typing / backend / C emission / tests / docs,Completed,2,Final audited decision count: 2. Reviewed in full; 2 atomic historical architectural decision events extracted.
Plan,l1/work/plans/features/closed/2026-04-18-string-relational-operators-noref.md,2026-04-18,Land string relational comparison operators,Feature,L1,L1,L1,Typing / backend / C emission / tests / docs,Completed,2,Final audited decision count: 2. Reviewed in full; 2 atomic historical architectural decision events extracted.
Plan,l1/work/plans/features/closed/2026-04-19-nullable-identity-equality-noref.md,2026-04-19,Implement strict T? vs T? equality,Feature,L1,L1,L1,Typing / backend / C emission / runtime / tests / docs,Draft,0,Final audited decision count: 0. Located under closed/ but metadata still says Draft. Current implementation/docs support the explicit decisions; retained for audit follow-up. Global reconciliation removed 4 repeated or non-architectural candidate event(s).
Plan,l1/work/plans/features/closed/2026-04-19-pointer-identity-equality-noref.md,2026-04-19,Implement pointer identity equality operators,Feature,L1,L1,L1,Typing / backend / C emission / tests / docs,Completed,3,Final audited decision count: 3. Reviewed in full; 4 atomic historical architectural decision events extracted. Global reconciliation removed 1 repeated or non-architectural candidate event(s).
Plan,l0/work/plans/features/closed/2026-04-20-string-equality-and-relational-operators-noref.md,2026-04-20,Backport string equality and relational operators from L1,Feature,L0,L0,L0,Typing / backend / C emission / tests / docs,Completed,0,"Final audited decision count: 0. Reviewed in full. No independent durable architectural choice counted; work is mechanical parity, testing/tooling, audit, diagnostic wording, or local code organization."
Plan,l1/work/plans/features/closed/2026-04-20-is-intrinsic-noref.md,2026-04-20,Introduce `is` intrinsic for enum payload-ignoring comparison,Feature,L1,L1,L1,Parser / Typing / Backend / Specs,Completed,2,Final audited decision count: 2. Reviewed in full; 2 atomic historical architectural decision events extracted.
Plan,work/plans/bug-fixes/closed/2026-04-20-shared-alias-struct-constructor-parity-noref.md,2026-04-20,Restore shared alias-to-struct constructor parity in self-hosted expression typing and L1 `const` lowering,Bug Fix,Root/shared,Shared L0/L1,Shared L0/L1,"Expression typing, constant-initializer checking, and top-level let lowering for type-alias-to-struct constructors",Closed,0,Final audited decision count: 0. Reviewed in full; 1 atomic historical architectural decision event extracted. Global reconciliation removed 1 repeated or non-architectural candidate event(s).
Plan,work/plans/bug-fixes/closed/2026-04-20-shared-casted-place-null-propagation-arc-noref.md,2026-04-20,Restore shared casted-place null-propagation ARC cleanup classification across L0 and L1 backends,Bug Fix,Root/shared,Shared L0/L1,Shared L0/L1,Backend ARC ownership / nullable expression lowering,Closed,1,Final audited decision count: 1. Reviewed in full; 1 atomic historical architectural decision event extracted.
Plan,work/plans/bug-fixes/closed/2026-04-20-shared-top-level-arc-cleanup-and-drop-diagnostic-parity-noref.md,2026-04-20,Restore shared top-level ARC cleanup and dedicated module-let drop diagnostics across L0 and L1,Bug Fix,Root/shared,Shared L0/L1,Shared L0/L1,"Top-level let ARC cleanup, `drop` diagnostics, and ARC/top-level regression parity",Closed,1,Final audited decision count: 1. Reviewed in full; 2 atomic historical architectural decision events extracted. Global reconciliation removed 1 repeated or non-architectural candidate event(s).
Plan,work/plans/refactors/closed/2026-04-20-prefer-native-string-operators-noref.md,2026-04-20,"Migrate native-code call-sites from `std.string::eq_s` / `cmp_s` helpers to the native `==`, `!=`, `<`, `<=`, `>`, `>=` string operators",Refactor,Root/shared,Shared L0/L1,Shared L0/L1,"Self-hosted compiler sources, shared stdlib implementations, examples, user-facing docs",Closed,1,Final audited decision count: 1. Reviewed in full; 2 atomic historical architectural decision events extracted. Global reconciliation removed 1 repeated or non-architectural candidate event(s).
Plan,l0/work/plans/bug-fixes/closed/2026-04-21-fix-windows-ci-stage2-regression.md,2026-04-21,Fix Windows CI Stage 2 Regression,Bug Fix,L0,L0,L0,Test infrastructure / Windows CI,Completed,0,"Final audited decision count: 0. Reviewed in full. No independent durable architectural choice counted; work is mechanical parity, testing/tooling, audit, diagnostic wording, or local code organization."
Plan,work/plans/bug-fixes/closed/2026-04-21-shared-arc-borrowed-param-reassignment-noref.md,2026-04-21,Fix ARC double-free and leak when a borrowed string/container parameter is reassigned by inserting a defensive retain at function entry,Bug Fix,Root/shared,Shared L0/L1,Shared L0/L1,Backend codegen / ARC lowering,Closed,2,Final audited decision count: 2. Reviewed in full; 2 atomic historical architectural decision events extracted.
Plan,l1/work/plans/features/closed/2026-04-22-named-arguments-noref.md,2026-04-22,Add named arguments for functions and constructors,Feature,L1,L1,L1,Parser / typing / lowering / docs,Completed,5,Final audited decision count: 5. Reviewed in full; 5 atomic historical architectural decision events extracted.
Plan,l1/work/plans/features/closed/2026-04-22-string-concatenation-operator-noref.md,2026-04-22,Add `+` string concatenation operator,Feature,L1,L1,L1,Typing / backend / runtime / ARC / docs,Completed,4,Final audited decision count: 4. Reviewed in full; 4 atomic historical architectural decision events extracted.
Plan,l1/work/plans/features/closed/2026-04-22-variadic-functions-noref.md,2026-04-22,Add L1 variadic functions,Feature,L1,L1,L1,Parser / typing / backend / ABI / docs,Completed,9,Final audited decision count: 9. Reviewed in full; 9 atomic historical architectural decision events extracted.
Plan,work/plans/bug-fixes/closed/2026-04-22-shared-optional-wrapper-typedef-ordering-noref.md,2026-04-22,Emit user-defined optional wrapper typedefs before dependent C type definitions across L0 and L1 backends,Bug Fix,Root/shared,Shared L0/L1,Shared L0/L1,Backend C codegen / nullable value type lowering,Completed,0,Final audited decision count: 0. Reviewed in full; 1 atomic historical architectural decision event extracted. Global reconciliation removed 1 repeated or non-architectural candidate event(s).
Plan,work/plans/bug-fixes/closed/2026-04-22-shared-unwrapped-string-value-arc-copy-noref.md,2026-04-22,Preserve ARC ownership when unwrapped strings are copied into match and case scrutinees,Bug Fix,Root/shared,Shared L0/L1,Shared L0/L1,Backend ARC lowering / optional string unwrap / match and case scrutinee cleanup,Completed,1,Final audited decision count: 1. Reviewed in full; 1 atomic historical architectural decision event extracted.
Plan,l1/work/plans/features/closed/2026-04-23-single-statement-loop-and-match-bodies-noref.md,2026-04-23,Allow single-statement `while`/`for` bodies and `match` arms,Feature,L1,L1,L1,Parser / scope analysis / backend / grammar docs,Completed,3,Final audited decision count: 3. Reviewed in full; 3 atomic historical architectural decision events extracted.
Plan,l1/work/plans/features/closed/2026-04-24-export-manifests-and-aliased-imports-noref.md,2026-04-24,Add export manifests and aliased/selective imports,Feature,L1,L1,L1,Parser / name resolution / import analysis / docs,Completed,8,Final audited decision count: 8. Reviewed in full; 8 atomic historical architectural decision events extracted.
Plan,l1/work/plans/features/closed/2026-04-24-lbi-symbol-mangling-and-linkage-noref.md,2026-04-24,Adopt LBI symbol mangling and export-driven linkage,Feature,L1,L1,L1,Backend / C emitter / ABI / docs,Completed,7,Final audited decision count: 7. Reviewed in full; 7 atomic historical architectural decision events extracted.
Plan,l1/work/plans/refactors/closed/2026-04-24-runtime-static-library-split-noref.md,2026-04-24,Split the L1 runtime into a real static library,Refactor,L1,L1,L1,Runtime / build driver / packaging / docs,Completed,9,Final audited decision count: 9. Reviewed in full; 9 atomic historical architectural decision events extracted.
Plan,l1/work/plans/refactors/closed/2026-04-27-runtime-cu-resplit-noref.md,2026-04-27,Re-split L1 runtime CUs to match thematic boundaries,Refactor,L1,L1,L1,Runtime,Completed,0,"Final audited decision count: 0. Pure source organization with unchanged public API, symbol set, behavior, and archive selection; zero architectural decisions."
Initiative,l1/work/initiatives/closed/0002-runtime-static-library.md,2026-04-29,L1 Initiative 0002 - L1 Runtime Library,Initiative,L1,L1,L1,Runtime library / ABI / linking,Completed,1,Final audited decision count: 1. Reviewed in full; 6 initiative-settled or initiative-consolidated events extracted. These are excluded from primary plan-event totals and grouped with constituent-plan events by canonical_key. Global reconciliation removed 5 repeated or non-architectural candidate event(s).
Plan,work/plans/bug-fixes/closed/2026-04-29-shared-cleaner-c-condition-expressions-noref.md,2026-04-29,Suppress clang `-Wparentheses-equality` by emitting cleaner direct condition expressions across L0 and L1 backends,Bug Fix,Root/shared,Shared L0/L1,Shared L0/L1,Backend C codegen / condition lowering / generated-C hygiene,Closed (fixed),0,"Final audited decision count: 0. Reviewed in full. No independent durable architectural choice counted; work is mechanical parity, testing/tooling, audit, diagnostic wording, or local code organization."
Plan,work/plans/bug-fixes/closed/2026-04-29-shared-nonscalar-same-type-cast-c99-pedantic-noref.md,2026-04-29,Avoid pedantic-invalid C self-casts for same-type nonscalar `as` expressions across L0 and L1 backends,Bug Fix,Root/shared,Shared L0/L1,Shared L0/L1,Backend C codegen / cast lowering,Closed,0,Final audited decision count: 0. Reviewed in full; 1 atomic historical architectural decision event extracted. Global reconciliation removed 1 repeated or non-architectural candidate event(s).
Plan,l0/work/plans/features/closed/2026-04-30-string-concatenation-operator-noref.md,2026-04-30,Backport string concatenation operator from L1,Feature,L0,L0,L0,Typing / backend / C emission / tests / docs,Completed,0,"Final audited decision count: 0. Reviewed in full. No independent durable architectural choice counted; work is mechanical parity, testing/tooling, audit, diagnostic wording, or local code organization."
Plan,work/plans/bug-fixes/closed/2026-04-30-shared-arc-owned-local-reassignment-semantics-noref.md,2026-04-30,Fix shared ARC owned-local reassignment lowering to match the documented slot-replacement semantics and settle the remaining shared root-cause question,Bug Fix,Root/shared,Shared L0/L1,Shared L0/L1,"Backend ARC lowering, owned-local reassignment cleanup ordering, and L1 trace/harness reproduction",Closed,2,Final audited decision count: 2. Reviewed in full; 2 atomic historical architectural decision events extracted.
Plan,work/plans/bug-fixes/closed/2026-04-30-shared-l1-backend-handler-divergence-audit-noref.md,2026-04-30,Audit `l1/compiler/stage1_l0/src/backend.l0` against `l0/compiler/stage2_l0/src/backend.l0` for any other unported widenings or fixes that arrived through prior shared bug-fix plans,Bug Fix,Root/shared,Shared L0/L1,Shared L0/L1,"Backend ARC lowering, scope cleanup ordering, expression emission paths",Closed,0,"Final audited decision count: 0. Reviewed in full. No independent durable architectural choice counted; work is mechanical parity, testing/tooling, audit, diagnostic wording, or local code organization."
Plan,work/plans/refactors/closed/2026-04-30-prefer-native-string-concat-operator-noref.md,2026-04-30,"Migrate native-code call-sites from `std.string::concat_s` / `concat3_s` / `concat4_s` helpers to the native `+` string concatenation operator, then retire `concat3_s` / `concat4_s` from the stdlib surface",Refactor,Root/shared,Shared L0/L1,Shared L0/L1,"Self-hosted compiler sources, shared stdlib implementations, examples, user-facing docs",Closed,2,Final audited decision count: 2. Reviewed in full; 2 atomic historical architectural decision events extracted.
Plan,l0/work/plans/tools/closed/2026-05-01-immutable-release-workflows-noref.md,2026-05-01,Immutable-compatible L0 release workflows,Tool,L0,L0,Shared,GitHub workflows / release publication,Implemented,4,"Final audited decision count: 4. Defines the draft-first immutable-publication boundary, checksum manifest contract, and the two manual workflow controls. Asset lists and validation commands are not counted separately."
Plan,work/plans/tools/closed/2026-05-06-shared-uv-workspace-monorepo-noref.md,2026-05-06,Convert the monorepo to a uv workspace at the repo root,Tool,Root/shared,Repository/tooling,Shared,Monorepo Python build/dev tooling / Make / CI,Completed,3,"Final audited decision count: 3. Counts durable workspace ownership, dependency ownership, command delegation, optional-uv portability, and the explicit deferral of scripts/ membership. Workflow edits are mechanical consequences. Global reconciliation removed 2 repeated or non-architectural candidate event(s)."
Plan,l0/work/plans/tools/closed/2026-05-07-versioned-api-reference-export-archive-noref.md,2026-05-07,Rename markdown release archive to `dea_l0_api_reference-<TAG>.tar.gz` and align prose,Tool,L0,L0,Shared,CI / docs publishing / release artifacts,Completed (producer landed; consumer redeployed),1,Final audited decision count: 1. Counts the public versioned archive name and the compatibility boundary for externally consumed workflow identifiers. Prose and local output-directory cleanup are not architectural decisions. Global reconciliation removed 1 repeated or non-architectural candidate event(s).
Plan,l0/work/plans/bug-fixes/closed/2026-05-08-stage2-pointer-indexing-parity-noref.md,2026-05-08,Restore L0 Stage 2 pointer-indexing parity and align unsupported-indexing diagnostics,Bug Fix,L0,L0,Shared,Parser / type checker / Stage 2 semantic parity,Closed (fixed),3,"Final audited decision count: 3. Treats the bug fix as evidence for the durable L0 no-pointer-indexing rule, the deliberately retained index AST surface, and the generic L0 invalid-base diagnostic contract. Backend edits and tests are not counted."
Plan,l1/work/plans/bug-fixes/closed/2026-05-08-stage1-index-diagnostic-wording-parity-noref.md,2026-05-08,Align L1 Stage 1 indexing and array-type diagnostic wording with the shared catalog,Bug Fix,L1,L1 Stage 1,Stage 1,Parser / type checker / diagnostic wording parity,Implemented,0,Final audited decision count: 0. Wording-only parity with an already-settled shared diagnostic catalog. It intentionally leaves indexing semantics unchanged and introduces no new diagnostic code or architectural rule.
Plan,l1/work/plans/features/closed/2026-05-08-unsafe-function-marker-noref.md,2026-05-08,Add the `unsafe` function marker,Feature,L1,L1,L1,Lexer / parser / types / interfaces / backend / stdlib,Completed,8,"Final audited decision count: 8. Counts syntax, type identity, call-site meaning, the safe dereference boundary, C-ABI representation, stdlib annotation policy, and the explicitly temporary pointer-index behavior. Pipeline propagation is a consequence of type identity."
Plan,work/plans/refactors/closed/2026-05-08-sys-memory-rename-noref.md,2026-05-08,Rename `sys.unsafe` to `sys.memory`,Refactor,Root/shared,Shared L0/L1,Shared,Standard library / imports / runtime ABI,Implemented,3,"Final audited decision count: 3. Counts the new public module identity, the preserved runtime/FFI symbol boundary, and the deliberate hard rename without a compatibility module."
Plan,l1/work/plans/features/closed/2026-05-09-raw-pointer-indexing-semantics-noref.md,2026-05-09,Finalize raw-pointer indexing semantics,Feature,L1,L1,L1,Typing / backend / C emission / ownership,Completed,6,"Final audited decision count: 6. Separates the source feature, unsafe gate, base/index eligibility, historical unchecked lowering, single evaluation, and ARC write discipline. Diagnostic codes are consequences of those semantic distinctions. Global reconciliation removed 1 repeated or non-architectural candidate event(s)."
Plan,work/plans/refactors/closed/2026-05-09-relax-null-tolerant-runtime-ffi-pointers-noref.md,2026-05-09,Relax null-tolerant runtime FFI pointer parameters to optional,Refactor,Root/shared,Shared L0/L1,Shared,Standard-library FFI / runtime contract,Implemented,1,Final audited decision count: 1. The four signature edits are applications of one shared architectural rule: Dea-side FFI nullability mirrors an already-defined non-UB runtime null outcome.
Plan,work/plans/refactors/closed/2026-05-09-shared-stdlib-container-type-renames-noref.md,2026-05-09,Rename shared stdlib container outliers to `Type1Type2Container`,Refactor,Root/shared,Shared L0/L1,Shared,Standard library / public API naming,Completed,2,"Final audited decision count: 2. Counts the public specialized-type ordering rule, aligned specialized helper prefixes, and the hard-rename/no-alias migration policy. Individual consumer renames are mechanical. Global reconciliation removed 1 repeated or non-architectural candidate event(s)."
Plan,l1/work/plans/features/closed/2026-05-10-fixed-size-array-primitive-noref.md,2026-05-10,Add the fixed-size array primitive,Feature,L1,L1,L1,Parser / typing / lowering / runtime / ARC / ABI,Completed,15,"Final audited decision count: 15. The explicit Defaults Chosen section settles the value/type model, syntax, construction, initialization, layout, safety, ownership, heap, and FFI boundaries. The original literal-only length syntax was later broadened."
Initiative,l1/work/initiatives/closed/0004-array-primitives-and-unsafe-marker.md,2026-05-11,L1 Initiative 0004 - Array Primitives and Unsafe Marker,Initiative,L1,L1,L1,Language syntax / type system / ownership / backend,Completed,0,Final audited decision count: 0. Reviewed in full; 25 initiative-settled or initiative-consolidated events extracted. These are excluded from primary plan-event totals and grouped with constituent-plan events by canonical_key. Global reconciliation removed 25 repeated or non-architectural candidate event(s).
Plan,l1/work/plans/features/closed/2026-05-11-ordered-type-suffix-constructors-noref.md,2026-05-11,Add ordered type suffix constructors,Feature,L1,L1,L1,Parser / type system / interfaces / C lowering,Completed,6,"Final audited decision count: 6. Counts the general left-to-right constructor model, nested optional identity and representation, accepted/rejected combinations, shared TypeExpr grammar, and recursive compiler representation. Global reconciliation removed 1 repeated or non-architectural candidate event(s)."
Plan,l1/work/plans/refactors/closed/2026-05-11-unified-lbi-mangling-noref.md,2026-05-11,Unify the LBI mangling scheme into a single recursive grammar,Refactor,L1,L1,L1,Mangler / demangler / code generation / ABI,Completed,7,"Final audited decision count: 7. Counts the unified grammar, terminal namespace, function and binding type treatment, unsafe encoding, one-shot migration, and ordinary main mangling. Test and helper decomposition are implementation mechanics."
Plan,work/plans/refactors/closed/2026-05-13-shared-std-math-to-std-integer-rename-noref.md,2026-05-13,Rename shared `std.math` to `std.integer`,Refactor,Root/shared,Shared L0/L1,Shared,Standard library / module identity / ABI examples,Completed,2,Final audited decision count: 2. Counts the integer-specific public module identity and the hard source-level rename without a shim. Unchanged helper semantics and mechanical consumer edits are not counted.
Plan,l1/work/plans/features/closed/2026-05-19-stage1-slices-len-slice-intrinsics-noref.md,2026-05-19,Add Stage 1 slice types and slice intrinsics,Feature,L1,L1,L1,Parser / typing / lowering / runtime / ABI,Implemented,15,"Final audited decision count: 15. Counts the non-owning type/lifetime model, reserved syntax, intrinsic domains and arities, range/index safety, conversion boundary, supported suffix shapes, ABI marker, and prelude resolution. The initial claim that len accepted only arrays and slices was later broadened to strings."
Plan,l0/work/plans/bug-fixes/closed/2026-06-05-duplicate-open-import-diagnostic-parity-noref.md,2026-06-05,Make L0 warn once (RES-0036) on a duplicate open import instead of flooding RES-0022 and erroring TYP-0155,Bug Fix,L0,L0,L0 Stage 1 and Stage 2,Parser / name resolution / diagnostics,Closed (fixed),2,Final audited decision count: 2. Separates the one-warning diagnostic contract from the resolver's idempotent-open behavior.
Plan,l0/work/plans/bug-fixes/closed/2026-06-05-stage2-for-loop-variable-scope-shadow-parity-noref.md,2026-06-05,Scope L0 Stage 2 for-loop variables to their loop so sibling loops do not trigger false `TYP-0021` shadow warnings,Bug Fix,L0,L0 Stage 2,L0 Stage 2,Name resolution / local scopes,Closed (fixed),0,Final audited decision count: 0. Mechanical restoration of the existing Stage 1 loop-scope semantics.
Plan,l0/work/plans/bug-fixes/closed/2026-06-05-stage2-surface-warnings-in-build-run-gen-noref.md,2026-06-05,"Surface analysis warnings in L0 Stage 2 `--build`, `--run`, `--gen`, `--sym`, and `--type` modes to match the Stage 1 oracle",Bug Fix,L0,L0 Stage 2,L0 Stage 2,Driver / CLI diagnostics,Closed (fixed),0,Final audited decision count: 0. Mechanical Stage 1 CLI parity restoration; it does not settle a new warning policy.
Plan,work/plans/bug-fixes/closed/2026-06-07-stray-keyword-diagnostics-and-stmt-recovery-noref.md,2026-06-07,Diagnose orphaned `else`/`cleanup` keywords and stop the Stage 2/L1 top-level recovery cascade,Bug Fix,Root/shared,Shared L0/L1,Shared,Parser / diagnostics / recovery,Closed,2,"Final audited decision count: 2. Counts the orphan-keyword diagnostic contract and the block-local recovery boundary, not the ARC leak repair exposed by recovery."
Plan,work/plans/features/closed/2026-06-07-case-default-arm-wildcard-phase1-noref.md,2026-06-07,"`case` default arm migration to `_`, Phase 1",Feature,Root/shared,Shared L0/L1,Shared,Language syntax / parser / diagnostics,Closed,3,Final audited decision count: 3. Introduced the canonical wildcard spelling plus a staged compatibility policy; Phase 2 later narrowed the transitional rules to L0.
Plan,l0/work/plans/bug-fixes/closed/2026-06-08-stage2-env-isolation-test-nested-venv-noref.md,2026-06-08,Fix flaky Windows CI failure in the L0 Stage 2 env-isolation test caused by a redundant nested `make venv`,Bug Fix,L0,Repository/tooling,L0 Stage 2,Test harness / Windows CI,Completed,0,Final audited decision count: 0. Test-only removal of a redundant flaky step.
Plan,l1/work/plans/bug-fixes/closed/2026-06-08-stage1-case-builtin-literal-support-noref.md,2026-06-08,Make L1 Stage 1 `case` literals follow equality comparability rules,Bug Fix,L1,L1,L1 Stage 1,Parser / type checker / C backend,Completed,5,"Final audited decision count: 5. Settles equality-based case comparability, supported scalar families, warning-only impossible arms, their type/flow treatment, and safe lowering. Global reconciliation removed 1 repeated or non-architectural candidate event(s)."
Plan,l1/work/plans/features/closed/2026-06-08-case-else-removal-l1-phase2-noref.md,2026-06-08,Remove `else` as a `case` default arm in L1 Stage 1,Feature,L1,L1,L1 Stage 1,Language syntax / parser / diagnostic parity,Completed,2,Final audited decision count: 2. Removes the transitional spelling in unreleased L1 while deliberately allowing L0 to remain in Phase 1.
Plan,work/plans/bug-fixes/closed/2026-06-08-shared-invalid-loop-control-unreachable-warning-noref.md,2026-06-08,Stop invalid loop-control statements from poisoning unreachable-state analysis,Bug Fix,Root/shared,Shared L0/L1,Shared,Statement analysis / control flow,Completed,1,Final audited decision count: 1. A narrow but durable reachability rule; mechanical ports are not separate decisions.
Plan,work/plans/bug-fixes/closed/2026-06-08-shared-parser-recovery-noref.md,2026-06-08,Fix parser expression parsing and error recovery for loop/block structures,Bug Fix,Root/shared,Shared L0/L1,Shared,Parser recovery,Closed,1,Final audited decision count: 1. The opening-brace synchronization boundary is architectural; valueless-return parsing restores the existing grammar.
Plan,work/plans/bug-fixes/closed/2026-06-08-shared-with-inline-abrupt-header-cleanup-noref.md,2026-06-08,Run inline `with` cleanup for committed abrupt header exits,Bug Fix,Root/shared,Shared L0/L1,Shared,Backend / deterministic cleanup,Completed,0,Final audited decision count: 0. Implements the already normative with-cleanup contract; no new rule is adopted here.
Plan,work/plans/features/closed/2026-06-08-shared-for-header-basic-stmt-noref.md,2026-06-08,Restrict shared `for` headers to non-abrupt basic statements,Feature,Root/shared,Shared L0/L1,Shared,Grammar / parser / control flow,Closed (rejected; superseded),0,Final audited decision count: 0. The proposed restriction was never adopted; the June 22 plan contains the settled replacement decisions.
Plan,work/plans/refactors/closed/2026-06-08-migrate-case-else-defaults-to-wildcard-noref.md,2026-06-08,Migrate every in-tree `case`-default `else` arm to the canonical `_ =>` spelling,Refactor,Root/shared,Shared L0/L1,Shared,Source migration,Completed,0,Final audited decision count: 0. Mechanical source migration implementing the already-counted Phase 1 choice.
Plan,l0/work/plans/bug-fixes/closed/2026-06-09-stage1-non-ascii-identifier-rejection-noref.md,2026-06-09,Reject non-ASCII identifier characters in the L0 Stage 1 Python lexer,Bug Fix,L0,Dea-wide,L0 Stage 1,Source encoding / lexer,Closed (fixed),3,Final audited decision count: 3. Implementation fix and sole related closed plan for the same-day Dea-wide source-text ADR.
Plan,work/plans/bug-fixes/closed/2026-06-09-shared-lex-0040-recovery-noref.md,2026-06-09,"Change LEX-0040 message, recover invalid characters, and stop before parser on lexer errors",Bug Fix,Root/shared,Shared L0/L1,Shared,Lexer / diagnostics / phase handoff,Completed,2,Final audited decision count: 2. The lexer recovery direction remains; its post-lexing parser barrier was superseded the next day.
Plan,work/plans/bug-fixes/closed/2026-06-09-shared-stop-parsing-at-eof-block-close-noref.md,2026-06-09,Stop emitting duplicate PAR-0091 by making end-of-file terminal during block close,Bug Fix,Root/shared,Shared L0/L1,Shared,Parser recovery,Completed,1,Final audited decision count: 1. Makes EOF a terminal recovery state and suppresses duplicate nested block-close diagnostics.
Plan,work/plans/refactors/closed/2026-06-10-shared-lexer-error-recovery-tokens-and-codepoint-columns-noref.md,2026-06-10,"Defer lexer diagnostics into logical recovery wrapper tokens, drop the pre-parse barrier, and count native columns in code points",Refactor,Root/shared,Shared L0/L1,Shared,Lexer / parser / diagnostics / editor recovery,Completed,9,Final audited decision count: 9. Direct source for ADR-0009; recovery-policy rows are split where malformed inputs could independently retain or omit logical tokens.
Plan,l1/work/plans/features/closed/2026-04-24-multi-cu-initialization-and-link-order-noref.md,2026-06-11,Extend module initialization to the multi-CU model,Feature,L1,L1,L1,Backend / driver / initialization ordering / docs,Closed (superseded),0,"Final audited decision count: 0. Filename is April-dated but metadata date is 2026-06-11. The draft was superseded before implementation, so no adopted event is counted; July successors record the current decisions. Global reconciliation removed 4 repeated or non-architectural candidate event(s)."
Plan,l1/work/plans/features/closed/2026-04-24-interface-fingerprints-and-object-metadata-noref.md,2026-06-13,Add interface fingerprints and provider-object metadata,Feature,L1,L1,L1,ABI / hashing / driver / linker verification / docs,Closed (superseded),0,"Final audited decision count: 0. Filename is April-dated but metadata date is 2026-06-13. The combined draft was superseded before implementation, so no adopted event is counted; split successors and ADR-0019/0021 record the current decisions. Global reconciliation removed 11 repeated or non-architectural candidate event(s)."
Plan,l1/work/plans/features/closed/2026-04-24-module-interface-emission-noref.md,2026-06-13,Add textual `.l1m` module interface emission,Feature,L1,L1,L1,Analysis / interface serialization / parser / docs,Completed,10,"Final audited decision count: 10. Filename is April-dated but metadata date is 2026-06-13. Counts the completed artifact contract, verified against ADR-0014."
Plan,l1/work/plans/features/closed/2026-04-24-separate-compilation-driver-surface-noref.md,2026-06-13,Add direct interface replay and reserve the separate-compilation CLI surface,Feature,L1,L1,L1,CLI / driver / build workflow / docs,Closed (implemented),10,Final audited decision count: 10. Filename is April-dated but metadata date is 2026-06-13. Only implemented direct-replay and CLI-contract choices are counted; explicitly temporary NYI workflow restrictions are not.
Plan,l1/work/plans/features/closed/2026-06-13-opaque-type-exports-and-layout-hiding-noref.md,2026-06-13,Add opaque type exports and layout-hiding visibility,Feature,L1,L1,L1 Stage 1,Visibility / type resolution / module interfaces,Completed,9,"Final audited decision count: 9. Implements the transparent and opaque endpoints, grouped source spelling, consumer operation boundary, and interface-surface closure rules from ADR-0013."
Plan,l1/work/plans/bug-fixes/closed/2026-06-17-stage1-contextual-array-literals-noref.md,2026-06-17,Check array literals against fixed-size typed contexts before standalone inference,Bug Fix,L1,L1,L1 Stage 1,Type checker / arrays,Completed,0,Final audited decision count: 0. Completes the already-recorded fixed-array contextual-literal policy in ADR-0011.
Plan,l1/work/plans/features/closed/2026-06-17-stage1-const-value-grammar-contexts-noref.md,2026-06-17,Compile-time constant values in array bounds and `case` arms,Feature,L1,L1,L1 Stage 1,Grammar / const evaluation / types / backend,Completed,7,"Final audited decision count: 7. Primary plan for named constant-value contexts, including the shared evaluator and cycle rule, and part of ADR-0016. Global reconciliation removed 1 repeated or non-architectural candidate event(s)."
Plan,l1/work/plans/bug-fixes/closed/2026-06-18-stage1-toplet-initializer-typing-noref.md,2026-06-18,Type-check L1 Stage 1 top-level `let` initializers before backend lowering,Bug Fix,L1,L1 Stage 1,L1 Stage 1,Expression typing / top-level initialization,Completed,0,"Final audited decision count: 0. The plan explicitly classifies the work as enforcing existing semantics, not a new architectural decision."
Plan,l1/work/plans/features/closed/2026-06-18-stage1-const-scalar-casts-noref.md,2026-06-18,Compile-time scalar casts for `const`,Feature,L1,L1,L1 Stage 1,Const evaluation / interfaces / backend,Completed,5,Final audited decision count: 5. Contains an explicit Defaults Chosen section and broadens ADR-0016 with selected scalar domains plus explicit exclusions.
Plan,l1/work/plans/bug-fixes/closed/2026-06-19-stage1-toplet-diagnostic-recovery-noref.md,2026-06-19,Preserve Stage 1 top-level initializer diagnostics after signature errors,Bug Fix,L1,L1 Stage 1,L1 Stage 1,Analysis orchestration / diagnostic recovery,Completed,0,Final audited decision count: 0. The plan explicitly says it completes existing diagnostic behavior without changing compiler architecture.
Plan,work/plans/bug-fixes/closed/2026-06-22-shared-for-header-and-statement-flow-safety-noref.md,2026-06-22,"Restore shared `for`-header control flow, cleanup, drop-liveness, and trace ownership safety",Bug Fix,Root/shared,Shared L0/L1,Shared,Control flow / liveness / cleanup / ownership,Completed,8,Final audited decision count: 8. A dense settled semantics section; homologous implementation ports are affected targets rather than extra decisions. Global reconciliation removed 1 repeated or non-architectural candidate event(s).
Plan,l1/work/plans/features/closed/2026-06-24-stage1-scalar-const-expression-flow-noref.md,2026-06-24,Stage 1 scalar const-expression flow,Feature,L1,L1,L1 Stage 1,Const evaluation / liveness / interfaces / backend,Completed,9,Final audited decision count: 9. Broadens constant evaluation while keeping direct constant-value grammar narrow and keeping static C and interface serialization contracts distinct. Global reconciliation removed 1 repeated or non-architectural candidate event(s).
Plan,l0/work/plans/features/closed/2026-06-30-runtime-pointer-access-validation-noref.md,2026-06-30,Checked-by-default L0 runtime pointer access validation,Feature,L0,L0,L0 Stage 1 and Stage 2,Runtime safety / C backend,Completed,0,Final audited decision count: 0. Mechanical L0 realization of decisions counted once in the shared pointer plan.
Plan,l1/work/plans/features/closed/2026-06-30-runtime-pointer-access-validation-noref.md,2026-06-30,Checked-by-default L1 runtime pointer access validation,Feature,L1,L1,L1 Stage 1,Runtime ABI / pointer safety / C backend,Completed,1,Final audited decision count: 1. Shared semantics are counted in the shared plan; only the L1 archive/header ABI split is additional.
Plan,work/plans/features/closed/2026-06-30-shared-editor-support-noref.md,2026-06-30,Shared editor support baseline for Dea/L0 and Dea/L1,Feature,Root/shared,Repository/tooling,Shared,Editor tooling / structural parsing / navigation,Completed,5,"Final audited decision count: 5. Counts durable package, level-identity, authority, and service-boundary choices; implementation phase ordering is excluded. Global reconciliation removed 2 repeated or non-architectural candidate event(s)."
Plan,work/plans/features/closed/2026-06-30-shared-runtime-pointer-access-validation-noref.md,2026-06-30,Checked-by-default runtime pointer access validation,Feature,Root/shared,Shared L0/L1,Shared,Runtime safety / C backend,Completed,14,Final audited decision count: 14. Primary semantic record for the three coordinated pointer plans. Level ports are not recounted; one eager heap-string registration choice was later superseded. Global reconciliation removed 3 repeated or non-architectural candidate event(s).
Plan,work/plans/bug-fixes/closed/2026-07-02-shared-c-compiler-invocation-order-noref.md,2026-07-02,Place C compiler and preprocessor flags before generated C inputs while preserving link-order flags,Bug Fix,Root/shared,Shared L0/L1,Shared L0/L1,CLI build driver / C compiler invocation,Completed,1,Final audited decision count: 1. Reviewed in full; 2 atomic historical architectural decision events extracted. Global reconciliation removed 1 repeated or non-architectural candidate event(s).
Plan,work/plans/bug-fixes/closed/2026-07-02-shared-env-script-virtualenv-stacking-noref.md,2026-07-02,Fix repo-local env script PATH stacking with stale virtualenv activation metadata,Bug Fix,Root/shared,Shared L0/L1,Shared L0/L1,Repo-local environment activation,Completed,0,"Final audited decision count: 0. Reviewed in full. Zero events: this is a shell-portability bug fix for stale virtualenv activation metadata, not a durable compiler, language, or repository-lifecycle choice."
Plan,work/plans/bug-fixes/closed/2026-07-03-shared-alloc-tracker-churn-rehash-noref.md,2026-07-03,Size allocation-tracker rehashes from the live record count and expose quarantine tunables,Bug Fix,Root/shared,Shared L0/L1,Shared L0/L1,Runtime allocation tracker,Completed,2,Final audited decision count: 2. Reviewed in full; 3 atomic historical architectural decision events extracted. Global reconciliation removed 1 repeated or non-architectural candidate event(s).
Plan,work/plans/bug-fixes/closed/2026-07-03-shared-drop-precheck-before-cleanup-noref.md,2026-07-03,Validate stale `drop` pointers before generated ARC cleanup dereferences pointees,Bug Fix,Root/shared,Shared L0/L1,Shared L0/L1,Runtime allocation tracking and backend `drop` cleanup lowering,Completed,0,Final audited decision count: 0. Reviewed in full; 1 atomic historical architectural decision event extracted. Global reconciliation removed 1 repeated or non-architectural candidate event(s).
Plan,work/plans/features/closed/2026-07-03-shared-lazy-arc-string-registration-noref.md,2026-07-03,Register heap string blocks with the pointer tracker lazily at first raw-byte exposure,Feature,Root/shared,Shared L0/L1,Shared L0/L1,"Runtime allocation tracker, string runtime",Completed,2,Final audited decision count: 2. Reviewed in full; 2 atomic historical architectural decision events extracted.
Plan,work/plans/features/closed/2026-07-04-shared-runtime-alloc-benchmark-noref.md,2026-07-04,Memory-invariant suite tests and a `bench-runtime` tuning benchmark for the checked allocation tracker,Feature,Root/shared,Shared L0/L1,Shared L0/L1,"Runtime allocation tracker, test suites, make workflow",Completed,0,"Final audited decision count: 0. Reviewed in full. Zero events: the plan adds measurement and deterministic test instrumentation, expressly defers the runtime default, and its timing evidence was later invalidated."
Plan,work/plans/features/closed/2026-07-04-shared-unchecked-build-surface-noref.md,2026-07-04,Surface the unchecked runtime mode and tracker tunables through driver flags and make variables,Feature,Root/shared,Shared L0/L1,Shared L0/L1,"CLI drivers, C backend prelude, runtime archive build, make workflow",Completed,4,Final audited decision count: 4. Reviewed in full; 5 atomic historical architectural decision events extracted. Global reconciliation removed 1 repeated or non-architectural candidate event(s).
Plan,work/plans/features/closed/2026-07-05-shared-compiler-runtime-quarantine-default-noref.md,2026-07-05,Build distributed and developer compiler binaries with the performance-sensitive checked-runtime quarantine count,Feature,Root/shared,Shared L0/L1,Shared L0/L1,"Runtime pointer validation, compiler build workflows, L1 unsafe pointer docs",Completed,3,Final audited decision count: 3. Reviewed in full; 3 atomic historical architectural decision events extracted.
Plan,work/plans/features/closed/2026-07-07-shared-alloc-record-hot-cold-split-noref.md,2026-07-07,Hot/cold split for checked-runtime allocation records,Feature,Root/shared,Shared L0/L1,Shared L0/L1,"Runtime pointer validation, allocation tracker, benchmark harnesses",Completed,0,"Final audited decision count: 0. The 32/72 and 64/40 tracker layouts are replaceable internal data-structure choices rather than durable architectural contracts, so neither is counted. Global reconciliation removed 2 repeated or non-architectural candidate event(s)."
Plan,work/plans/features/closed/2026-07-08-shared-runtime-check-basic-mode-noref.md,2026-07-08,Shared checked-runtime basic validation mode,Feature,Root/shared,Shared L0/L1,Shared L0/L1,"Runtime pointer validation, CLI drivers, C backend prelude, runtime archive build, benchmarks",Closed,4,Final audited decision count: 4. Reviewed in full; 4 atomic historical architectural decision events extracted.
Plan,l0/work/plans/bug-fixes/closed/2026-07-11-darwin-arm64-triple-bootstrap-uuid-normalization-noref.md,2026-07-11,Normalize retained Mach-O UUID metadata without disabling Apple Silicon load commands,Bug Fix,L0,L0,L0 Stage 2,Bootstrap/self-hosting validation,Closed (fixed),1,Final audited decision count: 1. Reviewed in full; 2 atomic historical architectural decision events extracted. Global reconciliation removed 1 repeated or non-architectural candidate event(s).
Plan,work/plans/bug-fixes/closed/2026-07-11-shared-checked-runtime-review-gaps-noref.md,2026-07-11,"Close allocation provenance, foreign pointer, trace, build, and benchmark gaps in checked runtimes",Bug Fix,Root/shared,Shared L0/L1,Shared L0/L1,"Runtime pointer validation, generated drop cleanup, raw-memory FFI, tracing, runtime archives, and benchmarks",Completed,6,Final audited decision count: 6. Reviewed in full; 8 atomic historical architectural decision events extracted. Global reconciliation removed 2 repeated or non-architectural candidate event(s).
Plan,work/plans/bug-fixes/closed/2026-07-11-shared-ci-platform-portability-regressions-noref.md,2026-07-11,Restore strict C initializer and Apple Silicon bootstrap portability in CI,Bug Fix,Root/shared,Shared L0/L1,Shared L0/L1,C backend static initialization and native bootstrap reproducibility,Completed,1,Final audited decision count: 1. Reviewed in full; 2 atomic historical architectural decision events extracted. Global reconciliation removed 1 repeated or non-architectural candidate event(s).
Plan,l0/work/plans/tools/closed/2026-07-13-release-1-1-0-preparation-noref.md,2026-07-13,"Prepare, validate, and publish the Dea/L0 1.1.0 release",Tool,L0,L0,L0,Release management / documentation / distribution / CI,Closed (published),4,Final audited decision count: 4. Global atomicity review split the stable-tag namespace from the independently choosable release-notes/body contract.
Plan,work/plans/bug-fixes/closed/2026-07-13-shared-checked-runtime-contraction-alignof-noref.md,2026-07-13,Restore checked allocation-table contraction and strict C99 alignment portability,Bug Fix,Root/shared,Shared L0/L1,Shared L0/L1,Checked runtime allocation tracking and generated C portability,Completed,0,Final audited decision count: 0. Reviewed in full; 2 atomic historical architectural decision events extracted. Global reconciliation removed 2 repeated or non-architectural candidate event(s).
Plan,work/plans/tools/closed/2026-07-13-remote-publication-authorization-guardrails-noref.md,2026-07-13,Establish risk-tiered remote and publication authorization guardrails,Tool,Root/shared,Repository/tooling,Repository/tooling,Agent authorization policy / release safety / cross-repository publication,Completed,8,Final audited decision count: 8. Reviewed in full; 8 atomic historical architectural decision events extracted.
Plan,l0/work/plans/bug-fixes/closed/2026-07-14-stage1-cli-diagnostic-channel-fidelity-noref.md,2026-07-14,Decouple L0 Stage 1 diagnostics from configurable logging,Bug Fix,L0,L0,L0 Stage 1,CLI / Diagnostics / Logging,Closed (fixed),1,Final audited decision count: 1. Reviewed in full; 1 atomic historical architectural decision event extracted.
Plan,work/plans/tools/closed/2026-07-14-shared-tiered-test-validation-noref.md,2026-07-14,Add tiered test validation for routine commits,Tool,Root/shared,Repository/tooling,Repository/tooling,GNU Make test entrypoints / finalization validation / developer workflow documentation,Completed,2,Final audited decision count: 2. Reviewed in full; 5 atomic historical architectural decision events extracted. Global reconciliation removed 3 repeated or non-architectural candidate event(s).
Plan,work/plans/features/closed/2026-07-16-shared-compiler-runtime-check-basic-default-noref.md,2026-07-16,Build L0 Stage 2 and L1 Stage 1 compiler binaries with basic checked-runtime validation by default,Feature,Root/shared,Shared L0/L1,Shared L0/L1,"Compiler build workflows, checked-runtime mode selection, Make interfaces, performance",Completed,4,Final audited decision count: 4. Reviewed in full; 4 atomic historical architectural decision events extracted.
Plan,l1/work/plans/features/closed/2026-07-17-interface-fingerprint-canonicalization-and-verification-noref.md,2026-07-17,Canonicalize and verify whole-module interface fingerprints,Feature,L1,L1,L1,Module interfaces / ABI fingerprinting / compatibility diagnostics,Completed,12,Final audited decision count: 12. Filename is 2026-07-17 but metadata completion extends through 2026-07-22. This successor refines and implements the April combined fingerprint draft and is directly recorded by ADR-0019. Global reconciliation removed 1 repeated or non-architectural candidate event(s).
Plan,l1/work/plans/features/closed/2026-07-17-per-module-backend-and-lifecycle-entrypoints-noref.md,2026-07-17,Emit per-module backend output and lifecycle entry points,Feature,L1,L1,L1,Backend / C emission / module lifecycle / executable entry bridge,Completed,8,Final audited decision count: 8. This plan supersedes the April multi-CU lifecycle draft with the always-present I4init/I4fini and optional I5entry ABI recorded by ADR-0020.
Plan,l1/work/plans/features/closed/2026-07-17-separate-compilation-artifact-layout-and-module-graph-noref.md,2026-07-17,"Define separate-compilation artifact layout, interface discovery, and the module graph",Feature,L1,L1,L1,Driver / module discovery / interface closure / artifact paths,Completed,16,Final audited decision count: 16. Reviewed in full; 16 atomic historical architectural decision events extracted.
Plan,l1/work/plans/bug-fixes/closed/2026-07-20-stage1-module-graph-invariant-hardening-noref.md,2026-07-20,Harden Stage 1 module-graph failure and unit-registry invariants,Bug Fix,L1,L1,L1 Stage 1,Module graph / source-unit registry / interface projection,Completed,0,"Final audited decision count: 0. Reviewed in full. Zero events: it hardens failure caching, registry ownership, assertions, and coverage under ADR-0018 without changing graph, interface, CLI, or diagnostic contracts."
Plan,l1/work/plans/bug-fixes/closed/2026-07-20-stage1-module-interface-resolution-hardening-noref.md,2026-07-20,Harden Stage 1 module-interface resolution,Bug Fix,L1,L1,L1 Stage 1,Module graph / interface replay / signature and expression type resolution,Completed,2,Final audited decision count: 2. Reviewed in full; 3 atomic historical architectural decision events extracted. Global reconciliation removed 1 repeated or non-architectural candidate event(s).
Plan,l1/work/plans/features/closed/2026-07-17-object-metadata-emission-and-readers-noref.md,2026-07-23,Emit and read portable Dea object metadata,Feature,L1,L1,L1,Object ABI / backend / object readers / link verification boundary,Completed,14,Final audited decision count: 14. Filename is 2026-07-17; authoritative metadata Date is 2026-07-23. This successor refines and implements the April combined object-metadata draft and is directly recorded by ADR-0021.
Plan,l1/work/plans/features/closed/2026-04-22-anonymous-embedded-struct-members-noref.md,2026-07-25,Add anonymous embedded struct members via `_ : StructType`,Feature,L1,L1,L1,Struct declarations / signature analysis / field resolution / backend / ABI / docs,Closed (withdrawn),0,"Final audited decision count: 0. Filename is April-dated but metadata was rewritten to 2026-07-25. Withdrawn without implementation; the file explicitly says none of its candidate defaults are accepted, so decision_count is zero."
